Command line invocation:
    /Applications/Xcode_26.5.app/Contents/Developer/usr/bin/xcodebuild -project ios/PotatoSupervisor.xcodeproj -scheme PotatoSupervisor -destination "generic/platform=iOS Simulator" -derivedDataPath /Users/runner/work/_temp/potato-derived CODE_SIGNING_ALLOWED=NO build

Build settings from command line:
    CODE_SIGNING_ALLOWED = NO

ComputePackagePrebuildTargetDependencyGraph

Prepare packages

CreateBuildRequest

SendProjectDescription

CreateBuildOperation

ComputeTargetDependencyGraph
note: Building targets in dependency order
note: Target dependency graph (4 targets)
    Target 'PotatoSupervisor' in project 'PotatoSupervisor'
        ➜ Explicit dependency on target 'StudyMonitorExtension' in project 'PotatoSupervisor'
        ➜ Explicit dependency on target 'StudyShieldConfigurationExtension' in project 'PotatoSupervisor'
        ➜ Explicit dependency on target 'StudyShieldActionExtension' in project 'PotatoSupervisor'
    Target 'StudyShieldActionExtension' in project 'PotatoSupervisor' (no dependencies)
    Target 'StudyShieldConfigurationExtension' in project 'PotatoSupervisor' (no dependencies)
    Target 'StudyMonitorExtension' in project 'PotatoSupervisor' (no dependencies)

GatherProvisioningInputs

CreateBuildDescription

ExecuteExternalTool /Applications/Xcode_26.5.app/Contents/Developer/Toolchains/XcodeDefault.xctoolchain/usr/bin/swiftc --version

ExecuteExternalTool /Applications/Xcode_26.5.app/Contents/Developer/Toolchains/XcodeDefault.xctoolchain/usr/bin/clang -v -E -dM -isysroot /Applications/Xcode_26.5.app/Contents/Developer/Platforms/iPhoneSimulator.platform/Developer/SDKs/iPhoneSimulator26.5.sdk -x c -c /dev/null

ExecuteExternalTool /Applications/Xcode_26.5.app/Contents/Developer/Toolchains/XcodeDefault.xctoolchain/usr/bin/ld -version_details

Build description signature: bae9f293c3d12c5efdf52aa8a48794fa
Build description path: /Users/runner/work/_temp/potato-derived/Build/Intermediates.noindex/XCBuildData/bae9f293c3d12c5efdf52aa8a48794fa.xcbuilddata
CreateBuildDirectory /Users/runner/work/_temp/potato-derived/Build/Products
    cd /Users/runner/work/potato-supervisor/potato-supervisor/ios/PotatoSupervisor.xcodeproj
    builtin-create-build-directory /Users/runner/work/_temp/potato-derived/Build/Products

CreateBuildDirectory /Users/runner/work/_temp/potato-derived/Build/Intermediates.noindex
    cd /Users/runner/work/potato-supervisor/potato-supervisor/ios/PotatoSupervisor.xcodeproj
    builtin-create-build-directory /Users/runner/work/_temp/potato-derived/Build/Intermediates.noindex

ClangStatCache /Applications/Xcode_26.5.app/Contents/Developer/Toolchains/XcodeDefault.xctoolchain/usr/bin/clang-stat-cache /Applications/Xcode_26.5.app/Contents/Developer/Platforms/iPhoneSimulator.platform/Developer/SDKs/iPhoneSimulator26.5.sdk /Users/runner/work/_temp/potato-derived/SDKStatCaches.noindex/iphonesimulator26.5-23F73-688ef53f1462e2c8f657fdc38a81448ffb7d586738ff35573a713a18216ade27.sdkstatcache
    cd /Users/runner/work/potato-supervisor/potato-supervisor/ios/PotatoSupervisor.xcodeproj
    /Applications/Xcode_26.5.app/Contents/Developer/Toolchains/XcodeDefault.xctoolchain/usr/bin/clang-stat-cache /Applications/Xcode_26.5.app/Contents/Developer/Platforms/iPhoneSimulator.platform/Developer/SDKs/iPhoneSimulator26.5.sdk -o /Users/runner/work/_temp/potato-derived/SDKStatCaches.noindex/iphonesimulator26.5-23F73-688ef53f1462e2c8f657fdc38a81448ffb7d586738ff35573a713a18216ade27.sdkstatcache

WriteAuxiliaryFile /Users/runner/work/_temp/potato-derived/Build/Intermediates.noindex/PotatoSupervisor.build/Debug-iphonesimulator/PotatoSupervisor-d27f6dd597ac52eadc0ef5c58afd5521-VFS-iphonesimulator/all-product-headers.yaml
    cd /Users/runner/work/potato-supervisor/potato-supervisor/ios/PotatoSupervisor.xcodeproj
    write-file /Users/runner/work/_temp/potato-derived/Build/Intermediates.noindex/PotatoSupervisor.build/Debug-iphonesimulator/PotatoSupervisor-d27f6dd597ac52eadc0ef5c58afd5521-VFS-iphonesimulator/all-product-headers.yaml

CreateBuildDirectory /Users/runner/work/_temp/potato-derived/Build/Products/Debug-iphonesimulator
    cd /Users/runner/work/potato-supervisor/potato-supervisor/ios/PotatoSupervisor.xcodeproj
    builtin-create-build-directory /Users/runner/work/_temp/potato-derived/Build/Products/Debug-iphonesimulator

CreateBuildDirectory /Users/runner/work/_temp/potato-derived/Build/Intermediates.noindex/SwiftExplicitPrecompiledModules
    cd /Users/runner/work/potato-supervisor/potato-supervisor/ios/PotatoSupervisor.xcodeproj
    builtin-create-build-directory /Users/runner/work/_temp/potato-derived/Build/Intermediates.noindex/SwiftExplicitPrecompiledModules

CreateBuildDirectory /Users/runner/work/_temp/potato-derived/Build/Intermediates.noindex/ExplicitPrecompiledModules
    cd /Users/runner/work/potato-supervisor/potato-supervisor/ios/PotatoSupervisor.xcodeproj
    builtin-create-build-directory /Users/runner/work/_temp/potato-derived/Build/Intermediates.noindex/ExplicitPrecompiledModules

CreateBuildDirectory /Users/runner/work/_temp/potato-derived/Build/Intermediates.noindex/EagerLinkingTBDs/Debug-iphonesimulator
    cd /Users/runner/work/potato-supervisor/potato-supervisor/ios/PotatoSupervisor.xcodeproj
    builtin-create-build-directory /Users/runner/work/_temp/potato-derived/Build/Intermediates.noindex/EagerLinkingTBDs/Debug-iphonesimulator

WriteAuxiliaryFile /Users/runner/work/_temp/potato-derived/Build/Intermediates.noindex/PotatoSupervisor.build/Debug-iphonesimulator/StudyShieldConfigurationExtension.build/StudyShieldConfigurationExtension.hmap (in target 'StudyShieldConfigurationExtension' from project 'PotatoSupervisor')
    cd /Users/runner/work/potato-supervisor/potato-supervisor/ios
    write-file /Users/runner/work/_temp/potato-derived/Build/Intermediates.noindex/PotatoSupervisor.build/Debug-iphonesimulator/StudyShieldConfigurationExtension.build/StudyShieldConfigurationExtension.hmap

WriteAuxiliaryFile /Users/runner/work/_temp/potato-derived/Build/Intermediates.noindex/PotatoSupervisor.build/Debug-iphonesimulator/StudyShieldConfigurationExtension.build/StudyShieldConfigurationExtension.DependencyStaticMetadataFileList (in target 'StudyShieldConfigurationExtension' from project 'PotatoSupervisor')
    cd /Users/runner/work/potato-supervisor/potato-supervisor/ios
    write-file /Users/runner/work/_temp/potato-derived/Build/Intermediates.noindex/PotatoSupervisor.build/Debug-iphonesimulator/StudyShieldConfigurationExtension.build/StudyShieldConfigurationExtension.DependencyStaticMetadataFileList

WriteAuxiliaryFile /Users/runner/work/_temp/potato-derived/Build/Intermediates.noindex/PotatoSupervisor.build/Debug-iphonesimulator/StudyShieldConfigurationExtension.build/StudyShieldConfigurationExtension.DependencyMetadataFileList (in target 'StudyShieldConfigurationExtension' from project 'PotatoSupervisor')
    cd /Users/runner/work/potato-supervisor/potato-supervisor/ios
    write-file /Users/runner/work/_temp/potato-derived/Build/Intermediates.noindex/PotatoSupervisor.build/Debug-iphonesimulator/StudyShieldConfigurationExtension.build/StudyShieldConfigurationExtension.DependencyMetadataFileList

WriteAuxiliaryFile /Users/runner/work/_temp/potato-derived/Build/Intermediates.noindex/PotatoSupervisor.build/Debug-iphonesimulator/StudyShieldConfigurationExtension.build/StudyShieldConfigurationExtension-project-headers.hmap (in target 'StudyShieldConfigurationExtension' from project 'PotatoSupervisor')
    cd /Users/runner/work/potato-supervisor/potato-supervisor/ios
    write-file /Users/runner/work/_temp/potato-derived/Build/Intermediates.noindex/PotatoSupervisor.build/Debug-iphonesimulator/StudyShieldConfigurationExtension.build/StudyShieldConfigurationExtension-project-headers.hmap

WriteAuxiliaryFile /Users/runner/work/_temp/potato-derived/Build/Intermediates.noindex/PotatoSupervisor.build/Debug-iphonesimulator/StudyShieldConfigurationExtension.build/StudyShieldConfigurationExtension-own-target-headers.hmap (in target 'StudyShieldConfigurationExtension' from project 'PotatoSupervisor')
    cd /Users/runner/work/potato-supervisor/potato-supervisor/ios
    write-file /Users/runner/work/_temp/potato-derived/Build/Intermediates.noindex/PotatoSupervisor.build/Debug-iphonesimulator/StudyShieldConfigurationExtension.build/StudyShieldConfigurationExtension-own-target-headers.hmap

WriteAuxiliaryFile /Users/runner/work/_temp/potato-derived/Build/Intermediates.noindex/PotatoSupervisor.build/Debug-iphonesimulator/StudyShieldConfigurationExtension.build/StudyShieldConfigurationExtension-generated-files.hmap (in target 'StudyShieldConfigurationExtension' from project 'PotatoSupervisor')
    cd /Users/runner/work/potato-supervisor/potato-supervisor/ios
    write-file /Users/runner/work/_temp/potato-derived/Build/Intermediates.noindex/PotatoSupervisor.build/Debug-iphonesimulator/StudyShieldConfigurationExtension.build/StudyShieldConfigurationExtension-generated-files.hmap

WriteAuxiliaryFile /Users/runner/work/_temp/potato-derived/Build/Intermediates.noindex/PotatoSupervisor.build/Debug-iphonesimulator/StudyShieldConfigurationExtension.build/StudyShieldConfigurationExtension-all-target-headers.hmap (in target 'StudyShieldConfigurationExtension' from project 'PotatoSupervisor')
    cd /Users/runner/work/potato-supervisor/potato-supervisor/ios
    write-file /Users/runner/work/_temp/potato-derived/Build/Intermediates.noindex/PotatoSupervisor.build/Debug-iphonesimulator/StudyShieldConfigurationExtension.build/StudyShieldConfigurationExtension-all-target-headers.hmap

WriteAuxiliaryFile /Users/runner/work/_temp/potato-derived/Build/Intermediates.noindex/PotatoSupervisor.build/Debug-iphonesimulator/StudyShieldConfigurationExtension.build/StudyShieldConfigurationExtension-all-non-framework-target-headers.hmap (in target 'StudyShieldConfigurationExtension' from project 'PotatoSupervisor')
    cd /Users/runner/work/potato-supervisor/potato-supervisor/ios
    write-file /Users/runner/work/_temp/potato-derived/Build/Intermediates.noindex/PotatoSupervisor.build/Debug-iphonesimulator/StudyShieldConfigurationExtension.build/StudyShieldConfigurationExtension-all-non-framework-target-headers.hmap

WriteAuxiliaryFile /Users/runner/work/_temp/potato-derived/Build/Intermediates.noindex/PotatoSupervisor.build/Debug-iphonesimulator/StudyShieldConfigurationExtension.build/StudyShieldConfigurationExtension-DebugEntryPoint-normal-x86_64.txt (in target 'StudyShieldConfigurationExtension' from project 'PotatoSupervisor')
    cd /Users/runner/work/potato-supervisor/potato-supervisor/ios
    write-file /Users/runner/work/_temp/potato-derived/Build/Intermediates.noindex/PotatoSupervisor.build/Debug-iphonesimulator/StudyShieldConfigurationExtension.build/StudyShieldConfigurationExtension-DebugEntryPoint-normal-x86_64.txt

WriteAuxiliaryFile /Users/runner/work/_temp/potato-derived/Build/Intermediates.noindex/PotatoSupervisor.build/Debug-iphonesimulator/StudyShieldConfigurationExtension.build/StudyShieldConfigurationExtension-DebugEntryPoint-normal-arm64.txt (in target 'StudyShieldConfigurationExtension' from project 'PotatoSupervisor')
    cd /Users/runner/work/potato-supervisor/potato-supervisor/ios
    write-file /Users/runner/work/_temp/potato-derived/Build/Intermediates.noindex/PotatoSupervisor.build/Debug-iphonesimulator/StudyShieldConfigurationExtension.build/StudyShieldConfigurationExtension-DebugEntryPoint-normal-arm64.txt

WriteAuxiliaryFile /Users/runner/work/_temp/potato-derived/Build/Intermediates.noindex/PotatoSupervisor.build/Debug-iphonesimulator/StudyShieldConfigurationExtension.build/StudyShieldConfigurationExtension-DebugDylibPath-normal-x86_64.txt (in target 'StudyShieldConfigurationExtension' from project 'PotatoSupervisor')
    cd /Users/runner/work/potato-supervisor/potato-supervisor/ios
    write-file /Users/runner/work/_temp/potato-derived/Build/Intermediates.noindex/PotatoSupervisor.build/Debug-iphonesimulator/StudyShieldConfigurationExtension.build/StudyShieldConfigurationExtension-DebugDylibPath-normal-x86_64.txt

WriteAuxiliaryFile /Users/runner/work/_temp/potato-derived/Build/Intermediates.noindex/PotatoSupervisor.build/Debug-iphonesimulator/StudyShieldConfigurationExtension.build/StudyShieldConfigurationExtension-DebugDylibPath-normal-arm64.txt (in target 'StudyShieldConfigurationExtension' from project 'PotatoSupervisor')
    cd /Users/runner/work/potato-supervisor/potato-supervisor/ios
    write-file /Users/runner/work/_temp/potato-derived/Build/Intermediates.noindex/PotatoSupervisor.build/Debug-iphonesimulator/StudyShieldConfigurationExtension.build/StudyShieldConfigurationExtension-DebugDylibPath-normal-arm64.txt

WriteAuxiliaryFile /Users/runner/work/_temp/potato-derived/Build/Intermediates.noindex/PotatoSupervisor.build/Debug-iphonesimulator/StudyShieldConfigurationExtension.build/StudyShieldConfigurationExtension-DebugDylibInstallName-normal-x86_64.txt (in target 'StudyShieldConfigurationExtension' from project 'PotatoSupervisor')
    cd /Users/runner/work/potato-supervisor/potato-supervisor/ios
    write-file /Users/runner/work/_temp/potato-derived/Build/Intermediates.noindex/PotatoSupervisor.build/Debug-iphonesimulator/StudyShieldConfigurationExtension.build/StudyShieldConfigurationExtension-DebugDylibInstallName-normal-x86_64.txt

WriteAuxiliaryFile /Users/runner/work/_temp/potato-derived/Build/Intermediates.noindex/PotatoSupervisor.build/Debug-iphonesimulator/StudyShieldConfigurationExtension.build/StudyShieldConfigurationExtension-DebugDylibInstallName-normal-arm64.txt (in target 'StudyShieldConfigurationExtension' from project 'PotatoSupervisor')
    cd /Users/runner/work/potato-supervisor/potato-supervisor/ios
    write-file /Users/runner/work/_temp/potato-derived/Build/Intermediates.noindex/PotatoSupervisor.build/Debug-iphonesimulator/StudyShieldConfigurationExtension.build/StudyShieldConfigurationExtension-DebugDylibInstallName-normal-arm64.txt

WriteAuxiliaryFile /Users/runner/work/_temp/potato-derived/Build/Intermediates.noindex/PotatoSupervisor.build/Debug-iphonesimulator/StudyShieldConfigurationExtension.build/Objects-normal/x86_64/StudyShieldConfigurationExtension_const_extract_protocols.json (in target 'StudyShieldConfigurationExtension' from project 'PotatoSupervisor')
    cd /Users/runner/work/potato-supervisor/potato-supervisor/ios
    write-file /Users/runner/work/_temp/potato-derived/Build/Intermediates.noindex/PotatoSupervisor.build/Debug-iphonesimulator/StudyShieldConfigurationExtension.build/Objects-normal/x86_64/StudyShieldConfigurationExtension_const_extract_protocols.json

WriteAuxiliaryFile /Users/runner/work/_temp/potato-derived/Build/Intermediates.noindex/PotatoSupervisor.build/Debug-iphonesimulator/StudyShieldConfigurationExtension.build/Objects-normal/x86_64/StudyShieldConfigurationExtension.SwiftFileList (in target 'StudyShieldConfigurationExtension' from project 'PotatoSupervisor')
    cd /Users/runner/work/potato-supervisor/potato-supervisor/ios
    write-file /Users/runner/work/_temp/potato-derived/Build/Intermediates.noindex/PotatoSupervisor.build/Debug-iphonesimulator/StudyShieldConfigurationExtension.build/Objects-normal/x86_64/StudyShieldConfigurationExtension.SwiftFileList

WriteAuxiliaryFile /Users/runner/work/_temp/potato-derived/Build/Intermediates.noindex/PotatoSupervisor.build/Debug-iphonesimulator/StudyShieldConfigurationExtension.build/Objects-normal/x86_64/StudyShieldConfigurationExtension.SwiftConstValuesFileList (in target 'StudyShieldConfigurationExtension' from project 'PotatoSupervisor')
    cd /Users/runner/work/potato-supervisor/potato-supervisor/ios
    write-file /Users/runner/work/_temp/potato-derived/Build/Intermediates.noindex/PotatoSupervisor.build/Debug-iphonesimulator/StudyShieldConfigurationExtension.build/Objects-normal/x86_64/StudyShieldConfigurationExtension.SwiftConstValuesFileList

WriteAuxiliaryFile /Users/runner/work/_temp/potato-derived/Build/Intermediates.noindex/PotatoSupervisor.build/Debug-iphonesimulator/StudyShieldConfigurationExtension.build/Objects-normal/x86_64/StudyShieldConfigurationExtension.LinkFileList (in target 'StudyShieldConfigurationExtension' from project 'PotatoSupervisor')
    cd /Users/runner/work/potato-supervisor/potato-supervisor/ios
    write-file /Users/runner/work/_temp/potato-derived/Build/Intermediates.noindex/PotatoSupervisor.build/Debug-iphonesimulator/StudyShieldConfigurationExtension.build/Objects-normal/x86_64/StudyShieldConfigurationExtension.LinkFileList

WriteAuxiliaryFile /Users/runner/work/_temp/potato-derived/Build/Intermediates.noindex/PotatoSupervisor.build/Debug-iphonesimulator/StudyShieldConfigurationExtension.build/Objects-normal/x86_64/StudyShieldConfigurationExtension-OutputFileMap.json (in target 'StudyShieldConfigurationExtension' from project 'PotatoSupervisor')
    cd /Users/runner/work/potato-supervisor/potato-supervisor/ios
    write-file /Users/runner/work/_temp/potato-derived/Build/Intermediates.noindex/PotatoSupervisor.build/Debug-iphonesimulator/StudyShieldConfigurationExtension.build/Objects-normal/x86_64/StudyShieldConfigurationExtension-OutputFileMap.json

WriteAuxiliaryFile /Users/runner/work/_temp/potato-derived/Build/Intermediates.noindex/PotatoSupervisor.build/Debug-iphonesimulator/StudyShieldConfigurationExtension.build/Objects-normal/arm64/StudyShieldConfigurationExtension_const_extract_protocols.json (in target 'StudyShieldConfigurationExtension' from project 'PotatoSupervisor')
    cd /Users/runner/work/potato-supervisor/potato-supervisor/ios
    write-file /Users/runner/work/_temp/potato-derived/Build/Intermediates.noindex/PotatoSupervisor.build/Debug-iphonesimulator/StudyShieldConfigurationExtension.build/Objects-normal/arm64/StudyShieldConfigurationExtension_const_extract_protocols.json

WriteAuxiliaryFile /Users/runner/work/_temp/potato-derived/Build/Intermediates.noindex/PotatoSupervisor.build/Debug-iphonesimulator/StudyShieldConfigurationExtension.build/Objects-normal/arm64/StudyShieldConfigurationExtension.SwiftFileList (in target 'StudyShieldConfigurationExtension' from project 'PotatoSupervisor')
    cd /Users/runner/work/potato-supervisor/potato-supervisor/ios
    write-file /Users/runner/work/_temp/potato-derived/Build/Intermediates.noindex/PotatoSupervisor.build/Debug-iphonesimulator/StudyShieldConfigurationExtension.build/Objects-normal/arm64/StudyShieldConfigurationExtension.SwiftFileList

WriteAuxiliaryFile /Users/runner/work/_temp/potato-derived/Build/Intermediates.noindex/PotatoSupervisor.build/Debug-iphonesimulator/StudyShieldConfigurationExtension.build/Objects-normal/arm64/StudyShieldConfigurationExtension.SwiftConstValuesFileList (in target 'StudyShieldConfigurationExtension' from project 'PotatoSupervisor')
    cd /Users/runner/work/potato-supervisor/potato-supervisor/ios
    write-file /Users/runner/work/_temp/potato-derived/Build/Intermediates.noindex/PotatoSupervisor.build/Debug-iphonesimulator/StudyShieldConfigurationExtension.build/Objects-normal/arm64/StudyShieldConfigurationExtension.SwiftConstValuesFileList

WriteAuxiliaryFile /Users/runner/work/_temp/potato-derived/Build/Intermediates.noindex/PotatoSupervisor.build/Debug-iphonesimulator/StudyShieldConfigurationExtension.build/Objects-normal/arm64/StudyShieldConfigurationExtension.LinkFileList (in target 'StudyShieldConfigurationExtension' from project 'PotatoSupervisor')
    cd /Users/runner/work/potato-supervisor/potato-supervisor/ios
    write-file /Users/runner/work/_temp/potato-derived/Build/Intermediates.noindex/PotatoSupervisor.build/Debug-iphonesimulator/StudyShieldConfigurationExtension.build/Objects-normal/arm64/StudyShieldConfigurationExtension.LinkFileList

WriteAuxiliaryFile /Users/runner/work/_temp/potato-derived/Build/Intermediates.noindex/PotatoSupervisor.build/Debug-iphonesimulator/StudyShieldConfigurationExtension.build/Objects-normal/arm64/StudyShieldConfigurationExtension-OutputFileMap.json (in target 'StudyShieldConfigurationExtension' from project 'PotatoSupervisor')
    cd /Users/runner/work/potato-supervisor/potato-supervisor/ios
    write-file /Users/runner/work/_temp/potato-derived/Build/Intermediates.noindex/PotatoSupervisor.build/Debug-iphonesimulator/StudyShieldConfigurationExtension.build/Objects-normal/arm64/StudyShieldConfigurationExtension-OutputFileMap.json

MkDir /Users/runner/work/_temp/potato-derived/Build/Products/Debug-iphonesimulator/StudyShieldConfigurationExtension.appex (in target 'StudyShieldConfigurationExtension' from project 'PotatoSupervisor')
    cd /Users/runner/work/potato-supervisor/potato-supervisor/ios
    /bin/mkdir -p /Users/runner/work/_temp/potato-derived/Build/Products/Debug-iphonesimulator/StudyShieldConfigurationExtension.appex

WriteAuxiliaryFile /Users/runner/work/_temp/potato-derived/Build/Intermediates.noindex/PotatoSupervisor.build/Debug-iphonesimulator/StudyShieldActionExtension.build/StudyShieldActionExtension.DependencyStaticMetadataFileList (in target 'StudyShieldActionExtension' from project 'PotatoSupervisor')
    cd /Users/runner/work/potato-supervisor/potato-supervisor/ios
    write-file /Users/runner/work/_temp/potato-derived/Build/Intermediates.noindex/PotatoSupervisor.build/Debug-iphonesimulator/StudyShieldActionExtension.build/StudyShieldActionExtension.DependencyStaticMetadataFileList

WriteAuxiliaryFile /Users/runner/work/_temp/potato-derived/Build/Intermediates.noindex/PotatoSupervisor.build/Debug-iphonesimulator/StudyShieldActionExtension.build/StudyShieldActionExtension.hmap (in target 'StudyShieldActionExtension' from project 'PotatoSupervisor')
    cd /Users/runner/work/potato-supervisor/potato-supervisor/ios
    write-file /Users/runner/work/_temp/potato-derived/Build/Intermediates.noindex/PotatoSupervisor.build/Debug-iphonesimulator/StudyShieldActionExtension.build/StudyShieldActionExtension.hmap

WriteAuxiliaryFile /Users/runner/work/_temp/potato-derived/Build/Intermediates.noindex/PotatoSupervisor.build/Debug-iphonesimulator/StudyShieldActionExtension.build/StudyShieldActionExtension.DependencyMetadataFileList (in target 'StudyShieldActionExtension' from project 'PotatoSupervisor')
    cd /Users/runner/work/potato-supervisor/potato-supervisor/ios
    write-file /Users/runner/work/_temp/potato-derived/Build/Intermediates.noindex/PotatoSupervisor.build/Debug-iphonesimulator/StudyShieldActionExtension.build/StudyShieldActionExtension.DependencyMetadataFileList

WriteAuxiliaryFile /Users/runner/work/_temp/potato-derived/Build/Intermediates.noindex/PotatoSupervisor.build/Debug-iphonesimulator/StudyShieldActionExtension.build/StudyShieldActionExtension-project-headers.hmap (in target 'StudyShieldActionExtension' from project 'PotatoSupervisor')
    cd /Users/runner/work/potato-supervisor/potato-supervisor/ios
    write-file /Users/runner/work/_temp/potato-derived/Build/Intermediates.noindex/PotatoSupervisor.build/Debug-iphonesimulator/StudyShieldActionExtension.build/StudyShieldActionExtension-project-headers.hmap

WriteAuxiliaryFile /Users/runner/work/_temp/potato-derived/Build/Intermediates.noindex/PotatoSupervisor.build/Debug-iphonesimulator/StudyShieldActionExtension.build/StudyShieldActionExtension-own-target-headers.hmap (in target 'StudyShieldActionExtension' from project 'PotatoSupervisor')
    cd /Users/runner/work/potato-supervisor/potato-supervisor/ios
    write-file /Users/runner/work/_temp/potato-derived/Build/Intermediates.noindex/PotatoSupervisor.build/Debug-iphonesimulator/StudyShieldActionExtension.build/StudyShieldActionExtension-own-target-headers.hmap

WriteAuxiliaryFile /Users/runner/work/_temp/potato-derived/Build/Intermediates.noindex/PotatoSupervisor.build/Debug-iphonesimulator/StudyShieldActionExtension.build/StudyShieldActionExtension-generated-files.hmap (in target 'StudyShieldActionExtension' from project 'PotatoSupervisor')
    cd /Users/runner/work/potato-supervisor/potato-supervisor/ios
    write-file /Users/runner/work/_temp/potato-derived/Build/Intermediates.noindex/PotatoSupervisor.build/Debug-iphonesimulator/StudyShieldActionExtension.build/StudyShieldActionExtension-generated-files.hmap

WriteAuxiliaryFile /Users/runner/work/_temp/potato-derived/Build/Intermediates.noindex/PotatoSupervisor.build/Debug-iphonesimulator/StudyShieldActionExtension.build/StudyShieldActionExtension-all-target-headers.hmap (in target 'StudyShieldActionExtension' from project 'PotatoSupervisor')
    cd /Users/runner/work/potato-supervisor/potato-supervisor/ios
    write-file /Users/runner/work/_temp/potato-derived/Build/Intermediates.noindex/PotatoSupervisor.build/Debug-iphonesimulator/StudyShieldActionExtension.build/StudyShieldActionExtension-all-target-headers.hmap

WriteAuxiliaryFile /Users/runner/work/_temp/potato-derived/Build/Intermediates.noindex/PotatoSupervisor.build/Debug-iphonesimulator/StudyShieldActionExtension.build/StudyShieldActionExtension-all-non-framework-target-headers.hmap (in target 'StudyShieldActionExtension' from project 'PotatoSupervisor')
    cd /Users/runner/work/potato-supervisor/potato-supervisor/ios
    write-file /Users/runner/work/_temp/potato-derived/Build/Intermediates.noindex/PotatoSupervisor.build/Debug-iphonesimulator/StudyShieldActionExtension.build/StudyShieldActionExtension-all-non-framework-target-headers.hmap

WriteAuxiliaryFile /Users/runner/work/_temp/potato-derived/Build/Intermediates.noindex/PotatoSupervisor.build/Debug-iphonesimulator/StudyShieldActionExtension.build/StudyShieldActionExtension-DebugEntryPoint-normal-x86_64.txt (in target 'StudyShieldActionExtension' from project 'PotatoSupervisor')
    cd /Users/runner/work/potato-supervisor/potato-supervisor/ios
    write-file /Users/runner/work/_temp/potato-derived/Build/Intermediates.noindex/PotatoSupervisor.build/Debug-iphonesimulator/StudyShieldActionExtension.build/StudyShieldActionExtension-DebugEntryPoint-normal-x86_64.txt

WriteAuxiliaryFile /Users/runner/work/_temp/potato-derived/Build/Intermediates.noindex/PotatoSupervisor.build/Debug-iphonesimulator/StudyShieldActionExtension.build/StudyShieldActionExtension-DebugEntryPoint-normal-arm64.txt (in target 'StudyShieldActionExtension' from project 'PotatoSupervisor')
    cd /Users/runner/work/potato-supervisor/potato-supervisor/ios
    write-file /Users/runner/work/_temp/potato-derived/Build/Intermediates.noindex/PotatoSupervisor.build/Debug-iphonesimulator/StudyShieldActionExtension.build/StudyShieldActionExtension-DebugEntryPoint-normal-arm64.txt

WriteAuxiliaryFile /Users/runner/work/_temp/potato-derived/Build/Intermediates.noindex/PotatoSupervisor.build/Debug-iphonesimulator/StudyShieldActionExtension.build/StudyShieldActionExtension-DebugDylibPath-normal-x86_64.txt (in target 'StudyShieldActionExtension' from project 'PotatoSupervisor')
    cd /Users/runner/work/potato-supervisor/potato-supervisor/ios
    write-file /Users/runner/work/_temp/potato-derived/Build/Intermediates.noindex/PotatoSupervisor.build/Debug-iphonesimulator/StudyShieldActionExtension.build/StudyShieldActionExtension-DebugDylibPath-normal-x86_64.txt

WriteAuxiliaryFile /Users/runner/work/_temp/potato-derived/Build/Intermediates.noindex/PotatoSupervisor.build/Debug-iphonesimulator/StudyShieldActionExtension.build/StudyShieldActionExtension-DebugDylibPath-normal-arm64.txt (in target 'StudyShieldActionExtension' from project 'PotatoSupervisor')
    cd /Users/runner/work/potato-supervisor/potato-supervisor/ios
    write-file /Users/runner/work/_temp/potato-derived/Build/Intermediates.noindex/PotatoSupervisor.build/Debug-iphonesimulator/StudyShieldActionExtension.build/StudyShieldActionExtension-DebugDylibPath-normal-arm64.txt

WriteAuxiliaryFile /Users/runner/work/_temp/potato-derived/Build/Intermediates.noindex/PotatoSupervisor.build/Debug-iphonesimulator/StudyShieldActionExtension.build/StudyShieldActionExtension-DebugDylibInstallName-normal-x86_64.txt (in target 'StudyShieldActionExtension' from project 'PotatoSupervisor')
    cd /Users/runner/work/potato-supervisor/potato-supervisor/ios
    write-file /Users/runner/work/_temp/potato-derived/Build/Intermediates.noindex/PotatoSupervisor.build/Debug-iphonesimulator/StudyShieldActionExtension.build/StudyShieldActionExtension-DebugDylibInstallName-normal-x86_64.txt

WriteAuxiliaryFile /Users/runner/work/_temp/potato-derived/Build/Intermediates.noindex/PotatoSupervisor.build/Debug-iphonesimulator/StudyShieldActionExtension.build/StudyShieldActionExtension-DebugDylibInstallName-normal-arm64.txt (in target 'StudyShieldActionExtension' from project 'PotatoSupervisor')
    cd /Users/runner/work/potato-supervisor/potato-supervisor/ios
    write-file /Users/runner/work/_temp/potato-derived/Build/Intermediates.noindex/PotatoSupervisor.build/Debug-iphonesimulator/StudyShieldActionExtension.build/StudyShieldActionExtension-DebugDylibInstallName-normal-arm64.txt

WriteAuxiliaryFile /Users/runner/work/_temp/potato-derived/Build/Intermediates.noindex/PotatoSupervisor.build/Debug-iphonesimulator/StudyShieldActionExtension.build/Objects-normal/x86_64/StudyShieldActionExtension_const_extract_protocols.json (in target 'StudyShieldActionExtension' from project 'PotatoSupervisor')
    cd /Users/runner/work/potato-supervisor/potato-supervisor/ios
    write-file /Users/runner/work/_temp/potato-derived/Build/Intermediates.noindex/PotatoSupervisor.build/Debug-iphonesimulator/StudyShieldActionExtension.build/Objects-normal/x86_64/StudyShieldActionExtension_const_extract_protocols.json

WriteAuxiliaryFile /Users/runner/work/_temp/potato-derived/Build/Intermediates.noindex/PotatoSupervisor.build/Debug-iphonesimulator/StudyShieldActionExtension.build/Objects-normal/x86_64/StudyShieldActionExtension.SwiftFileList (in target 'StudyShieldActionExtension' from project 'PotatoSupervisor')
    cd /Users/runner/work/potato-supervisor/potato-supervisor/ios
    write-file /Users/runner/work/_temp/potato-derived/Build/Intermediates.noindex/PotatoSupervisor.build/Debug-iphonesimulator/StudyShieldActionExtension.build/Objects-normal/x86_64/StudyShieldActionExtension.SwiftFileList

WriteAuxiliaryFile /Users/runner/work/_temp/potato-derived/Build/Intermediates.noindex/PotatoSupervisor.build/Debug-iphonesimulator/StudyShieldActionExtension.build/Objects-normal/x86_64/StudyShieldActionExtension.SwiftConstValuesFileList (in target 'StudyShieldActionExtension' from project 'PotatoSupervisor')
    cd /Users/runner/work/potato-supervisor/potato-supervisor/ios
    write-file /Users/runner/work/_temp/potato-derived/Build/Intermediates.noindex/PotatoSupervisor.build/Debug-iphonesimulator/StudyShieldActionExtension.build/Objects-normal/x86_64/StudyShieldActionExtension.SwiftConstValuesFileList

WriteAuxiliaryFile /Users/runner/work/_temp/potato-derived/Build/Intermediates.noindex/PotatoSupervisor.build/Debug-iphonesimulator/StudyShieldActionExtension.build/Objects-normal/x86_64/StudyShieldActionExtension.LinkFileList (in target 'StudyShieldActionExtension' from project 'PotatoSupervisor')
    cd /Users/runner/work/potato-supervisor/potato-supervisor/ios
    write-file /Users/runner/work/_temp/potato-derived/Build/Intermediates.noindex/PotatoSupervisor.build/Debug-iphonesimulator/StudyShieldActionExtension.build/Objects-normal/x86_64/StudyShieldActionExtension.LinkFileList

WriteAuxiliaryFile /Users/runner/work/_temp/potato-derived/Build/Intermediates.noindex/PotatoSupervisor.build/Debug-iphonesimulator/StudyShieldActionExtension.build/Objects-normal/x86_64/StudyShieldActionExtension-OutputFileMap.json (in target 'StudyShieldActionExtension' from project 'PotatoSupervisor')
    cd /Users/runner/work/potato-supervisor/potato-supervisor/ios
    write-file /Users/runner/work/_temp/potato-derived/Build/Intermediates.noindex/PotatoSupervisor.build/Debug-iphonesimulator/StudyShieldActionExtension.build/Objects-normal/x86_64/StudyShieldActionExtension-OutputFileMap.json

WriteAuxiliaryFile /Users/runner/work/_temp/potato-derived/Build/Intermediates.noindex/PotatoSupervisor.build/Debug-iphonesimulator/StudyShieldActionExtension.build/Objects-normal/arm64/StudyShieldActionExtension_const_extract_protocols.json (in target 'StudyShieldActionExtension' from project 'PotatoSupervisor')
    cd /Users/runner/work/potato-supervisor/potato-supervisor/ios
    write-file /Users/runner/work/_temp/potato-derived/Build/Intermediates.noindex/PotatoSupervisor.build/Debug-iphonesimulator/StudyShieldActionExtension.build/Objects-normal/arm64/StudyShieldActionExtension_const_extract_protocols.json

WriteAuxiliaryFile /Users/runner/work/_temp/potato-derived/Build/Intermediates.noindex/PotatoSupervisor.build/Debug-iphonesimulator/StudyShieldActionExtension.build/Objects-normal/arm64/StudyShieldActionExtension.SwiftFileList (in target 'StudyShieldActionExtension' from project 'PotatoSupervisor')
    cd /Users/runner/work/potato-supervisor/potato-supervisor/ios
    write-file /Users/runner/work/_temp/potato-derived/Build/Intermediates.noindex/PotatoSupervisor.build/Debug-iphonesimulator/StudyShieldActionExtension.build/Objects-normal/arm64/StudyShieldActionExtension.SwiftFileList

WriteAuxiliaryFile /Users/runner/work/_temp/potato-derived/Build/Intermediates.noindex/PotatoSupervisor.build/Debug-iphonesimulator/StudyShieldActionExtension.build/Objects-normal/arm64/StudyShieldActionExtension.SwiftConstValuesFileList (in target 'StudyShieldActionExtension' from project 'PotatoSupervisor')
    cd /Users/runner/work/potato-supervisor/potato-supervisor/ios
    write-file /Users/runner/work/_temp/potato-derived/Build/Intermediates.noindex/PotatoSupervisor.build/Debug-iphonesimulator/StudyShieldActionExtension.build/Objects-normal/arm64/StudyShieldActionExtension.SwiftConstValuesFileList

WriteAuxiliaryFile /Users/runner/work/_temp/potato-derived/Build/Intermediates.noindex/PotatoSupervisor.build/Debug-iphonesimulator/StudyShieldActionExtension.build/Objects-normal/arm64/StudyShieldActionExtension.LinkFileList (in target 'StudyShieldActionExtension' from project 'PotatoSupervisor')
    cd /Users/runner/work/potato-supervisor/potato-supervisor/ios
    write-file /Users/runner/work/_temp/potato-derived/Build/Intermediates.noindex/PotatoSupervisor.build/Debug-iphonesimulator/StudyShieldActionExtension.build/Objects-normal/arm64/StudyShieldActionExtension.LinkFileList

WriteAuxiliaryFile /Users/runner/work/_temp/potato-derived/Build/Intermediates.noindex/PotatoSupervisor.build/Debug-iphonesimulator/StudyShieldActionExtension.build/Objects-normal/arm64/StudyShieldActionExtension-OutputFileMap.json (in target 'StudyShieldActionExtension' from project 'PotatoSupervisor')
    cd /Users/runner/work/potato-supervisor/potato-supervisor/ios
    write-file /Users/runner/work/_temp/potato-derived/Build/Intermediates.noindex/PotatoSupervisor.build/Debug-iphonesimulator/StudyShieldActionExtension.build/Objects-normal/arm64/StudyShieldActionExtension-OutputFileMap.json

WriteAuxiliaryFile /Users/runner/work/_temp/potato-derived/Build/Intermediates.noindex/PotatoSupervisor.build/Debug-iphonesimulator/StudyMonitorExtension.build/StudyMonitorExtension.hmap (in target 'StudyMonitorExtension' from project 'PotatoSupervisor')
    cd /Users/runner/work/potato-supervisor/potato-supervisor/ios
    write-file /Users/runner/work/_temp/potato-derived/Build/Intermediates.noindex/PotatoSupervisor.build/Debug-iphonesimulator/StudyMonitorExtension.build/StudyMonitorExtension.hmap

WriteAuxiliaryFile /Users/runner/work/_temp/potato-derived/Build/Intermediates.noindex/PotatoSupervisor.build/Debug-iphonesimulator/StudyMonitorExtension.build/StudyMonitorExtension.DependencyStaticMetadataFileList (in target 'StudyMonitorExtension' from project 'PotatoSupervisor')
    cd /Users/runner/work/potato-supervisor/potato-supervisor/ios
    write-file /Users/runner/work/_temp/potato-derived/Build/Intermediates.noindex/PotatoSupervisor.build/Debug-iphonesimulator/StudyMonitorExtension.build/StudyMonitorExtension.DependencyStaticMetadataFileList

WriteAuxiliaryFile /Users/runner/work/_temp/potato-derived/Build/Intermediates.noindex/PotatoSupervisor.build/Debug-iphonesimulator/StudyMonitorExtension.build/StudyMonitorExtension.DependencyMetadataFileList (in target 'StudyMonitorExtension' from project 'PotatoSupervisor')
    cd /Users/runner/work/potato-supervisor/potato-supervisor/ios
    write-file /Users/runner/work/_temp/potato-derived/Build/Intermediates.noindex/PotatoSupervisor.build/Debug-iphonesimulator/StudyMonitorExtension.build/StudyMonitorExtension.DependencyMetadataFileList

WriteAuxiliaryFile /Users/runner/work/_temp/potato-derived/Build/Intermediates.noindex/PotatoSupervisor.build/Debug-iphonesimulator/StudyMonitorExtension.build/StudyMonitorExtension-project-headers.hmap (in target 'StudyMonitorExtension' from project 'PotatoSupervisor')
    cd /Users/runner/work/potato-supervisor/potato-supervisor/ios
    write-file /Users/runner/work/_temp/potato-derived/Build/Intermediates.noindex/PotatoSupervisor.build/Debug-iphonesimulator/StudyMonitorExtension.build/StudyMonitorExtension-project-headers.hmap

WriteAuxiliaryFile /Users/runner/work/_temp/potato-derived/Build/Intermediates.noindex/PotatoSupervisor.build/Debug-iphonesimulator/StudyMonitorExtension.build/StudyMonitorExtension-own-target-headers.hmap (in target 'StudyMonitorExtension' from project 'PotatoSupervisor')
    cd /Users/runner/work/potato-supervisor/potato-supervisor/ios
    write-file /Users/runner/work/_temp/potato-derived/Build/Intermediates.noindex/PotatoSupervisor.build/Debug-iphonesimulator/StudyMonitorExtension.build/StudyMonitorExtension-own-target-headers.hmap

WriteAuxiliaryFile /Users/runner/work/_temp/potato-derived/Build/Intermediates.noindex/PotatoSupervisor.build/Debug-iphonesimulator/StudyMonitorExtension.build/StudyMonitorExtension-generated-files.hmap (in target 'StudyMonitorExtension' from project 'PotatoSupervisor')
    cd /Users/runner/work/potato-supervisor/potato-supervisor/ios
    write-file /Users/runner/work/_temp/potato-derived/Build/Intermediates.noindex/PotatoSupervisor.build/Debug-iphonesimulator/StudyMonitorExtension.build/StudyMonitorExtension-generated-files.hmap

WriteAuxiliaryFile /Users/runner/work/_temp/potato-derived/Build/Intermediates.noindex/PotatoSupervisor.build/Debug-iphonesimulator/StudyMonitorExtension.build/StudyMonitorExtension-all-target-headers.hmap (in target 'StudyMonitorExtension' from project 'PotatoSupervisor')
    cd /Users/runner/work/potato-supervisor/potato-supervisor/ios
    write-file /Users/runner/work/_temp/potato-derived/Build/Intermediates.noindex/PotatoSupervisor.build/Debug-iphonesimulator/StudyMonitorExtension.build/StudyMonitorExtension-all-target-headers.hmap

WriteAuxiliaryFile /Users/runner/work/_temp/potato-derived/Build/Intermediates.noindex/PotatoSupervisor.build/Debug-iphonesimulator/StudyMonitorExtension.build/StudyMonitorExtension-all-non-framework-target-headers.hmap (in target 'StudyMonitorExtension' from project 'PotatoSupervisor')
    cd /Users/runner/work/potato-supervisor/potato-supervisor/ios
    write-file /Users/runner/work/_temp/potato-derived/Build/Intermediates.noindex/PotatoSupervisor.build/Debug-iphonesimulator/StudyMonitorExtension.build/StudyMonitorExtension-all-non-framework-target-headers.hmap

WriteAuxiliaryFile /Users/runner/work/_temp/potato-derived/Build/Intermediates.noindex/PotatoSupervisor.build/Debug-iphonesimulator/StudyMonitorExtension.build/StudyMonitorExtension-DebugEntryPoint-normal-x86_64.txt (in target 'StudyMonitorExtension' from project 'PotatoSupervisor')
    cd /Users/runner/work/potato-supervisor/potato-supervisor/ios
    write-file /Users/runner/work/_temp/potato-derived/Build/Intermediates.noindex/PotatoSupervisor.build/Debug-iphonesimulator/StudyMonitorExtension.build/StudyMonitorExtension-DebugEntryPoint-normal-x86_64.txt

WriteAuxiliaryFile /Users/runner/work/_temp/potato-derived/Build/Intermediates.noindex/PotatoSupervisor.build/Debug-iphonesimulator/StudyMonitorExtension.build/StudyMonitorExtension-DebugEntryPoint-normal-arm64.txt (in target 'StudyMonitorExtension' from project 'PotatoSupervisor')
    cd /Users/runner/work/potato-supervisor/potato-supervisor/ios
    write-file /Users/runner/work/_temp/potato-derived/Build/Intermediates.noindex/PotatoSupervisor.build/Debug-iphonesimulator/StudyMonitorExtension.build/StudyMonitorExtension-DebugEntryPoint-normal-arm64.txt

WriteAuxiliaryFile /Users/runner/work/_temp/potato-derived/Build/Intermediates.noindex/PotatoSupervisor.build/Debug-iphonesimulator/StudyMonitorExtension.build/StudyMonitorExtension-DebugDylibPath-normal-x86_64.txt (in target 'StudyMonitorExtension' from project 'PotatoSupervisor')
    cd /Users/runner/work/potato-supervisor/potato-supervisor/ios
    write-file /Users/runner/work/_temp/potato-derived/Build/Intermediates.noindex/PotatoSupervisor.build/Debug-iphonesimulator/StudyMonitorExtension.build/StudyMonitorExtension-DebugDylibPath-normal-x86_64.txt

WriteAuxiliaryFile /Users/runner/work/_temp/potato-derived/Build/Intermediates.noindex/PotatoSupervisor.build/Debug-iphonesimulator/StudyMonitorExtension.build/StudyMonitorExtension-DebugDylibPath-normal-arm64.txt (in target 'StudyMonitorExtension' from project 'PotatoSupervisor')
    cd /Users/runner/work/potato-supervisor/potato-supervisor/ios
    write-file /Users/runner/work/_temp/potato-derived/Build/Intermediates.noindex/PotatoSupervisor.build/Debug-iphonesimulator/StudyMonitorExtension.build/StudyMonitorExtension-DebugDylibPath-normal-arm64.txt

WriteAuxiliaryFile /Users/runner/work/_temp/potato-derived/Build/Intermediates.noindex/PotatoSupervisor.build/Debug-iphonesimulator/StudyMonitorExtension.build/StudyMonitorExtension-DebugDylibInstallName-normal-x86_64.txt (in target 'StudyMonitorExtension' from project 'PotatoSupervisor')
    cd /Users/runner/work/potato-supervisor/potato-supervisor/ios
    write-file /Users/runner/work/_temp/potato-derived/Build/Intermediates.noindex/PotatoSupervisor.build/Debug-iphonesimulator/StudyMonitorExtension.build/StudyMonitorExtension-DebugDylibInstallName-normal-x86_64.txt

WriteAuxiliaryFile /Users/runner/work/_temp/potato-derived/Build/Intermediates.noindex/PotatoSupervisor.build/Debug-iphonesimulator/StudyMonitorExtension.build/StudyMonitorExtension-DebugDylibInstallName-normal-arm64.txt (in target 'StudyMonitorExtension' from project 'PotatoSupervisor')
    cd /Users/runner/work/potato-supervisor/potato-supervisor/ios
    write-file /Users/runner/work/_temp/potato-derived/Build/Intermediates.noindex/PotatoSupervisor.build/Debug-iphonesimulator/StudyMonitorExtension.build/StudyMonitorExtension-DebugDylibInstallName-normal-arm64.txt

WriteAuxiliaryFile /Users/runner/work/_temp/potato-derived/Build/Intermediates.noindex/PotatoSupervisor.build/Debug-iphonesimulator/StudyMonitorExtension.build/Objects-normal/x86_64/StudyMonitorExtension_const_extract_protocols.json (in target 'StudyMonitorExtension' from project 'PotatoSupervisor')
    cd /Users/runner/work/potato-supervisor/potato-supervisor/ios
    write-file /Users/runner/work/_temp/potato-derived/Build/Intermediates.noindex/PotatoSupervisor.build/Debug-iphonesimulator/StudyMonitorExtension.build/Objects-normal/x86_64/StudyMonitorExtension_const_extract_protocols.json

WriteAuxiliaryFile /Users/runner/work/_temp/potato-derived/Build/Intermediates.noindex/PotatoSupervisor.build/Debug-iphonesimulator/StudyMonitorExtension.build/Objects-normal/x86_64/StudyMonitorExtension.SwiftFileList (in target 'StudyMonitorExtension' from project 'PotatoSupervisor')
    cd /Users/runner/work/potato-supervisor/potato-supervisor/ios
    write-file /Users/runner/work/_temp/potato-derived/Build/Intermediates.noindex/PotatoSupervisor.build/Debug-iphonesimulator/StudyMonitorExtension.build/Objects-normal/x86_64/StudyMonitorExtension.SwiftFileList

WriteAuxiliaryFile /Users/runner/work/_temp/potato-derived/Build/Intermediates.noindex/PotatoSupervisor.build/Debug-iphonesimulator/StudyMonitorExtension.build/Objects-normal/x86_64/StudyMonitorExtension.SwiftConstValuesFileList (in target 'StudyMonitorExtension' from project 'PotatoSupervisor')
    cd /Users/runner/work/potato-supervisor/potato-supervisor/ios
    write-file /Users/runner/work/_temp/potato-derived/Build/Intermediates.noindex/PotatoSupervisor.build/Debug-iphonesimulator/StudyMonitorExtension.build/Objects-normal/x86_64/StudyMonitorExtension.SwiftConstValuesFileList

WriteAuxiliaryFile /Users/runner/work/_temp/potato-derived/Build/Intermediates.noindex/PotatoSupervisor.build/Debug-iphonesimulator/StudyMonitorExtension.build/Objects-normal/x86_64/StudyMonitorExtension.LinkFileList (in target 'StudyMonitorExtension' from project 'PotatoSupervisor')
    cd /Users/runner/work/potato-supervisor/potato-supervisor/ios
    write-file /Users/runner/work/_temp/potato-derived/Build/Intermediates.noindex/PotatoSupervisor.build/Debug-iphonesimulator/StudyMonitorExtension.build/Objects-normal/x86_64/StudyMonitorExtension.LinkFileList

WriteAuxiliaryFile /Users/runner/work/_temp/potato-derived/Build/Intermediates.noindex/PotatoSupervisor.build/Debug-iphonesimulator/StudyMonitorExtension.build/Objects-normal/x86_64/StudyMonitorExtension-OutputFileMap.json (in target 'StudyMonitorExtension' from project 'PotatoSupervisor')
    cd /Users/runner/work/potato-supervisor/potato-supervisor/ios
    write-file /Users/runner/work/_temp/potato-derived/Build/Intermediates.noindex/PotatoSupervisor.build/Debug-iphonesimulator/StudyMonitorExtension.build/Objects-normal/x86_64/StudyMonitorExtension-OutputFileMap.json

WriteAuxiliaryFile /Users/runner/work/_temp/potato-derived/Build/Intermediates.noindex/PotatoSupervisor.build/Debug-iphonesimulator/StudyMonitorExtension.build/Objects-normal/arm64/StudyMonitorExtension_const_extract_protocols.json (in target 'StudyMonitorExtension' from project 'PotatoSupervisor')
    cd /Users/runner/work/potato-supervisor/potato-supervisor/ios
    write-file /Users/runner/work/_temp/potato-derived/Build/Intermediates.noindex/PotatoSupervisor.build/Debug-iphonesimulator/StudyMonitorExtension.build/Objects-normal/arm64/StudyMonitorExtension_const_extract_protocols.json

WriteAuxiliaryFile /Users/runner/work/_temp/potato-derived/Build/Intermediates.noindex/PotatoSupervisor.build/Debug-iphonesimulator/StudyMonitorExtension.build/Objects-normal/arm64/StudyMonitorExtension.SwiftFileList (in target 'StudyMonitorExtension' from project 'PotatoSupervisor')
    cd /Users/runner/work/potato-supervisor/potato-supervisor/ios
    write-file /Users/runner/work/_temp/potato-derived/Build/Intermediates.noindex/PotatoSupervisor.build/Debug-iphonesimulator/StudyMonitorExtension.build/Objects-normal/arm64/StudyMonitorExtension.SwiftFileList

WriteAuxiliaryFile /Users/runner/work/_temp/potato-derived/Build/Intermediates.noindex/PotatoSupervisor.build/Debug-iphonesimulator/StudyMonitorExtension.build/Objects-normal/arm64/StudyMonitorExtension.SwiftConstValuesFileList (in target 'StudyMonitorExtension' from project 'PotatoSupervisor')
    cd /Users/runner/work/potato-supervisor/potato-supervisor/ios
    write-file /Users/runner/work/_temp/potato-derived/Build/Intermediates.noindex/PotatoSupervisor.build/Debug-iphonesimulator/StudyMonitorExtension.build/Objects-normal/arm64/StudyMonitorExtension.SwiftConstValuesFileList

WriteAuxiliaryFile /Users/runner/work/_temp/potato-derived/Build/Intermediates.noindex/PotatoSupervisor.build/Debug-iphonesimulator/StudyMonitorExtension.build/Objects-normal/arm64/StudyMonitorExtension.LinkFileList (in target 'StudyMonitorExtension' from project 'PotatoSupervisor')
    cd /Users/runner/work/potato-supervisor/potato-supervisor/ios
    write-file /Users/runner/work/_temp/potato-derived/Build/Intermediates.noindex/PotatoSupervisor.build/Debug-iphonesimulator/StudyMonitorExtension.build/Objects-normal/arm64/StudyMonitorExtension.LinkFileList

WriteAuxiliaryFile /Users/runner/work/_temp/potato-derived/Build/Intermediates.noindex/PotatoSupervisor.build/Debug-iphonesimulator/StudyMonitorExtension.build/Objects-normal/arm64/StudyMonitorExtension-OutputFileMap.json (in target 'StudyMonitorExtension' from project 'PotatoSupervisor')
    cd /Users/runner/work/potato-supervisor/potato-supervisor/ios
    write-file /Users/runner/work/_temp/potato-derived/Build/Intermediates.noindex/PotatoSupervisor.build/Debug-iphonesimulator/StudyMonitorExtension.build/Objects-normal/arm64/StudyMonitorExtension-OutputFileMap.json

WriteAuxiliaryFile /Users/runner/work/_temp/potato-derived/Build/Intermediates.noindex/PotatoSupervisor.build/Debug-iphonesimulator/PotatoSupervisor.build/PotatoSupervisor.hmap (in target 'PotatoSupervisor' from project 'PotatoSupervisor')
    cd /Users/runner/work/potato-supervisor/potato-supervisor/ios
    write-file /Users/runner/work/_temp/potato-derived/Build/Intermediates.noindex/PotatoSupervisor.build/Debug-iphonesimulator/PotatoSupervisor.build/PotatoSupervisor.hmap

WriteAuxiliaryFile /Users/runner/work/_temp/potato-derived/Build/Intermediates.noindex/PotatoSupervisor.build/Debug-iphonesimulator/PotatoSupervisor.build/PotatoSupervisor.DependencyStaticMetadataFileList (in target 'PotatoSupervisor' from project 'PotatoSupervisor')
    cd /Users/runner/work/potato-supervisor/potato-supervisor/ios
    write-file /Users/runner/work/_temp/potato-derived/Build/Intermediates.noindex/PotatoSupervisor.build/Debug-iphonesimulator/PotatoSupervisor.build/PotatoSupervisor.DependencyStaticMetadataFileList

WriteAuxiliaryFile /Users/runner/work/_temp/potato-derived/Build/Intermediates.noindex/PotatoSupervisor.build/Debug-iphonesimulator/PotatoSupervisor.build/PotatoSupervisor.DependencyMetadataFileList (in target 'PotatoSupervisor' from project 'PotatoSupervisor')
    cd /Users/runner/work/potato-supervisor/potato-supervisor/ios
    write-file /Users/runner/work/_temp/potato-derived/Build/Intermediates.noindex/PotatoSupervisor.build/Debug-iphonesimulator/PotatoSupervisor.build/PotatoSupervisor.DependencyMetadataFileList

WriteAuxiliaryFile /Users/runner/work/_temp/potato-derived/Build/Intermediates.noindex/PotatoSupervisor.build/Debug-iphonesimulator/PotatoSupervisor.build/PotatoSupervisor-project-headers.hmap (in target 'PotatoSupervisor' from project 'PotatoSupervisor')
    cd /Users/runner/work/potato-supervisor/potato-supervisor/ios
    write-file /Users/runner/work/_temp/potato-derived/Build/Intermediates.noindex/PotatoSupervisor.build/Debug-iphonesimulator/PotatoSupervisor.build/PotatoSupervisor-project-headers.hmap

WriteAuxiliaryFile /Users/runner/work/_temp/potato-derived/Build/Intermediates.noindex/PotatoSupervisor.build/Debug-iphonesimulator/PotatoSupervisor.build/PotatoSupervisor-own-target-headers.hmap (in target 'PotatoSupervisor' from project 'PotatoSupervisor')
    cd /Users/runner/work/potato-supervisor/potato-supervisor/ios
    write-file /Users/runner/work/_temp/potato-derived/Build/Intermediates.noindex/PotatoSupervisor.build/Debug-iphonesimulator/PotatoSupervisor.build/PotatoSupervisor-own-target-headers.hmap

WriteAuxiliaryFile /Users/runner/work/_temp/potato-derived/Build/Intermediates.noindex/PotatoSupervisor.build/Debug-iphonesimulator/PotatoSupervisor.build/PotatoSupervisor-generated-files.hmap (in target 'PotatoSupervisor' from project 'PotatoSupervisor')
    cd /Users/runner/work/potato-supervisor/potato-supervisor/ios
    write-file /Users/runner/work/_temp/potato-derived/Build/Intermediates.noindex/PotatoSupervisor.build/Debug-iphonesimulator/PotatoSupervisor.build/PotatoSupervisor-generated-files.hmap

WriteAuxiliaryFile /Users/runner/work/_temp/potato-derived/Build/Intermediates.noindex/PotatoSupervisor.build/Debug-iphonesimulator/PotatoSupervisor.build/PotatoSupervisor-all-target-headers.hmap (in target 'PotatoSupervisor' from project 'PotatoSupervisor')
    cd /Users/runner/work/potato-supervisor/potato-supervisor/ios
    write-file /Users/runner/work/_temp/potato-derived/Build/Intermediates.noindex/PotatoSupervisor.build/Debug-iphonesimulator/PotatoSupervisor.build/PotatoSupervisor-all-target-headers.hmap

WriteAuxiliaryFile /Users/runner/work/_temp/potato-derived/Build/Intermediates.noindex/PotatoSupervisor.build/Debug-iphonesimulator/PotatoSupervisor.build/PotatoSupervisor-all-non-framework-target-headers.hmap (in target 'PotatoSupervisor' from project 'PotatoSupervisor')
    cd /Users/runner/work/potato-supervisor/potato-supervisor/ios
    write-file /Users/runner/work/_temp/potato-derived/Build/Intermediates.noindex/PotatoSupervisor.build/Debug-iphonesimulator/PotatoSupervisor.build/PotatoSupervisor-all-non-framework-target-headers.hmap

WriteAuxiliaryFile /Users/runner/work/_temp/potato-derived/Build/Intermediates.noindex/PotatoSupervisor.build/Debug-iphonesimulator/PotatoSupervisor.build/PotatoSupervisor-DebugDylibPath-normal-x86_64.txt (in target 'PotatoSupervisor' from project 'PotatoSupervisor')
    cd /Users/runner/work/potato-supervisor/potato-supervisor/ios
    write-file /Users/runner/work/_temp/potato-derived/Build/Intermediates.noindex/PotatoSupervisor.build/Debug-iphonesimulator/PotatoSupervisor.build/PotatoSupervisor-DebugDylibPath-normal-x86_64.txt

WriteAuxiliaryFile /Users/runner/work/_temp/potato-derived/Build/Intermediates.noindex/PotatoSupervisor.build/Debug-iphonesimulator/PotatoSupervisor.build/PotatoSupervisor-DebugDylibPath-normal-arm64.txt (in target 'PotatoSupervisor' from project 'PotatoSupervisor')
    cd /Users/runner/work/potato-supervisor/potato-supervisor/ios
    write-file /Users/runner/work/_temp/potato-derived/Build/Intermediates.noindex/PotatoSupervisor.build/Debug-iphonesimulator/PotatoSupervisor.build/PotatoSupervisor-DebugDylibPath-normal-arm64.txt

WriteAuxiliaryFile /Users/runner/work/_temp/potato-derived/Build/Intermediates.noindex/PotatoSupervisor.build/Debug-iphonesimulator/PotatoSupervisor.build/PotatoSupervisor-DebugDylibInstallName-normal-x86_64.txt (in target 'PotatoSupervisor' from project 'PotatoSupervisor')
    cd /Users/runner/work/potato-supervisor/potato-supervisor/ios
    write-file /Users/runner/work/_temp/potato-derived/Build/Intermediates.noindex/PotatoSupervisor.build/Debug-iphonesimulator/PotatoSupervisor.build/PotatoSupervisor-DebugDylibInstallName-normal-x86_64.txt

WriteAuxiliaryFile /Users/runner/work/_temp/potato-derived/Build/Intermediates.noindex/PotatoSupervisor.build/Debug-iphonesimulator/PotatoSupervisor.build/PotatoSupervisor-DebugDylibInstallName-normal-arm64.txt (in target 'PotatoSupervisor' from project 'PotatoSupervisor')
    cd /Users/runner/work/potato-supervisor/potato-supervisor/ios
    write-file /Users/runner/work/_temp/potato-derived/Build/Intermediates.noindex/PotatoSupervisor.build/Debug-iphonesimulator/PotatoSupervisor.build/PotatoSupervisor-DebugDylibInstallName-normal-arm64.txt

WriteAuxiliaryFile /Users/runner/work/_temp/potato-derived/Build/Intermediates.noindex/PotatoSupervisor.build/Debug-iphonesimulator/PotatoSupervisor.build/Objects-normal/x86_64/PotatoSupervisor_const_extract_protocols.json (in target 'PotatoSupervisor' from project 'PotatoSupervisor')
    cd /Users/runner/work/potato-supervisor/potato-supervisor/ios
    write-file /Users/runner/work/_temp/potato-derived/Build/Intermediates.noindex/PotatoSupervisor.build/Debug-iphonesimulator/PotatoSupervisor.build/Objects-normal/x86_64/PotatoSupervisor_const_extract_protocols.json

WriteAuxiliaryFile /Users/runner/work/_temp/potato-derived/Build/Intermediates.noindex/PotatoSupervisor.build/Debug-iphonesimulator/PotatoSupervisor.build/Objects-normal/x86_64/PotatoSupervisor.SwiftFileList (in target 'PotatoSupervisor' from project 'PotatoSupervisor')
    cd /Users/runner/work/potato-supervisor/potato-supervisor/ios
    write-file /Users/runner/work/_temp/potato-derived/Build/Intermediates.noindex/PotatoSupervisor.build/Debug-iphonesimulator/PotatoSupervisor.build/Objects-normal/x86_64/PotatoSupervisor.SwiftFileList

WriteAuxiliaryFile /Users/runner/work/_temp/potato-derived/Build/Intermediates.noindex/PotatoSupervisor.build/Debug-iphonesimulator/PotatoSupervisor.build/Objects-normal/x86_64/PotatoSupervisor.SwiftConstValuesFileList (in target 'PotatoSupervisor' from project 'PotatoSupervisor')
    cd /Users/runner/work/potato-supervisor/potato-supervisor/ios
    write-file /Users/runner/work/_temp/potato-derived/Build/Intermediates.noindex/PotatoSupervisor.build/Debug-iphonesimulator/PotatoSupervisor.build/Objects-normal/x86_64/PotatoSupervisor.SwiftConstValuesFileList

WriteAuxiliaryFile /Users/runner/work/_temp/potato-derived/Build/Intermediates.noindex/PotatoSupervisor.build/Debug-iphonesimulator/PotatoSupervisor.build/Objects-normal/x86_64/PotatoSupervisor.LinkFileList (in target 'PotatoSupervisor' from project 'PotatoSupervisor')
    cd /Users/runner/work/potato-supervisor/potato-supervisor/ios
    write-file /Users/runner/work/_temp/potato-derived/Build/Intermediates.noindex/PotatoSupervisor.build/Debug-iphonesimulator/PotatoSupervisor.build/Objects-normal/x86_64/PotatoSupervisor.LinkFileList

WriteAuxiliaryFile /Users/runner/work/_temp/potato-derived/Build/Intermediates.noindex/PotatoSupervisor.build/Debug-iphonesimulator/PotatoSupervisor.build/Objects-normal/x86_64/PotatoSupervisor-OutputFileMap.json (in target 'PotatoSupervisor' from project 'PotatoSupervisor')
    cd /Users/runner/work/potato-supervisor/potato-supervisor/ios
    write-file /Users/runner/work/_temp/potato-derived/Build/Intermediates.noindex/PotatoSupervisor.build/Debug-iphonesimulator/PotatoSupervisor.build/Objects-normal/x86_64/PotatoSupervisor-OutputFileMap.json

WriteAuxiliaryFile /Users/runner/work/_temp/potato-derived/Build/Intermediates.noindex/PotatoSupervisor.build/Debug-iphonesimulator/PotatoSupervisor.build/Objects-normal/arm64/PotatoSupervisor_const_extract_protocols.json (in target 'PotatoSupervisor' from project 'PotatoSupervisor')
    cd /Users/runner/work/potato-supervisor/potato-supervisor/ios
    write-file /Users/runner/work/_temp/potato-derived/Build/Intermediates.noindex/PotatoSupervisor.build/Debug-iphonesimulator/PotatoSupervisor.build/Objects-normal/arm64/PotatoSupervisor_const_extract_protocols.json

WriteAuxiliaryFile /Users/runner/work/_temp/potato-derived/Build/Intermediates.noindex/PotatoSupervisor.build/Debug-iphonesimulator/PotatoSupervisor.build/Objects-normal/arm64/PotatoSupervisor.SwiftFileList (in target 'PotatoSupervisor' from project 'PotatoSupervisor')
    cd /Users/runner/work/potato-supervisor/potato-supervisor/ios
    write-file /Users/runner/work/_temp/potato-derived/Build/Intermediates.noindex/PotatoSupervisor.build/Debug-iphonesimulator/PotatoSupervisor.build/Objects-normal/arm64/PotatoSupervisor.SwiftFileList

WriteAuxiliaryFile /Users/runner/work/_temp/potato-derived/Build/Intermediates.noindex/PotatoSupervisor.build/Debug-iphonesimulator/PotatoSupervisor.build/Objects-normal/arm64/PotatoSupervisor.SwiftConstValuesFileList (in target 'PotatoSupervisor' from project 'PotatoSupervisor')
    cd /Users/runner/work/potato-supervisor/potato-supervisor/ios
    write-file /Users/runner/work/_temp/potato-derived/Build/Intermediates.noindex/PotatoSupervisor.build/Debug-iphonesimulator/PotatoSupervisor.build/Objects-normal/arm64/PotatoSupervisor.SwiftConstValuesFileList

WriteAuxiliaryFile /Users/runner/work/_temp/potato-derived/Build/Intermediates.noindex/PotatoSupervisor.build/Debug-iphonesimulator/PotatoSupervisor.build/Objects-normal/arm64/PotatoSupervisor.LinkFileList (in target 'PotatoSupervisor' from project 'PotatoSupervisor')
    cd /Users/runner/work/potato-supervisor/potato-supervisor/ios
    write-file /Users/runner/work/_temp/potato-derived/Build/Intermediates.noindex/PotatoSupervisor.build/Debug-iphonesimulator/PotatoSupervisor.build/Objects-normal/arm64/PotatoSupervisor.LinkFileList

WriteAuxiliaryFile /Users/runner/work/_temp/potato-derived/Build/Intermediates.noindex/PotatoSupervisor.build/Debug-iphonesimulator/PotatoSupervisor.build/Objects-normal/arm64/PotatoSupervisor-OutputFileMap.json (in target 'PotatoSupervisor' from project 'PotatoSupervisor')
    cd /Users/runner/work/potato-supervisor/potato-supervisor/ios
    write-file /Users/runner/work/_temp/potato-derived/Build/Intermediates.noindex/PotatoSupervisor.build/Debug-iphonesimulator/PotatoSupervisor.build/Objects-normal/arm64/PotatoSupervisor-OutputFileMap.json

MkDir /Users/runner/work/_temp/potato-derived/Build/Products/Debug-iphonesimulator/StudyShieldActionExtension.appex (in target 'StudyShieldActionExtension' from project 'PotatoSupervisor')
    cd /Users/runner/work/potato-supervisor/potato-supervisor/ios
    /bin/mkdir -p /Users/runner/work/_temp/potato-derived/Build/Products/Debug-iphonesimulator/StudyShieldActionExtension.appex

MkDir /Users/runner/work/_temp/potato-derived/Build/Products/Debug-iphonesimulator/StudyMonitorExtension.appex (in target 'StudyMonitorExtension' from project 'PotatoSupervisor')
    cd /Users/runner/work/potato-supervisor/potato-supervisor/ios
    /bin/mkdir -p /Users/runner/work/_temp/potato-derived/Build/Products/Debug-iphonesimulator/StudyMonitorExtension.appex

MkDir /Users/runner/work/_temp/potato-derived/Build/Products/Debug-iphonesimulator/PotatoSupervisor.app/PlugIns (in target 'PotatoSupervisor' from project 'PotatoSupervisor')
    cd /Users/runner/work/potato-supervisor/potato-supervisor/ios
    /bin/mkdir -p /Users/runner/work/_temp/potato-derived/Build/Products/Debug-iphonesimulator/PotatoSupervisor.app/PlugIns

MkDir /Users/runner/work/_temp/potato-derived/Build/Products/Debug-iphonesimulator/PotatoSupervisor.app (in target 'PotatoSupervisor' from project 'PotatoSupervisor')
    cd /Users/runner/work/potato-supervisor/potato-supervisor/ios
    /bin/mkdir -p /Users/runner/work/_temp/potato-derived/Build/Products/Debug-iphonesimulator/PotatoSupervisor.app

Ld /Users/runner/work/_temp/potato-derived/Build/Intermediates.noindex/PotatoSupervisor.build/Debug-iphonesimulator/StudyShieldConfigurationExtension.build/Objects-normal/x86_64/Binary/__preview.dylib normal x86_64 (in target 'StudyShieldConfigurationExtension' from project 'PotatoSupervisor')
    cd /Users/runner/work/potato-supervisor/potato-supervisor/ios
    /Applications/Xcode_26.5.app/Contents/Developer/Toolchains/XcodeDefault.xctoolchain/usr/bin/clang -Xlinker -reproducible -target x86_64-apple-ios17.4-simulator -dynamiclib -isysroot /Applications/Xcode_26.5.app/Contents/Developer/Platforms/iPhoneSimulator.platform/Developer/SDKs/iPhoneSimulator26.5.sdk -Os -L/Users/runner/work/_temp/potato-derived/Build/Products/Debug-iphonesimulator -F/Users/runner/work/_temp/potato-derived/Build/Products/Debug-iphonesimulator -install_name @rpath/StudyShieldConfigurationExtension.debug.dylib -Xlinker -dead_strip -rdynamic -Xlinker -objc_abi_version -Xlinker 2 -Xlinker -dependency_info -Xlinker /Users/runner/work/_temp/potato-derived/Build/Intermediates.noindex/PotatoSupervisor.build/Debug-iphonesimulator/StudyShieldConfigurationExtension.build/Objects-normal/x86_64/StudyShieldConfigurationExtension_dependency_info.dat -o /Users/runner/work/_temp/potato-derived/Build/Intermediates.noindex/PotatoSupervisor.build/Debug-iphonesimulator/StudyShieldConfigurationExtension.build/Objects-normal/x86_64/Binary/__preview.dylib

Ld /Users/runner/work/_temp/potato-derived/Build/Intermediates.noindex/PotatoSupervisor.build/Debug-iphonesimulator/StudyShieldConfigurationExtension.build/Objects-normal/arm64/Binary/__preview.dylib normal arm64 (in target 'StudyShieldConfigurationExtension' from project 'PotatoSupervisor')
    cd /Users/runner/work/potato-supervisor/potato-supervisor/ios
    /Applications/Xcode_26.5.app/Contents/Developer/Toolchains/XcodeDefault.xctoolchain/usr/bin/clang -Xlinker -reproducible -target arm64-apple-ios17.4-simulator -dynamiclib -isysroot /Applications/Xcode_26.5.app/Contents/Developer/Platforms/iPhoneSimulator.platform/Developer/SDKs/iPhoneSimulator26.5.sdk -Os -L/Users/runner/work/_temp/potato-derived/Build/Products/Debug-iphonesimulator -F/Users/runner/work/_temp/potato-derived/Build/Products/Debug-iphonesimulator -install_name @rpath/StudyShieldConfigurationExtension.debug.dylib -Xlinker -dead_strip -rdynamic -Xlinker -objc_abi_version -Xlinker 2 -Xlinker -dependency_info -Xlinker /Users/runner/work/_temp/potato-derived/Build/Intermediates.noindex/PotatoSupervisor.build/Debug-iphonesimulator/StudyShieldConfigurationExtension.build/Objects-normal/arm64/StudyShieldConfigurationExtension_dependency_info.dat -o /Users/runner/work/_temp/potato-derived/Build/Intermediates.noindex/PotatoSupervisor.build/Debug-iphonesimulator/StudyShieldConfigurationExtension.build/Objects-normal/arm64/Binary/__preview.dylib

CpResource /Users/runner/work/_temp/potato-derived/Build/Products/Debug-iphonesimulator/StudyShieldConfigurationExtension.appex/dialogue.json /Users/runner/work/potato-supervisor/potato-supervisor/ios/Resources/dialogue.json (in target 'StudyShieldConfigurationExtension' from project 'PotatoSupervisor')
    cd /Users/runner/work/potato-supervisor/potato-supervisor/ios
    builtin-copy -exclude .DS_Store -exclude CVS -exclude .svn -exclude .git -exclude .hg -strip-unsigned-binaries -strip-deterministic -strip-tool /Applications/Xcode_26.5.app/Contents/Developer/Toolchains/XcodeDefault.xctoolchain/usr/bin/strip -resolve-src-symlinks /Users/runner/work/potato-supervisor/potato-supervisor/ios/Resources/dialogue.json /Users/runner/work/_temp/potato-derived/Build/Products/Debug-iphonesimulator/StudyShieldConfigurationExtension.appex

ProcessInfoPlistFile /Users/runner/work/_temp/potato-derived/Build/Products/Debug-iphonesimulator/StudyShieldConfigurationExtension.appex/Info.plist /Users/runner/work/potato-supervisor/potato-supervisor/ios/Config/StudyShieldConfigurationExtension-Info.plist (in target 'StudyShieldConfigurationExtension' from project 'PotatoSupervisor')
    cd /Users/runner/work/potato-supervisor/potato-supervisor/ios
    builtin-infoPlistUtility /Users/runner/work/potato-supervisor/potato-supervisor/ios/Config/StudyShieldConfigurationExtension-Info.plist -producttype com.apple.product-type.app-extension -expandbuildsettings -format binary -platform iphonesimulator -o /Users/runner/work/_temp/potato-derived/Build/Products/Debug-iphonesimulator/StudyShieldConfigurationExtension.appex/Info.plist

CreateUniversalBinary /Users/runner/work/_temp/potato-derived/Build/Products/Debug-iphonesimulator/StudyShieldConfigurationExtension.appex/__preview.dylib normal arm64\ x86_64 (in target 'StudyShieldConfigurationExtension' from project 'PotatoSupervisor')
    cd /Users/runner/work/potato-supervisor/potato-supervisor/ios
    /Applications/Xcode_26.5.app/Contents/Developer/Toolchains/XcodeDefault.xctoolchain/usr/bin/lipo -create /Users/runner/work/_temp/potato-derived/Build/Intermediates.noindex/PotatoSupervisor.build/Debug-iphonesimulator/StudyShieldConfigurationExtension.build/Objects-normal/arm64/Binary/__preview.dylib /Users/runner/work/_temp/potato-derived/Build/Intermediates.noindex/PotatoSupervisor.build/Debug-iphonesimulator/StudyShieldConfigurationExtension.build/Objects-normal/x86_64/Binary/__preview.dylib -output /Users/runner/work/_temp/potato-derived/Build/Products/Debug-iphonesimulator/StudyShieldConfigurationExtension.appex/__preview.dylib

CpResource /Users/runner/work/_temp/potato-derived/Build/Products/Debug-iphonesimulator/StudyShieldConfigurationExtension.appex/THIRD_PARTY_NOTICES.txt /Users/runner/work/potato-supervisor/potato-supervisor/ios/Resources/THIRD_PARTY_NOTICES.txt (in target 'StudyShieldConfigurationExtension' from project 'PotatoSupervisor')
    cd /Users/runner/work/potato-supervisor/potato-supervisor/ios
    builtin-copy -exclude .DS_Store -exclude CVS -exclude .svn -exclude .git -exclude .hg -strip-unsigned-binaries -strip-deterministic -strip-tool /Applications/Xcode_26.5.app/Contents/Developer/Toolchains/XcodeDefault.xctoolchain/usr/bin/strip -resolve-src-symlinks /Users/runner/work/potato-supervisor/potato-supervisor/ios/Resources/THIRD_PARTY_NOTICES.txt /Users/runner/work/_temp/potato-derived/Build/Products/Debug-iphonesimulator/StudyShieldConfigurationExtension.appex

CopyPlistFile /Users/runner/work/_temp/potato-derived/Build/Products/Debug-iphonesimulator/StudyShieldConfigurationExtension.appex/PrivacyInfo.xcprivacy /Users/runner/work/potato-supervisor/potato-supervisor/ios/Config/PrivacyInfo.xcprivacy (in target 'StudyShieldConfigurationExtension' from project 'PotatoSupervisor')
    cd /Users/runner/work/potato-supervisor/potato-supervisor/ios
    builtin-copyPlist --convert binary1 --outdir /Users/runner/work/_temp/potato-derived/Build/Products/Debug-iphonesimulator/StudyShieldConfigurationExtension.appex -- /Users/runner/work/potato-supervisor/potato-supervisor/ios/Config/PrivacyInfo.xcprivacy

CopyPNGFile /Users/runner/work/_temp/potato-derived/Build/Products/Debug-iphonesimulator/StudyShieldConfigurationExtension.appex/potato-mine.png /Users/runner/work/potato-supervisor/potato-supervisor/ios/Resources/potato-mine.png (in target 'StudyShieldConfigurationExtension' from project 'PotatoSupervisor')
    cd /Users/runner/work/potato-supervisor/potato-supervisor/ios
    /Applications/Xcode_26.5.app/Contents/Developer/usr/bin/copypng -compress -strip-PNG-text /Users/runner/work/potato-supervisor/potato-supervisor/ios/Resources/potato-mine.png /Users/runner/work/_temp/potato-derived/Build/Products/Debug-iphonesimulator/StudyShieldConfigurationExtension.appex/potato-mine.png

CopyPNGFile /Users/runner/work/_temp/potato-derived/Build/Products/Debug-iphonesimulator/StudyShieldConfigurationExtension.appex/potato-mine-angry.png /Users/runner/work/potato-supervisor/potato-supervisor/ios/Resources/potato-mine-angry.png (in target 'StudyShieldConfigurationExtension' from project 'PotatoSupervisor')
    cd /Users/runner/work/potato-supervisor/potato-supervisor/ios
    /Applications/Xcode_26.5.app/Contents/Developer/usr/bin/copypng -compress -strip-PNG-text /Users/runner/work/potato-supervisor/potato-supervisor/ios/Resources/potato-mine-angry.png /Users/runner/work/_temp/potato-derived/Build/Products/Debug-iphonesimulator/StudyShieldConfigurationExtension.appex/potato-mine-angry.png

Ld /Users/runner/work/_temp/potato-derived/Build/Intermediates.noindex/PotatoSupervisor.build/Debug-iphonesimulator/StudyShieldActionExtension.build/Objects-normal/x86_64/Binary/__preview.dylib normal x86_64 (in target 'StudyShieldActionExtension' from project 'PotatoSupervisor')
    cd /Users/runner/work/potato-supervisor/potato-supervisor/ios
    /Applications/Xcode_26.5.app/Contents/Developer/Toolchains/XcodeDefault.xctoolchain/usr/bin/clang -Xlinker -reproducible -target x86_64-apple-ios17.4-simulator -dynamiclib -isysroot /Applications/Xcode_26.5.app/Contents/Developer/Platforms/iPhoneSimulator.platform/Developer/SDKs/iPhoneSimulator26.5.sdk -Os -L/Users/runner/work/_temp/potato-derived/Build/Products/Debug-iphonesimulator -F/Users/runner/work/_temp/potato-derived/Build/Products/Debug-iphonesimulator -install_name @rpath/StudyShieldActionExtension.debug.dylib -Xlinker -dead_strip -rdynamic -Xlinker -objc_abi_version -Xlinker 2 -Xlinker -dependency_info -Xlinker /Users/runner/work/_temp/potato-derived/Build/Intermediates.noindex/PotatoSupervisor.build/Debug-iphonesimulator/StudyShieldActionExtension.build/Objects-normal/x86_64/StudyShieldActionExtension_dependency_info.dat -o /Users/runner/work/_temp/potato-derived/Build/Intermediates.noindex/PotatoSupervisor.build/Debug-iphonesimulator/StudyShieldActionExtension.build/Objects-normal/x86_64/Binary/__preview.dylib

Ld /Users/runner/work/_temp/potato-derived/Build/Intermediates.noindex/PotatoSupervisor.build/Debug-iphonesimulator/StudyShieldActionExtension.build/Objects-normal/arm64/Binary/__preview.dylib normal arm64 (in target 'StudyShieldActionExtension' from project 'PotatoSupervisor')
    cd /Users/runner/work/potato-supervisor/potato-supervisor/ios
    /Applications/Xcode_26.5.app/Contents/Developer/Toolchains/XcodeDefault.xctoolchain/usr/bin/clang -Xlinker -reproducible -target arm64-apple-ios17.4-simulator -dynamiclib -isysroot /Applications/Xcode_26.5.app/Contents/Developer/Platforms/iPhoneSimulator.platform/Developer/SDKs/iPhoneSimulator26.5.sdk -Os -L/Users/runner/work/_temp/potato-derived/Build/Products/Debug-iphonesimulator -F/Users/runner/work/_temp/potato-derived/Build/Products/Debug-iphonesimulator -install_name @rpath/StudyShieldActionExtension.debug.dylib -Xlinker -dead_strip -rdynamic -Xlinker -objc_abi_version -Xlinker 2 -Xlinker -dependency_info -Xlinker /Users/runner/work/_temp/potato-derived/Build/Intermediates.noindex/PotatoSupervisor.build/Debug-iphonesimulator/StudyShieldActionExtension.build/Objects-normal/arm64/StudyShieldActionExtension_dependency_info.dat -o /Users/runner/work/_temp/potato-derived/Build/Intermediates.noindex/PotatoSupervisor.build/Debug-iphonesimulator/StudyShieldActionExtension.build/Objects-normal/arm64/Binary/__preview.dylib

ProcessInfoPlistFile /Users/runner/work/_temp/potato-derived/Build/Products/Debug-iphonesimulator/StudyShieldActionExtension.appex/Info.plist /Users/runner/work/potato-supervisor/potato-supervisor/ios/Config/StudyShieldActionExtension-Info.plist (in target 'StudyShieldActionExtension' from project 'PotatoSupervisor')
    cd /Users/runner/work/potato-supervisor/potato-supervisor/ios
    builtin-infoPlistUtility /Users/runner/work/potato-supervisor/potato-supervisor/ios/Config/StudyShieldActionExtension-Info.plist -producttype com.apple.product-type.app-extension -expandbuildsettings -format binary -platform iphonesimulator -o /Users/runner/work/_temp/potato-derived/Build/Products/Debug-iphonesimulator/StudyShieldActionExtension.appex/Info.plist

CopyPlistFile /Users/runner/work/_temp/potato-derived/Build/Products/Debug-iphonesimulator/StudyShieldActionExtension.appex/PrivacyInfo.xcprivacy /Users/runner/work/potato-supervisor/potato-supervisor/ios/Config/PrivacyInfo.xcprivacy (in target 'StudyShieldActionExtension' from project 'PotatoSupervisor')
    cd /Users/runner/work/potato-supervisor/potato-supervisor/ios
    builtin-copyPlist --convert binary1 --outdir /Users/runner/work/_temp/potato-derived/Build/Products/Debug-iphonesimulator/StudyShieldActionExtension.appex -- /Users/runner/work/potato-supervisor/potato-supervisor/ios/Config/PrivacyInfo.xcprivacy

Ld /Users/runner/work/_temp/potato-derived/Build/Intermediates.noindex/PotatoSupervisor.build/Debug-iphonesimulator/StudyMonitorExtension.build/Objects-normal/x86_64/Binary/__preview.dylib normal x86_64 (in target 'StudyMonitorExtension' from project 'PotatoSupervisor')
    cd /Users/runner/work/potato-supervisor/potato-supervisor/ios
    /Applications/Xcode_26.5.app/Contents/Developer/Toolchains/XcodeDefault.xctoolchain/usr/bin/clang -Xlinker -reproducible -target x86_64-apple-ios17.4-simulator -dynamiclib -isysroot /Applications/Xcode_26.5.app/Contents/Developer/Platforms/iPhoneSimulator.platform/Developer/SDKs/iPhoneSimulator26.5.sdk -Os -L/Users/runner/work/_temp/potato-derived/Build/Products/Debug-iphonesimulator -F/Users/runner/work/_temp/potato-derived/Build/Products/Debug-iphonesimulator -install_name @rpath/StudyMonitorExtension.debug.dylib -Xlinker -dead_strip -rdynamic -Xlinker -objc_abi_version -Xlinker 2 -Xlinker -dependency_info -Xlinker /Users/runner/work/_temp/potato-derived/Build/Intermediates.noindex/PotatoSupervisor.build/Debug-iphonesimulator/StudyMonitorExtension.build/Objects-normal/x86_64/StudyMonitorExtension_dependency_info.dat -o /Users/runner/work/_temp/potato-derived/Build/Intermediates.noindex/PotatoSupervisor.build/Debug-iphonesimulator/StudyMonitorExtension.build/Objects-normal/x86_64/Binary/__preview.dylib

Ld /Users/runner/work/_temp/potato-derived/Build/Intermediates.noindex/PotatoSupervisor.build/Debug-iphonesimulator/StudyMonitorExtension.build/Objects-normal/arm64/Binary/__preview.dylib normal arm64 (in target 'StudyMonitorExtension' from project 'PotatoSupervisor')
    cd /Users/runner/work/potato-supervisor/potato-supervisor/ios
    /Applications/Xcode_26.5.app/Contents/Developer/Toolchains/XcodeDefault.xctoolchain/usr/bin/clang -Xlinker -reproducible -target arm64-apple-ios17.4-simulator -dynamiclib -isysroot /Applications/Xcode_26.5.app/Contents/Developer/Platforms/iPhoneSimulator.platform/Developer/SDKs/iPhoneSimulator26.5.sdk -Os -L/Users/runner/work/_temp/potato-derived/Build/Products/Debug-iphonesimulator -F/Users/runner/work/_temp/potato-derived/Build/Products/Debug-iphonesimulator -install_name @rpath/StudyMonitorExtension.debug.dylib -Xlinker -dead_strip -rdynamic -Xlinker -objc_abi_version -Xlinker 2 -Xlinker -dependency_info -Xlinker /Users/runner/work/_temp/potato-derived/Build/Intermediates.noindex/PotatoSupervisor.build/Debug-iphonesimulator/StudyMonitorExtension.build/Objects-normal/arm64/StudyMonitorExtension_dependency_info.dat -o /Users/runner/work/_temp/potato-derived/Build/Intermediates.noindex/PotatoSupervisor.build/Debug-iphonesimulator/StudyMonitorExtension.build/Objects-normal/arm64/Binary/__preview.dylib

CreateUniversalBinary /Users/runner/work/_temp/potato-derived/Build/Products/Debug-iphonesimulator/StudyShieldActionExtension.appex/__preview.dylib normal arm64\ x86_64 (in target 'StudyShieldActionExtension' from project 'PotatoSupervisor')
    cd /Users/runner/work/potato-supervisor/potato-supervisor/ios
    /Applications/Xcode_26.5.app/Contents/Developer/Toolchains/XcodeDefault.xctoolchain/usr/bin/lipo -create /Users/runner/work/_temp/potato-derived/Build/Intermediates.noindex/PotatoSupervisor.build/Debug-iphonesimulator/StudyShieldActionExtension.build/Objects-normal/arm64/Binary/__preview.dylib /Users/runner/work/_temp/potato-derived/Build/Intermediates.noindex/PotatoSupervisor.build/Debug-iphonesimulator/StudyShieldActionExtension.build/Objects-normal/x86_64/Binary/__preview.dylib -output /Users/runner/work/_temp/potato-derived/Build/Products/Debug-iphonesimulator/StudyShieldActionExtension.appex/__preview.dylib

ProcessInfoPlistFile /Users/runner/work/_temp/potato-derived/Build/Products/Debug-iphonesimulator/StudyMonitorExtension.appex/Info.plist /Users/runner/work/potato-supervisor/potato-supervisor/ios/Config/StudyMonitorExtension-Info.plist (in target 'StudyMonitorExtension' from project 'PotatoSupervisor')
    cd /Users/runner/work/potato-supervisor/potato-supervisor/ios
    builtin-infoPlistUtility /Users/runner/work/potato-supervisor/potato-supervisor/ios/Config/StudyMonitorExtension-Info.plist -producttype com.apple.product-type.app-extension -expandbuildsettings -format binary -platform iphonesimulator -o /Users/runner/work/_temp/potato-derived/Build/Products/Debug-iphonesimulator/StudyMonitorExtension.appex/Info.plist

CopyPlistFile /Users/runner/work/_temp/potato-derived/Build/Products/Debug-iphonesimulator/StudyMonitorExtension.appex/PrivacyInfo.xcprivacy /Users/runner/work/potato-supervisor/potato-supervisor/ios/Config/PrivacyInfo.xcprivacy (in target 'StudyMonitorExtension' from project 'PotatoSupervisor')
    cd /Users/runner/work/potato-supervisor/potato-supervisor/ios
    builtin-copyPlist --convert binary1 --outdir /Users/runner/work/_temp/potato-derived/Build/Products/Debug-iphonesimulator/StudyMonitorExtension.appex -- /Users/runner/work/potato-supervisor/potato-supervisor/ios/Config/PrivacyInfo.xcprivacy

CreateUniversalBinary /Users/runner/work/_temp/potato-derived/Build/Products/Debug-iphonesimulator/StudyMonitorExtension.appex/__preview.dylib normal arm64\ x86_64 (in target 'StudyMonitorExtension' from project 'PotatoSupervisor')
    cd /Users/runner/work/potato-supervisor/potato-supervisor/ios
    /Applications/Xcode_26.5.app/Contents/Developer/Toolchains/XcodeDefault.xctoolchain/usr/bin/lipo -create /Users/runner/work/_temp/potato-derived/Build/Intermediates.noindex/PotatoSupervisor.build/Debug-iphonesimulator/StudyMonitorExtension.build/Objects-normal/arm64/Binary/__preview.dylib /Users/runner/work/_temp/potato-derived/Build/Intermediates.noindex/PotatoSupervisor.build/Debug-iphonesimulator/StudyMonitorExtension.build/Objects-normal/x86_64/Binary/__preview.dylib -output /Users/runner/work/_temp/potato-derived/Build/Products/Debug-iphonesimulator/StudyMonitorExtension.appex/__preview.dylib

SwiftDriver StudyShieldConfigurationExtension normal arm64 com.apple.xcode.tools.swift.compiler (in target 'StudyShieldConfigurationExtension' from project 'PotatoSupervisor')
    cd /Users/runner/work/potato-supervisor/potato-supervisor/ios
    builtin-SwiftDriver -- /Applications/Xcode_26.5.app/Contents/Developer/Toolchains/XcodeDefault.xctoolchain/usr/bin/swiftc -module-name StudyShieldConfigurationExtension -Onone @/Users/runner/work/_temp/potato-derived/Build/Intermediates.noindex/PotatoSupervisor.build/Debug-iphonesimulator/StudyShieldConfigurationExtension.build/Objects-normal/arm64/StudyShieldConfigurationExtension.SwiftFileList -DDEBUG -strict-concurrency\=targeted -enable-bare-slash-regex -enable-experimental-feature DebugDescriptionMacro -sdk /Applications/Xcode_26.5.app/Contents/Developer/Platforms/iPhoneSimulator.platform/Developer/SDKs/iPhoneSimulator26.5.sdk -target arm64-apple-ios17.4-simulator -g -module-cache-path /Users/runner/work/_temp/potato-derived/ModuleCache.noindex -Xfrontend -serialize-debugging-options -application-extension -enable-testing -index-store-path /Users/runner/work/_temp/potato-derived/Index.noindex/DataStore -swift-version 5 -I /Users/runner/work/_temp/potato-derived/Build/Products/Debug-iphonesimulator -F /Users/runner/work/_temp/potato-derived/Build/Products/Debug-iphonesimulator -emit-localized-strings -emit-localized-strings-path /Users/runner/work/_temp/potato-derived/Build/Intermediates.noindex/PotatoSupervisor.build/Debug-iphonesimulator/StudyShieldConfigurationExtension.build/Objects-normal/arm64 -c -j3 -enable-batch-mode -incremental -Xcc -ivfsstatcache -Xcc /Users/runner/work/_temp/potato-derived/SDKStatCaches.noindex/iphonesimulator26.5-23F73-688ef53f1462e2c8f657fdc38a81448ffb7d586738ff35573a713a18216ade27.sdkstatcache -output-file-map /Users/runner/work/_temp/potato-derived/Build/Intermediates.noindex/PotatoSupervisor.build/Debug-iphonesimulator/StudyShieldConfigurationExtension.build/Objects-normal/arm64/StudyShieldConfigurationExtension-OutputFileMap.json -use-frontend-parseable-output -save-temps -no-color-diagnostics -explicit-module-build -module-cache-path /Users/runner/work/_temp/potato-derived/Build/Intermediates.noindex/SwiftExplicitPrecompiledModules -clang-scanner-module-cache-path /Users/runner/work/_temp/potato-derived/ModuleCache.noindex -sdk-module-cache-path /Users/runner/work/_temp/potato-derived/ModuleCache.noindex -serialize-diagnostics -emit-dependencies -emit-module -emit-module-path /Users/runner/work/_temp/potato-derived/Build/Intermediates.noindex/PotatoSupervisor.build/Debug-iphonesimulator/StudyShieldConfigurationExtension.build/Objects-normal/arm64/StudyShieldConfigurationExtension.swiftmodule -validate-clang-modules-once -clang-build-session-file /Users/runner/work/_temp/potato-derived/ModuleCache.noindex/Session.modulevalidation -Xcc -I/Users/runner/work/_temp/potato-derived/Build/Intermediates.noindex/PotatoSupervisor.build/Debug-iphonesimulator/StudyShieldConfigurationExtension.build/swift-overrides.hmap -emit-const-values -Xfrontend -const-gather-protocols-file -Xfrontend /Users/runner/work/_temp/potato-derived/Build/Intermediates.noindex/PotatoSupervisor.build/Debug-iphonesimulator/StudyShieldConfigurationExtension.build/Objects-normal/arm64/StudyShieldConfigurationExtension_const_extract_protocols.json -Xcc -iquote -Xcc /Users/runner/work/_temp/potato-derived/Build/Intermediates.noindex/PotatoSupervisor.build/Debug-iphonesimulator/StudyShieldConfigurationExtension.build/StudyShieldConfigurationExtension-generated-files.hmap -Xcc -I/Users/runner/work/_temp/potato-derived/Build/Intermediates.noindex/PotatoSupervisor.build/Debug-iphonesimulator/StudyShieldConfigurationExtension.build/StudyShieldConfigurationExtension-own-target-headers.hmap -Xcc -I/Users/runner/work/_temp/potato-derived/Build/Intermediates.noindex/PotatoSupervisor.build/Debug-iphonesimulator/StudyShieldConfigurationExtension.build/StudyShieldConfigurationExtension-all-target-headers.hmap -Xcc -iquote -Xcc /Users/runner/work/_temp/potato-derived/Build/Intermediates.noindex/PotatoSupervisor.build/Debug-iphonesimulator/StudyShieldConfigurationExtension.build/StudyShieldConfigurationExtension-project-headers.hmap -Xcc -I/Users/runner/work/_temp/potato-derived/Build/Products/Debug-iphonesimulator/include -Xcc -I/Users/runner/work/_temp/potato-derived/Build/Intermediates.noindex/PotatoSupervisor.build/Debug-iphonesimulator/StudyShieldConfigurationExtension.build/DerivedSources-normal/arm64 -Xcc -I/Users/runner/work/_temp/potato-derived/Build/Intermediates.noindex/PotatoSupervisor.build/Debug-iphonesimulator/StudyShieldConfigurationExtension.build/DerivedSources/arm64 -Xcc -I/Users/runner/work/_temp/potato-derived/Build/Intermediates.noindex/PotatoSupervisor.build/Debug-iphonesimulator/StudyShieldConfigurationExtension.build/DerivedSources -emit-objc-header -emit-objc-header-path /Users/runner/work/_temp/potato-derived/Build/Intermediates.noindex/PotatoSupervisor.build/Debug-iphonesimulator/StudyShieldConfigurationExtension.build/Objects-normal/arm64/StudyShieldConfigurationExtension-Swift.h -working-directory /Users/runner/work/potato-supervisor/potato-supervisor/ios -experimental-emit-module-separately -disable-cmo

SwiftDriver StudyShieldConfigurationExtension normal x86_64 com.apple.xcode.tools.swift.compiler (in target 'StudyShieldConfigurationExtension' from project 'PotatoSupervisor')
    cd /Users/runner/work/potato-supervisor/potato-supervisor/ios
    builtin-SwiftDriver -- /Applications/Xcode_26.5.app/Contents/Developer/Toolchains/XcodeDefault.xctoolchain/usr/bin/swiftc -module-name StudyShieldConfigurationExtension -Onone @/Users/runner/work/_temp/potato-derived/Build/Intermediates.noindex/PotatoSupervisor.build/Debug-iphonesimulator/StudyShieldConfigurationExtension.build/Objects-normal/x86_64/StudyShieldConfigurationExtension.SwiftFileList -DDEBUG -strict-concurrency\=targeted -enable-bare-slash-regex -enable-experimental-feature DebugDescriptionMacro -sdk /Applications/Xcode_26.5.app/Contents/Developer/Platforms/iPhoneSimulator.platform/Developer/SDKs/iPhoneSimulator26.5.sdk -target x86_64-apple-ios17.4-simulator -g -module-cache-path /Users/runner/work/_temp/potato-derived/ModuleCache.noindex -Xfrontend -serialize-debugging-options -application-extension -enable-testing -index-store-path /Users/runner/work/_temp/potato-derived/Index.noindex/DataStore -swift-version 5 -I /Users/runner/work/_temp/potato-derived/Build/Products/Debug-iphonesimulator -F /Users/runner/work/_temp/potato-derived/Build/Products/Debug-iphonesimulator -emit-localized-strings -emit-localized-strings-path /Users/runner/work/_temp/potato-derived/Build/Intermediates.noindex/PotatoSupervisor.build/Debug-iphonesimulator/StudyShieldConfigurationExtension.build/Objects-normal/x86_64 -c -j3 -enable-batch-mode -incremental -Xcc -ivfsstatcache -Xcc /Users/runner/work/_temp/potato-derived/SDKStatCaches.noindex/iphonesimulator26.5-23F73-688ef53f1462e2c8f657fdc38a81448ffb7d586738ff35573a713a18216ade27.sdkstatcache -output-file-map /Users/runner/work/_temp/potato-derived/Build/Intermediates.noindex/PotatoSupervisor.build/Debug-iphonesimulator/StudyShieldConfigurationExtension.build/Objects-normal/x86_64/StudyShieldConfigurationExtension-OutputFileMap.json -use-frontend-parseable-output -save-temps -no-color-diagnostics -explicit-module-build -module-cache-path /Users/runner/work/_temp/potato-derived/Build/Intermediates.noindex/SwiftExplicitPrecompiledModules -clang-scanner-module-cache-path /Users/runner/work/_temp/potato-derived/ModuleCache.noindex -sdk-module-cache-path /Users/runner/work/_temp/potato-derived/ModuleCache.noindex -serialize-diagnostics -emit-dependencies -emit-module -emit-module-path /Users/runner/work/_temp/potato-derived/Build/Intermediates.noindex/PotatoSupervisor.build/Debug-iphonesimulator/StudyShieldConfigurationExtension.build/Objects-normal/x86_64/StudyShieldConfigurationExtension.swiftmodule -validate-clang-modules-once -clang-build-session-file /Users/runner/work/_temp/potato-derived/ModuleCache.noindex/Session.modulevalidation -Xcc -I/Users/runner/work/_temp/potato-derived/Build/Intermediates.noindex/PotatoSupervisor.build/Debug-iphonesimulator/StudyShieldConfigurationExtension.build/swift-overrides.hmap -emit-const-values -Xfrontend -const-gather-protocols-file -Xfrontend /Users/runner/work/_temp/potato-derived/Build/Intermediates.noindex/PotatoSupervisor.build/Debug-iphonesimulator/StudyShieldConfigurationExtension.build/Objects-normal/x86_64/StudyShieldConfigurationExtension_const_extract_protocols.json -Xcc -iquote -Xcc /Users/runner/work/_temp/potato-derived/Build/Intermediates.noindex/PotatoSupervisor.build/Debug-iphonesimulator/StudyShieldConfigurationExtension.build/StudyShieldConfigurationExtension-generated-files.hmap -Xcc -I/Users/runner/work/_temp/potato-derived/Build/Intermediates.noindex/PotatoSupervisor.build/Debug-iphonesimulator/StudyShieldConfigurationExtension.build/StudyShieldConfigurationExtension-own-target-headers.hmap -Xcc -I/Users/runner/work/_temp/potato-derived/Build/Intermediates.noindex/PotatoSupervisor.build/Debug-iphonesimulator/StudyShieldConfigurationExtension.build/StudyShieldConfigurationExtension-all-target-headers.hmap -Xcc -iquote -Xcc /Users/runner/work/_temp/potato-derived/Build/Intermediates.noindex/PotatoSupervisor.build/Debug-iphonesimulator/StudyShieldConfigurationExtension.build/StudyShieldConfigurationExtension-project-headers.hmap -Xcc -I/Users/runner/work/_temp/potato-derived/Build/Products/Debug-iphonesimulator/include -Xcc -I/Users/runner/work/_temp/potato-derived/Build/Intermediates.noindex/PotatoSupervisor.build/Debug-iphonesimulator/StudyShieldConfigurationExtension.build/DerivedSources-normal/x86_64 -Xcc -I/Users/runner/work/_temp/potato-derived/Build/Intermediates.noindex/PotatoSupervisor.build/Debug-iphonesimulator/StudyShieldConfigurationExtension.build/DerivedSources/x86_64 -Xcc -I/Users/runner/work/_temp/potato-derived/Build/Intermediates.noindex/PotatoSupervisor.build/Debug-iphonesimulator/StudyShieldConfigurationExtension.build/DerivedSources -emit-objc-header -emit-objc-header-path /Users/runner/work/_temp/potato-derived/Build/Intermediates.noindex/PotatoSupervisor.build/Debug-iphonesimulator/StudyShieldConfigurationExtension.build/Objects-normal/x86_64/StudyShieldConfigurationExtension-Swift.h -working-directory /Users/runner/work/potato-supervisor/potato-supervisor/ios -experimental-emit-module-separately -disable-cmo

SwiftDriver StudyShieldActionExtension normal x86_64 com.apple.xcode.tools.swift.compiler (in target 'StudyShieldActionExtension' from project 'PotatoSupervisor')
    cd /Users/runner/work/potato-supervisor/potato-supervisor/ios
    builtin-SwiftDriver -- /Applications/Xcode_26.5.app/Contents/Developer/Toolchains/XcodeDefault.xctoolchain/usr/bin/swiftc -module-name StudyShieldActionExtension -Onone @/Users/runner/work/_temp/potato-derived/Build/Intermediates.noindex/PotatoSupervisor.build/Debug-iphonesimulator/StudyShieldActionExtension.build/Objects-normal/x86_64/StudyShieldActionExtension.SwiftFileList -DDEBUG -strict-concurrency\=targeted -enable-bare-slash-regex -enable-experimental-feature DebugDescriptionMacro -sdk /Applications/Xcode_26.5.app/Contents/Developer/Platforms/iPhoneSimulator.platform/Developer/SDKs/iPhoneSimulator26.5.sdk -target x86_64-apple-ios17.4-simulator -g -module-cache-path /Users/runner/work/_temp/potato-derived/ModuleCache.noindex -Xfrontend -serialize-debugging-options -application-extension -enable-testing -index-store-path /Users/runner/work/_temp/potato-derived/Index.noindex/DataStore -swift-version 5 -I /Users/runner/work/_temp/potato-derived/Build/Products/Debug-iphonesimulator -F /Users/runner/work/_temp/potato-derived/Build/Products/Debug-iphonesimulator -emit-localized-strings -emit-localized-strings-path /Users/runner/work/_temp/potato-derived/Build/Intermediates.noindex/PotatoSupervisor.build/Debug-iphonesimulator/StudyShieldActionExtension.build/Objects-normal/x86_64 -c -j3 -enable-batch-mode -incremental -Xcc -ivfsstatcache -Xcc /Users/runner/work/_temp/potato-derived/SDKStatCaches.noindex/iphonesimulator26.5-23F73-688ef53f1462e2c8f657fdc38a81448ffb7d586738ff35573a713a18216ade27.sdkstatcache -output-file-map /Users/runner/work/_temp/potato-derived/Build/Intermediates.noindex/PotatoSupervisor.build/Debug-iphonesimulator/StudyShieldActionExtension.build/Objects-normal/x86_64/StudyShieldActionExtension-OutputFileMap.json -use-frontend-parseable-output -save-temps -no-color-diagnostics -explicit-module-build -module-cache-path /Users/runner/work/_temp/potato-derived/Build/Intermediates.noindex/SwiftExplicitPrecompiledModules -clang-scanner-module-cache-path /Users/runner/work/_temp/potato-derived/ModuleCache.noindex -sdk-module-cache-path /Users/runner/work/_temp/potato-derived/ModuleCache.noindex -serialize-diagnostics -emit-dependencies -emit-module -emit-module-path /Users/runner/work/_temp/potato-derived/Build/Intermediates.noindex/PotatoSupervisor.build/Debug-iphonesimulator/StudyShieldActionExtension.build/Objects-normal/x86_64/StudyShieldActionExtension.swiftmodule -validate-clang-modules-once -clang-build-session-file /Users/runner/work/_temp/potato-derived/ModuleCache.noindex/Session.modulevalidation -Xcc -I/Users/runner/work/_temp/potato-derived/Build/Intermediates.noindex/PotatoSupervisor.build/Debug-iphonesimulator/StudyShieldActionExtension.build/swift-overrides.hmap -emit-const-values -Xfrontend -const-gather-protocols-file -Xfrontend /Users/runner/work/_temp/potato-derived/Build/Intermediates.noindex/PotatoSupervisor.build/Debug-iphonesimulator/StudyShieldActionExtension.build/Objects-normal/x86_64/StudyShieldActionExtension_const_extract_protocols.json -Xcc -iquote -Xcc /Users/runner/work/_temp/potato-derived/Build/Intermediates.noindex/PotatoSupervisor.build/Debug-iphonesimulator/StudyShieldActionExtension.build/StudyShieldActionExtension-generated-files.hmap -Xcc -I/Users/runner/work/_temp/potato-derived/Build/Intermediates.noindex/PotatoSupervisor.build/Debug-iphonesimulator/StudyShieldActionExtension.build/StudyShieldActionExtension-own-target-headers.hmap -Xcc -I/Users/runner/work/_temp/potato-derived/Build/Intermediates.noindex/PotatoSupervisor.build/Debug-iphonesimulator/StudyShieldActionExtension.build/StudyShieldActionExtension-all-target-headers.hmap -Xcc -iquote -Xcc /Users/runner/work/_temp/potato-derived/Build/Intermediates.noindex/PotatoSupervisor.build/Debug-iphonesimulator/StudyShieldActionExtension.build/StudyShieldActionExtension-project-headers.hmap -Xcc -I/Users/runner/work/_temp/potato-derived/Build/Products/Debug-iphonesimulator/include -Xcc -I/Users/runner/work/_temp/potato-derived/Build/Intermediates.noindex/PotatoSupervisor.build/Debug-iphonesimulator/StudyShieldActionExtension.build/DerivedSources-normal/x86_64 -Xcc -I/Users/runner/work/_temp/potato-derived/Build/Intermediates.noindex/PotatoSupervisor.build/Debug-iphonesimulator/StudyShieldActionExtension.build/DerivedSources/x86_64 -Xcc -I/Users/runner/work/_temp/potato-derived/Build/Intermediates.noindex/PotatoSupervisor.build/Debug-iphonesimulator/StudyShieldActionExtension.build/DerivedSources -emit-objc-header -emit-objc-header-path /Users/runner/work/_temp/potato-derived/Build/Intermediates.noindex/PotatoSupervisor.build/Debug-iphonesimulator/StudyShieldActionExtension.build/Objects-normal/x86_64/StudyShieldActionExtension-Swift.h -working-directory /Users/runner/work/potato-supervisor/potato-supervisor/ios -experimental-emit-module-separately -disable-cmo

SwiftDriver StudyShieldActionExtension normal arm64 com.apple.xcode.tools.swift.compiler (in target 'StudyShieldActionExtension' from project 'PotatoSupervisor')
    cd /Users/runner/work/potato-supervisor/potato-supervisor/ios
    builtin-SwiftDriver -- /Applications/Xcode_26.5.app/Contents/Developer/Toolchains/XcodeDefault.xctoolchain/usr/bin/swiftc -module-name StudyShieldActionExtension -Onone @/Users/runner/work/_temp/potato-derived/Build/Intermediates.noindex/PotatoSupervisor.build/Debug-iphonesimulator/StudyShieldActionExtension.build/Objects-normal/arm64/StudyShieldActionExtension.SwiftFileList -DDEBUG -strict-concurrency\=targeted -enable-bare-slash-regex -enable-experimental-feature DebugDescriptionMacro -sdk /Applications/Xcode_26.5.app/Contents/Developer/Platforms/iPhoneSimulator.platform/Developer/SDKs/iPhoneSimulator26.5.sdk -target arm64-apple-ios17.4-simulator -g -module-cache-path /Users/runner/work/_temp/potato-derived/ModuleCache.noindex -Xfrontend -serialize-debugging-options -application-extension -enable-testing -index-store-path /Users/runner/work/_temp/potato-derived/Index.noindex/DataStore -swift-version 5 -I /Users/runner/work/_temp/potato-derived/Build/Products/Debug-iphonesimulator -F /Users/runner/work/_temp/potato-derived/Build/Products/Debug-iphonesimulator -emit-localized-strings -emit-localized-strings-path /Users/runner/work/_temp/potato-derived/Build/Intermediates.noindex/PotatoSupervisor.build/Debug-iphonesimulator/StudyShieldActionExtension.build/Objects-normal/arm64 -c -j3 -enable-batch-mode -incremental -Xcc -ivfsstatcache -Xcc /Users/runner/work/_temp/potato-derived/SDKStatCaches.noindex/iphonesimulator26.5-23F73-688ef53f1462e2c8f657fdc38a81448ffb7d586738ff35573a713a18216ade27.sdkstatcache -output-file-map /Users/runner/work/_temp/potato-derived/Build/Intermediates.noindex/PotatoSupervisor.build/Debug-iphonesimulator/StudyShieldActionExtension.build/Objects-normal/arm64/StudyShieldActionExtension-OutputFileMap.json -use-frontend-parseable-output -save-temps -no-color-diagnostics -explicit-module-build -module-cache-path /Users/runner/work/_temp/potato-derived/Build/Intermediates.noindex/SwiftExplicitPrecompiledModules -clang-scanner-module-cache-path /Users/runner/work/_temp/potato-derived/ModuleCache.noindex -sdk-module-cache-path /Users/runner/work/_temp/potato-derived/ModuleCache.noindex -serialize-diagnostics -emit-dependencies -emit-module -emit-module-path /Users/runner/work/_temp/potato-derived/Build/Intermediates.noindex/PotatoSupervisor.build/Debug-iphonesimulator/StudyShieldActionExtension.build/Objects-normal/arm64/StudyShieldActionExtension.swiftmodule -validate-clang-modules-once -clang-build-session-file /Users/runner/work/_temp/potato-derived/ModuleCache.noindex/Session.modulevalidation -Xcc -I/Users/runner/work/_temp/potato-derived/Build/Intermediates.noindex/PotatoSupervisor.build/Debug-iphonesimulator/StudyShieldActionExtension.build/swift-overrides.hmap -emit-const-values -Xfrontend -const-gather-protocols-file -Xfrontend /Users/runner/work/_temp/potato-derived/Build/Intermediates.noindex/PotatoSupervisor.build/Debug-iphonesimulator/StudyShieldActionExtension.build/Objects-normal/arm64/StudyShieldActionExtension_const_extract_protocols.json -Xcc -iquote -Xcc /Users/runner/work/_temp/potato-derived/Build/Intermediates.noindex/PotatoSupervisor.build/Debug-iphonesimulator/StudyShieldActionExtension.build/StudyShieldActionExtension-generated-files.hmap -Xcc -I/Users/runner/work/_temp/potato-derived/Build/Intermediates.noindex/PotatoSupervisor.build/Debug-iphonesimulator/StudyShieldActionExtension.build/StudyShieldActionExtension-own-target-headers.hmap -Xcc -I/Users/runner/work/_temp/potato-derived/Build/Intermediates.noindex/PotatoSupervisor.build/Debug-iphonesimulator/StudyShieldActionExtension.build/StudyShieldActionExtension-all-target-headers.hmap -Xcc -iquote -Xcc /Users/runner/work/_temp/potato-derived/Build/Intermediates.noindex/PotatoSupervisor.build/Debug-iphonesimulator/StudyShieldActionExtension.build/StudyShieldActionExtension-project-headers.hmap -Xcc -I/Users/runner/work/_temp/potato-derived/Build/Products/Debug-iphonesimulator/include -Xcc -I/Users/runner/work/_temp/potato-derived/Build/Intermediates.noindex/PotatoSupervisor.build/Debug-iphonesimulator/StudyShieldActionExtension.build/DerivedSources-normal/arm64 -Xcc -I/Users/runner/work/_temp/potato-derived/Build/Intermediates.noindex/PotatoSupervisor.build/Debug-iphonesimulator/StudyShieldActionExtension.build/DerivedSources/arm64 -Xcc -I/Users/runner/work/_temp/potato-derived/Build/Intermediates.noindex/PotatoSupervisor.build/Debug-iphonesimulator/StudyShieldActionExtension.build/DerivedSources -emit-objc-header -emit-objc-header-path /Users/runner/work/_temp/potato-derived/Build/Intermediates.noindex/PotatoSupervisor.build/Debug-iphonesimulator/StudyShieldActionExtension.build/Objects-normal/arm64/StudyShieldActionExtension-Swift.h -working-directory /Users/runner/work/potato-supervisor/potato-supervisor/ios -experimental-emit-module-separately -disable-cmo

SwiftDriver StudyMonitorExtension normal arm64 com.apple.xcode.tools.swift.compiler (in target 'StudyMonitorExtension' from project 'PotatoSupervisor')
    cd /Users/runner/work/potato-supervisor/potato-supervisor/ios
    builtin-SwiftDriver -- /Applications/Xcode_26.5.app/Contents/Developer/Toolchains/XcodeDefault.xctoolchain/usr/bin/swiftc -module-name StudyMonitorExtension -Onone @/Users/runner/work/_temp/potato-derived/Build/Intermediates.noindex/PotatoSupervisor.build/Debug-iphonesimulator/StudyMonitorExtension.build/Objects-normal/arm64/StudyMonitorExtension.SwiftFileList -DDEBUG -strict-concurrency\=targeted -enable-bare-slash-regex -enable-experimental-feature DebugDescriptionMacro -sdk /Applications/Xcode_26.5.app/Contents/Developer/Platforms/iPhoneSimulator.platform/Developer/SDKs/iPhoneSimulator26.5.sdk -target arm64-apple-ios17.4-simulator -g -module-cache-path /Users/runner/work/_temp/potato-derived/ModuleCache.noindex -Xfrontend -serialize-debugging-options -application-extension -enable-testing -index-store-path /Users/runner/work/_temp/potato-derived/Index.noindex/DataStore -swift-version 5 -I /Users/runner/work/_temp/potato-derived/Build/Products/Debug-iphonesimulator -F /Users/runner/work/_temp/potato-derived/Build/Products/Debug-iphonesimulator -emit-localized-strings -emit-localized-strings-path /Users/runner/work/_temp/potato-derived/Build/Intermediates.noindex/PotatoSupervisor.build/Debug-iphonesimulator/StudyMonitorExtension.build/Objects-normal/arm64 -c -j3 -enable-batch-mode -incremental -Xcc -ivfsstatcache -Xcc /Users/runner/work/_temp/potato-derived/SDKStatCaches.noindex/iphonesimulator26.5-23F73-688ef53f1462e2c8f657fdc38a81448ffb7d586738ff35573a713a18216ade27.sdkstatcache -output-file-map /Users/runner/work/_temp/potato-derived/Build/Intermediates.noindex/PotatoSupervisor.build/Debug-iphonesimulator/StudyMonitorExtension.build/Objects-normal/arm64/StudyMonitorExtension-OutputFileMap.json -use-frontend-parseable-output -save-temps -no-color-diagnostics -explicit-module-build -module-cache-path /Users/runner/work/_temp/potato-derived/Build/Intermediates.noindex/SwiftExplicitPrecompiledModules -clang-scanner-module-cache-path /Users/runner/work/_temp/potato-derived/ModuleCache.noindex -sdk-module-cache-path /Users/runner/work/_temp/potato-derived/ModuleCache.noindex -serialize-diagnostics -emit-dependencies -emit-module -emit-module-path /Users/runner/work/_temp/potato-derived/Build/Intermediates.noindex/PotatoSupervisor.build/Debug-iphonesimulator/StudyMonitorExtension.build/Objects-normal/arm64/StudyMonitorExtension.swiftmodule -validate-clang-modules-once -clang-build-session-file /Users/runner/work/_temp/potato-derived/ModuleCache.noindex/Session.modulevalidation -Xcc -I/Users/runner/work/_temp/potato-derived/Build/Intermediates.noindex/PotatoSupervisor.build/Debug-iphonesimulator/StudyMonitorExtension.build/swift-overrides.hmap -emit-const-values -Xfrontend -const-gather-protocols-file -Xfrontend /Users/runner/work/_temp/potato-derived/Build/Intermediates.noindex/PotatoSupervisor.build/Debug-iphonesimulator/StudyMonitorExtension.build/Objects-normal/arm64/StudyMonitorExtension_const_extract_protocols.json -Xcc -iquote -Xcc /Users/runner/work/_temp/potato-derived/Build/Intermediates.noindex/PotatoSupervisor.build/Debug-iphonesimulator/StudyMonitorExtension.build/StudyMonitorExtension-generated-files.hmap -Xcc -I/Users/runner/work/_temp/potato-derived/Build/Intermediates.noindex/PotatoSupervisor.build/Debug-iphonesimulator/StudyMonitorExtension.build/StudyMonitorExtension-own-target-headers.hmap -Xcc -I/Users/runner/work/_temp/potato-derived/Build/Intermediates.noindex/PotatoSupervisor.build/Debug-iphonesimulator/StudyMonitorExtension.build/StudyMonitorExtension-all-target-headers.hmap -Xcc -iquote -Xcc /Users/runner/work/_temp/potato-derived/Build/Intermediates.noindex/PotatoSupervisor.build/Debug-iphonesimulator/StudyMonitorExtension.build/StudyMonitorExtension-project-headers.hmap -Xcc -I/Users/runner/work/_temp/potato-derived/Build/Products/Debug-iphonesimulator/include -Xcc -I/Users/runner/work/_temp/potato-derived/Build/Intermediates.noindex/PotatoSupervisor.build/Debug-iphonesimulator/StudyMonitorExtension.build/DerivedSources-normal/arm64 -Xcc -I/Users/runner/work/_temp/potato-derived/Build/Intermediates.noindex/PotatoSupervisor.build/Debug-iphonesimulator/StudyMonitorExtension.build/DerivedSources/arm64 -Xcc -I/Users/runner/work/_temp/potato-derived/Build/Intermediates.noindex/PotatoSupervisor.build/Debug-iphonesimulator/StudyMonitorExtension.build/DerivedSources -emit-objc-header -emit-objc-header-path /Users/runner/work/_temp/potato-derived/Build/Intermediates.noindex/PotatoSupervisor.build/Debug-iphonesimulator/StudyMonitorExtension.build/Objects-normal/arm64/StudyMonitorExtension-Swift.h -working-directory /Users/runner/work/potato-supervisor/potato-supervisor/ios -experimental-emit-module-separately -disable-cmo

SwiftDriver StudyMonitorExtension normal x86_64 com.apple.xcode.tools.swift.compiler (in target 'StudyMonitorExtension' from project 'PotatoSupervisor')
    cd /Users/runner/work/potato-supervisor/potato-supervisor/ios
    builtin-SwiftDriver -- /Applications/Xcode_26.5.app/Contents/Developer/Toolchains/XcodeDefault.xctoolchain/usr/bin/swiftc -module-name StudyMonitorExtension -Onone @/Users/runner/work/_temp/potato-derived/Build/Intermediates.noindex/PotatoSupervisor.build/Debug-iphonesimulator/StudyMonitorExtension.build/Objects-normal/x86_64/StudyMonitorExtension.SwiftFileList -DDEBUG -strict-concurrency\=targeted -enable-bare-slash-regex -enable-experimental-feature DebugDescriptionMacro -sdk /Applications/Xcode_26.5.app/Contents/Developer/Platforms/iPhoneSimulator.platform/Developer/SDKs/iPhoneSimulator26.5.sdk -target x86_64-apple-ios17.4-simulator -g -module-cache-path /Users/runner/work/_temp/potato-derived/ModuleCache.noindex -Xfrontend -serialize-debugging-options -application-extension -enable-testing -index-store-path /Users/runner/work/_temp/potato-derived/Index.noindex/DataStore -swift-version 5 -I /Users/runner/work/_temp/potato-derived/Build/Products/Debug-iphonesimulator -F /Users/runner/work/_temp/potato-derived/Build/Products/Debug-iphonesimulator -emit-localized-strings -emit-localized-strings-path /Users/runner/work/_temp/potato-derived/Build/Intermediates.noindex/PotatoSupervisor.build/Debug-iphonesimulator/StudyMonitorExtension.build/Objects-normal/x86_64 -c -j3 -enable-batch-mode -incremental -Xcc -ivfsstatcache -Xcc /Users/runner/work/_temp/potato-derived/SDKStatCaches.noindex/iphonesimulator26.5-23F73-688ef53f1462e2c8f657fdc38a81448ffb7d586738ff35573a713a18216ade27.sdkstatcache -output-file-map /Users/runner/work/_temp/potato-derived/Build/Intermediates.noindex/PotatoSupervisor.build/Debug-iphonesimulator/StudyMonitorExtension.build/Objects-normal/x86_64/StudyMonitorExtension-OutputFileMap.json -use-frontend-parseable-output -save-temps -no-color-diagnostics -explicit-module-build -module-cache-path /Users/runner/work/_temp/potato-derived/Build/Intermediates.noindex/SwiftExplicitPrecompiledModules -clang-scanner-module-cache-path /Users/runner/work/_temp/potato-derived/ModuleCache.noindex -sdk-module-cache-path /Users/runner/work/_temp/potato-derived/ModuleCache.noindex -serialize-diagnostics -emit-dependencies -emit-module -emit-module-path /Users/runner/work/_temp/potato-derived/Build/Intermediates.noindex/PotatoSupervisor.build/Debug-iphonesimulator/StudyMonitorExtension.build/Objects-normal/x86_64/StudyMonitorExtension.swiftmodule -validate-clang-modules-once -clang-build-session-file /Users/runner/work/_temp/potato-derived/ModuleCache.noindex/Session.modulevalidation -Xcc -I/Users/runner/work/_temp/potato-derived/Build/Intermediates.noindex/PotatoSupervisor.build/Debug-iphonesimulator/StudyMonitorExtension.build/swift-overrides.hmap -emit-const-values -Xfrontend -const-gather-protocols-file -Xfrontend /Users/runner/work/_temp/potato-derived/Build/Intermediates.noindex/PotatoSupervisor.build/Debug-iphonesimulator/StudyMonitorExtension.build/Objects-normal/x86_64/StudyMonitorExtension_const_extract_protocols.json -Xcc -iquote -Xcc /Users/runner/work/_temp/potato-derived/Build/Intermediates.noindex/PotatoSupervisor.build/Debug-iphonesimulator/StudyMonitorExtension.build/StudyMonitorExtension-generated-files.hmap -Xcc -I/Users/runner/work/_temp/potato-derived/Build/Intermediates.noindex/PotatoSupervisor.build/Debug-iphonesimulator/StudyMonitorExtension.build/StudyMonitorExtension-own-target-headers.hmap -Xcc -I/Users/runner/work/_temp/potato-derived/Build/Intermediates.noindex/PotatoSupervisor.build/Debug-iphonesimulator/StudyMonitorExtension.build/StudyMonitorExtension-all-target-headers.hmap -Xcc -iquote -Xcc /Users/runner/work/_temp/potato-derived/Build/Intermediates.noindex/PotatoSupervisor.build/Debug-iphonesimulator/StudyMonitorExtension.build/StudyMonitorExtension-project-headers.hmap -Xcc -I/Users/runner/work/_temp/potato-derived/Build/Products/Debug-iphonesimulator/include -Xcc -I/Users/runner/work/_temp/potato-derived/Build/Intermediates.noindex/PotatoSupervisor.build/Debug-iphonesimulator/StudyMonitorExtension.build/DerivedSources-normal/x86_64 -Xcc -I/Users/runner/work/_temp/potato-derived/Build/Intermediates.noindex/PotatoSupervisor.build/Debug-iphonesimulator/StudyMonitorExtension.build/DerivedSources/x86_64 -Xcc -I/Users/runner/work/_temp/potato-derived/Build/Intermediates.noindex/PotatoSupervisor.build/Debug-iphonesimulator/StudyMonitorExtension.build/DerivedSources -emit-objc-header -emit-objc-header-path /Users/runner/work/_temp/potato-derived/Build/Intermediates.noindex/PotatoSupervisor.build/Debug-iphonesimulator/StudyMonitorExtension.build/Objects-normal/x86_64/StudyMonitorExtension-Swift.h -working-directory /Users/runner/work/potato-supervisor/potato-supervisor/ios -experimental-emit-module-separately -disable-cmo

SwiftExplicitDependencyGeneratePcm arm64 /Users/runner/work/_temp/potato-derived/ModuleCache.noindex/_Builtin_stdbool-4COYCO7Z6E9Y8UOK1RVU744U7.pcm

SwiftExplicitDependencyGeneratePcm x86_64 /Users/runner/work/_temp/potato-derived/ModuleCache.noindex/DeveloperToolsSupport-AM7FOFDF3OU3Z5ORBB2AN390V.pcm

SwiftExplicitDependencyGeneratePcm arm64 /Users/runner/work/_temp/potato-derived/ModuleCache.noindex/_Builtin_stdarg-CRYK0SJ9L6YL2Y4LQBJYGJRR9.pcm

SwiftExplicitDependencyGeneratePcm arm64 /Users/runner/work/_temp/potato-derived/ModuleCache.noindex/_AvailabilityInternal-DAIP1HI1PI3XQ2GU3RXRTYYNL.pcm

SwiftExplicitDependencyGeneratePcm arm64 /Users/runner/work/_temp/potato-derived/ModuleCache.noindex/_SwiftConcurrencyShims-9SFWPGOVC8FF7LO19BT4707UR.pcm

SwiftExplicitDependencyGeneratePcm arm64 /Users/runner/work/_temp/potato-derived/ModuleCache.noindex/_Builtin_stddef-5596PJ95VHVWG0MT6JP7AM5WX.pcm

SwiftExplicitDependencyGeneratePcm x86_64 /Users/runner/work/_temp/potato-derived/ModuleCache.noindex/_Builtin_float-42Q0QKAZFE3DPW05SZ5PJVR9T.pcm

SwiftExplicitDependencyGeneratePcm arm64 /Users/runner/work/_temp/potato-derived/ModuleCache.noindex/DeveloperToolsSupport-82RHN62LT9AJIQ0RXBXIKEC4F.pcm

SwiftExplicitDependencyGeneratePcm x86_64 /Users/runner/work/_temp/potato-derived/ModuleCache.noindex/_Builtin_stddef-EQRU6O6DEIIJRAD8BKKSSBI5J.pcm

SwiftExplicitDependencyGeneratePcm x86_64 /Users/runner/work/_temp/potato-derived/ModuleCache.noindex/_Builtin_stdarg-ATOILHXRIKCZ6SDCDZQZL5OTZ.pcm

SwiftExplicitDependencyGeneratePcm x86_64 /Users/runner/work/_temp/potato-derived/ModuleCache.noindex/ptrauth-81JLD5LEW89KVLDUCZIREZ02M.pcm

SwiftExplicitDependencyGeneratePcm arm64 /Users/runner/work/_temp/potato-derived/ModuleCache.noindex/ptrauth-9GQHFCYNRPWUOTD5DGWZQNHKP.pcm

SwiftExplicitDependencyGeneratePcm x86_64 /Users/runner/work/_temp/potato-derived/ModuleCache.noindex/_AvailabilityInternal-3O5JOADDKQU75OR5KV58J7I24.pcm

SwiftExplicitDependencyGeneratePcm x86_64 /Users/runner/work/_temp/potato-derived/ModuleCache.noindex/_SwiftConcurrencyShims-3BTY6W09CRTQRYK3HYSDASJWY.pcm

SwiftExplicitDependencyGeneratePcm arm64 /Users/runner/work/_temp/potato-derived/ModuleCache.noindex/_Builtin_float-40TDCE5CLK3U7H1YBOY8R85DC.pcm

SwiftExplicitDependencyGeneratePcm x86_64 /Users/runner/work/_temp/potato-derived/ModuleCache.noindex/_Builtin_stdbool-EHS4Y7U3SQQ8HIWPJYNLQK7TG.pcm

SwiftExplicitDependencyGeneratePcm x86_64 /Users/runner/work/_temp/potato-derived/ModuleCache.noindex/SwiftShims-5E9EI5GXLS1AXQT4M08PO9OD9.pcm

SwiftExplicitDependencyGeneratePcm arm64 /Users/runner/work/_temp/potato-derived/ModuleCache.noindex/SwiftShims-I3OGPCRBHVGHBV399RSQOS0B.pcm

SwiftExplicitDependencyGeneratePcm x86_64 /Users/runner/work/_temp/potato-derived/ModuleCache.noindex/ptrcheck-9O3PLFLON2P613SL1UD49ZHP.pcm

SwiftExplicitDependencyGeneratePcm arm64 /Users/runner/work/_temp/potato-derived/ModuleCache.noindex/ptrcheck-9L056SKCFR2DJLIE8HMO94G2K.pcm

SwiftExplicitDependencyGeneratePcm x86_64 /Users/runner/work/_temp/potato-derived/ModuleCache.noindex/_DarwinFoundation1-80RSGPVWJUPTH35IDD9RNLQY3.pcm

SwiftExplicitDependencyGeneratePcm arm64 /Users/runner/work/_temp/potato-derived/ModuleCache.noindex/_DarwinFoundation1-9ZF7667UINPGXDDDJ1J9MJ05I.pcm

SwiftExplicitDependencyGeneratePcm x86_64 /Users/runner/work/_temp/potato-derived/ModuleCache.noindex/_Builtin_limits-BSWZBCBWRDX2EGLBF6RZMMBMP.pcm

SwiftExplicitDependencyGeneratePcm x86_64 /Users/runner/work/_temp/potato-derived/ModuleCache.noindex/_DarwinFoundation2-3YA7JZUJZMJICDVJ4BIRDPHVM.pcm

SwiftExplicitDependencyGeneratePcm arm64 /Users/runner/work/_temp/potato-derived/ModuleCache.noindex/_Builtin_limits-1O5OVRE8I3P798NREYVU42IOD.pcm

SwiftExplicitDependencyGeneratePcm arm64 /Users/runner/work/_temp/potato-derived/ModuleCache.noindex/_DarwinFoundation2-E7IRAOFMKU6KKQMV93YESSPOO.pcm

SwiftExplicitDependencyGeneratePcm x86_64 /Users/runner/work/_temp/potato-derived/ModuleCache.noindex/sys_types-21QAJISMSLLFOBOEQRMNE4GZ.pcm

SwiftExplicitDependencyGeneratePcm x86_64 /Users/runner/work/_temp/potato-derived/ModuleCache.noindex/_Builtin_stdint-7JFJOU5AH1T58W62AH6P6GW80.pcm

SwiftExplicitDependencyGeneratePcm x86_64 /Users/runner/work/_temp/potato-derived/ModuleCache.noindex/_Builtin_tgmath-97T0T3JYXKTP7MLHB3ZZXCJQ9.pcm

SwiftExplicitDependencyGeneratePcm arm64 /Users/runner/work/_temp/potato-derived/ModuleCache.noindex/_Builtin_stdint-7MQUGQDP4HCLHJZX3N8SRYT7W.pcm

SwiftExplicitDependencyGeneratePcm arm64 /Users/runner/work/_temp/potato-derived/ModuleCache.noindex/_Builtin_tgmath-BPAF664BA5QME00UGWO90SJT6.pcm

SwiftExplicitDependencyGeneratePcm x86_64 /Users/runner/work/_temp/potato-derived/ModuleCache.noindex/_DarwinFoundation3-43GFV0R8FZCM0Y3P8D4A3GGO2.pcm

SwiftExplicitDependencyGeneratePcm arm64 /Users/runner/work/_temp/potato-derived/ModuleCache.noindex/sys_types-8EGUBG7H8F2ZZ68E8WIJCCCJE.pcm

SwiftExplicitDependencyGeneratePcm arm64 /Users/runner/work/_temp/potato-derived/ModuleCache.noindex/_Builtin_stdatomic-BPY4U9PKSPKHI8136XL2GY590.pcm

SwiftExplicitDependencyGeneratePcm arm64 /Users/runner/work/_temp/potato-derived/ModuleCache.noindex/_Builtin_intrinsics-4QJZNB7JY9ZVDMBOFJ7DCRLFL.pcm

SwiftExplicitDependencyGeneratePcm arm64 /Users/runner/work/_temp/potato-derived/ModuleCache.noindex/_DarwinFoundation3-61YKLRNBU7CAVWT80V2DCJ2H0.pcm

SwiftExplicitDependencyGeneratePcm x86_64 /Users/runner/work/_temp/potato-derived/ModuleCache.noindex/_Builtin_stdatomic-3D9D40PWFVEIRY3TPWIQP9J8J.pcm

SwiftExplicitDependencyGeneratePcm x86_64 /Users/runner/work/_temp/potato-derived/ModuleCache.noindex/_Builtin_intrinsics-28H1C0VB0YDSTQ28NY01D37N1.pcm

SwiftExplicitDependencyGeneratePcm x86_64 /Users/runner/work/_temp/potato-derived/ModuleCache.noindex/_Builtin_inttypes-93FN0AFU6JK5OQ1TMW842DZ8Z.pcm

SwiftExplicitDependencyGeneratePcm arm64 /Users/runner/work/_temp/potato-derived/ModuleCache.noindex/_Builtin_inttypes-C3LXA3KX0NXN30HDI9WKTAKH6.pcm

SwiftExplicitDependencyGeneratePcm x86_64 /Users/runner/work/_temp/potato-derived/ModuleCache.noindex/Darwin-6RKPOPDEO4WPTWYHOLE3HNMPL.pcm

SwiftExplicitDependencyGeneratePcm arm64 /Users/runner/work/_temp/potato-derived/ModuleCache.noindex/Darwin-A0KU9FBM14YRU0C6TF48220RA.pcm

SwiftExplicitDependencyGeneratePcm arm64 /Users/runner/work/_temp/potato-derived/ModuleCache.noindex/simd-E78715AH6SCF0V16K7DGTDX77.pcm

SwiftExplicitDependencyGeneratePcm x86_64 /Users/runner/work/_temp/potato-derived/ModuleCache.noindex/ObjectiveC-DS4FTAAYYY5YWGJKZATJYK1WM.pcm

SwiftExplicitDependencyGeneratePcm x86_64 /Users/runner/work/_temp/potato-derived/ModuleCache.noindex/simd-49YZWBAVV850IJORL1IF9DW6W.pcm

SwiftExplicitDependencyGeneratePcm arm64 /Users/runner/work/_temp/potato-derived/ModuleCache.noindex/MachO-A1814OYYYBVFAX5E19KNGL956.pcm

SwiftExplicitDependencyGeneratePcm x86_64 /Users/runner/work/_temp/potato-derived/ModuleCache.noindex/os_object-CDO42ICQQ2TCMHPLSV1F5KPZI.pcm

SwiftExplicitDependencyGeneratePcm arm64 /Users/runner/work/_temp/potato-derived/ModuleCache.noindex/ObjectiveC-9J7PPE8YV4F1CZCFUSVF6JVGB.pcm

SwiftExplicitDependencyGeneratePcm x86_64 /Users/runner/work/_temp/potato-derived/ModuleCache.noindex/os_workgroup-8I4CE8Y4VDJBD5J4PTVIYAA47.pcm

SwiftExplicitDependencyGeneratePcm arm64 /Users/runner/work/_temp/potato-derived/ModuleCache.noindex/os_object-8QSFN9LYVG6CXZWKHUT07MVC1.pcm

SwiftExplicitDependencyGeneratePcm x86_64 /Users/runner/work/_temp/potato-derived/ModuleCache.noindex/Dispatch-DZ1R69TVA6L1J09B0AZ74SJAW.pcm

SwiftExplicitDependencyGeneratePcm arm64 /Users/runner/work/_temp/potato-derived/ModuleCache.noindex/os_workgroup-EOUJHCY6UK77KBDGUVW5E2HS2.pcm

SwiftExplicitDependencyGeneratePcm arm64 /Users/runner/work/_temp/potato-derived/ModuleCache.noindex/Spatial-CU7858A3V8AXF79EAD4A4QJN4.pcm

SwiftExplicitDependencyGeneratePcm x86_64 /Users/runner/work/_temp/potato-derived/ModuleCache.noindex/CoreFoundation-8ENJZWQPU5RZK9F4TSVSD70BZ.pcm

SwiftExplicitDependencyGeneratePcm x86_64 /Users/runner/work/_temp/potato-derived/ModuleCache.noindex/XPC-8WGACENBOO88QCPHH070J53CG.pcm

SwiftExplicitDependencyGeneratePcm x86_64 /Users/runner/work/_temp/potato-derived/ModuleCache.noindex/Spatial-7EUHYR8KD0IE2TNP206B3DY27.pcm

SwiftExplicitDependencyGeneratePcm arm64 /Users/runner/work/_temp/potato-derived/ModuleCache.noindex/Dispatch-DU8OR5EQW13OKK86DI3VG4E6P.pcm

SwiftExplicitDependencyGeneratePcm x86_64 /Users/runner/work/_temp/potato-derived/ModuleCache.noindex/CoreServices-98YI3OIDZ0P9ZJK9FZ8GG8HOQ.pcm

SwiftExplicitDependencyGeneratePcm x86_64 /Users/runner/work/_temp/potato-derived/ModuleCache.noindex/CFNetwork-C7UWEKJ2YDVUC4IW1L8PPUVY3.pcm

SwiftExplicitDependencyGeneratePcm x86_64 /Users/runner/work/_temp/potato-derived/ModuleCache.noindex/CoreGraphics-7LRWPLBLCPNMZL56CXHQZQUSN.pcm

SwiftExplicitDependencyGeneratePcm arm64 /Users/runner/work/_temp/potato-derived/ModuleCache.noindex/XPC-AG7N5HQBM29OORN6LPEW9V5QQ.pcm

SwiftExplicitDependencyGeneratePcm x86_64 /Users/runner/work/_temp/potato-derived/ModuleCache.noindex/Security-F593O0SNPPH8LFPDC9W5IYBZ1.pcm

SwiftExplicitDependencyGeneratePcm arm64 /Users/runner/work/_temp/potato-derived/ModuleCache.noindex/CoreFoundation-8I8PVYPWNRS3LKVI2ZOXA8O1G.pcm

SwiftExplicitDependencyGeneratePcm arm64 /Users/runner/work/_temp/potato-derived/ModuleCache.noindex/os-60L35D3HHEP0QQKE0IF7ADPQZ.pcm

SwiftExplicitDependencyGeneratePcm x86_64 /Users/runner/work/_temp/potato-derived/ModuleCache.noindex/Foundation-EIU24CS2Z8ERFIX42YSUNNHJO.pcm

SwiftExplicitDependencyGeneratePcm x86_64 /Users/runner/work/_temp/potato-derived/ModuleCache.noindex/CoreText-C9DZQH0ZLE62W4MVRTY3UNNT8.pcm

SwiftExplicitDependencyGeneratePcm x86_64 /Users/runner/work/_temp/potato-derived/ModuleCache.noindex/ImageIO-XIB6KV4IOPCQC7KUDF55XUX9.pcm

SwiftExplicitDependencyGeneratePcm arm64 /Users/runner/work/_temp/potato-derived/ModuleCache.noindex/CoreServices-9LGWFQYVRBJOW8PWZFGO1GFKA.pcm

SwiftExplicitDependencyGeneratePcm arm64 /Users/runner/work/_temp/potato-derived/ModuleCache.noindex/CFNetwork-98MIKI8L3SYJ0C09S8WN5LX0H.pcm

SwiftExplicitDependencyGeneratePcm arm64 /Users/runner/work/_temp/potato-derived/ModuleCache.noindex/Security-N1T6EWVNHPPV8QHEPIC4DQN9.pcm

SwiftExplicitDependencyGeneratePcm arm64 /Users/runner/work/_temp/potato-derived/ModuleCache.noindex/CoreGraphics-4WL609IAWUYZADWL5C2IDDN7W.pcm

SwiftExplicitDependencyGeneratePcm x86_64 /Users/runner/work/_temp/potato-derived/ModuleCache.noindex/MachO-4PXWLP2D4XLXGFAP8SWAKXA24.pcm

SwiftExplicitDependencyGeneratePcm x86_64 /Users/runner/work/_temp/potato-derived/ModuleCache.noindex/CoreData-EVQNM9P3ARQ5YTRZQT45NY5RY.pcm

SwiftExplicitDependencyGeneratePcm x86_64 /Users/runner/work/_temp/potato-derived/ModuleCache.noindex/DataDetection-Z8PAOLATKKYMLMET5ZKGETX2.pcm

SwiftExplicitDependencyGeneratePcm arm64 /Users/runner/work/_temp/potato-derived/ModuleCache.noindex/CoreText-C3Z03IYJSGIHSX5J3TPTGYKPY.pcm

SwiftExplicitDependencyGeneratePcm arm64 /Users/runner/work/_temp/potato-derived/ModuleCache.noindex/ImageIO-9CL0JEU28IYMVUWI5H1U3DBXJ.pcm

SwiftExplicitDependencyGeneratePcm x86_64 /Users/runner/work/_temp/potato-derived/ModuleCache.noindex/Accessibility-88YCX2FNJ2AZQ0XJ0EY3BCM4J.pcm

SwiftExplicitDependencyGeneratePcm arm64 /Users/runner/work/_temp/potato-derived/ModuleCache.noindex/Foundation-5GK57Z8XWSX3WGV38TFZ766FK.pcm

SwiftExplicitDependencyGeneratePcm x86_64 /Users/runner/work/_temp/potato-derived/ModuleCache.noindex/os-4Y2494RUL6AHXT4HLC14BIOQ9.pcm

SwiftExplicitDependencyGeneratePcm x86_64 /Users/runner/work/_temp/potato-derived/ModuleCache.noindex/UIUtilities-8H93S8SXIK6M813CUCUWBZWJ6.pcm

SwiftExplicitDependencyGeneratePcm x86_64 /Users/runner/work/_temp/potato-derived/ModuleCache.noindex/UserNotifications-4YP686VTVVHZJPI6EOMCI3XYI.pcm

SwiftExplicitDependencyGeneratePcm x86_64 /Users/runner/work/_temp/potato-derived/ModuleCache.noindex/UniformTypeIdentifiers-40KNPXSZCAQCPRTLY6KFDSG0R.pcm

SwiftExplicitDependencyGeneratePcm x86_64 /Users/runner/work/_temp/potato-derived/ModuleCache.noindex/OSLog-E3BR4X601WM4IO1U08Y3ZYO1U.pcm

SwiftExplicitDependencyGeneratePcm x86_64 /Users/runner/work/_temp/potato-derived/ModuleCache.noindex/FileProvider-RAC7FTAO2BBAT1F5AXOMHLTB.pcm

SwiftExplicitDependencyGeneratePcm x86_64 /Users/runner/work/_temp/potato-derived/ModuleCache.noindex/CoreTransferable-54RJ3F7W40GB7RIECN2NEPQYF.pcm

SwiftExplicitDependencyGeneratePcm x86_64 /Users/runner/work/_temp/potato-derived/ModuleCache.noindex/Symbols-DVP1JS9JV1R41HTTWKC1CQ63F.pcm

SwiftExplicitDependencyGeneratePcm x86_64 /Users/runner/work/_temp/potato-derived/ModuleCache.noindex/IOSurface-51326BDA241WZIAFWT6VKS4QR.pcm

SwiftExplicitDependencyGeneratePcm x86_64 /Users/runner/work/_temp/potato-derived/ModuleCache.noindex/OpenGLES-CGTEJBDN19FGV7CKSNCVNUX29.pcm

SwiftExplicitDependencyGeneratePcm arm64 /Users/runner/work/_temp/potato-derived/ModuleCache.noindex/CoreData-7IKZFIZBQVCM0I8CWH3R9B5BA.pcm

SwiftExplicitDependencyGeneratePcm arm64 /Users/runner/work/_temp/potato-derived/ModuleCache.noindex/UserNotifications-EOS0UQBF14R8FBFMSHQ37DVEY.pcm

SwiftExplicitDependencyGeneratePcm x86_64 /Users/runner/work/_temp/potato-derived/ModuleCache.noindex/Metal-33CNCE2B3JSDWLNEFTBPCDZAJ.pcm

SwiftExplicitDependencyGeneratePcm arm64 /Users/runner/work/_temp/potato-derived/ModuleCache.noindex/UniformTypeIdentifiers-92NBX6JGYX3YCVMRPJYA73AE.pcm

SwiftExplicitDependencyGeneratePcm arm64 /Users/runner/work/_temp/potato-derived/ModuleCache.noindex/OpenGLES-7YHCSZDZAQBSC47ACMVXBQQNE.pcm

SwiftExplicitDependencyGeneratePcm arm64 /Users/runner/work/_temp/potato-derived/ModuleCache.noindex/CoreTransferable-B99G5ANB6FFB6QIAVGZZRWQ1W.pcm

SwiftExplicitDependencyGeneratePcm arm64 /Users/runner/work/_temp/potato-derived/ModuleCache.noindex/UIUtilities-14ZITEIXYJI99EBPHQFRDMGKZ.pcm

SwiftExplicitDependencyGeneratePcm arm64 /Users/runner/work/_temp/potato-derived/ModuleCache.noindex/Accessibility-6PDGMADR6IADO6T0MIV4VGYJ1.pcm

SwiftExplicitDependencyGeneratePcm arm64 /Users/runner/work/_temp/potato-derived/ModuleCache.noindex/Symbols-5AWBXYIWE3ZQIV0B14GJSEZEQ.pcm

SwiftExplicitDependencyGeneratePcm x86_64 /Users/runner/work/_temp/potato-derived/ModuleCache.noindex/CoreVideo-EH2BJD499PHGH4G0AVY2H0WD5.pcm

SwiftExplicitDependencyGeneratePcm arm64 /Users/runner/work/_temp/potato-derived/ModuleCache.noindex/DataDetection-AGK91KPULLZFPE0RAZN2LJWU.pcm

SwiftExplicitDependencyGeneratePcm arm64 /Users/runner/work/_temp/potato-derived/ModuleCache.noindex/IOSurface-D3SOIJNOLEUS1YB0QJBC9SX1O.pcm

SwiftExplicitDependencyGeneratePcm arm64 /Users/runner/work/_temp/potato-derived/ModuleCache.noindex/OSLog-E1SQZZQWYMQRBLF3IV9NT7T68.pcm

SwiftExplicitDependencyGeneratePcm x86_64 /Users/runner/work/_temp/potato-derived/ModuleCache.noindex/QuartzCore-5H7H3EDDDXF1K2G4D6FXKL6EE.pcm

SwiftExplicitDependencyGeneratePcm arm64 /Users/runner/work/_temp/potato-derived/ModuleCache.noindex/FileProvider-3DN5A2RHN2STG09OINSA8CSF0.pcm

SwiftExplicitDependencyGeneratePcm arm64 /Users/runner/work/_temp/potato-derived/ModuleCache.noindex/Metal-8Z6A4ZZEMZ36TV4X2ZJ16IXG9.pcm

SwiftExplicitDependencyGeneratePcm x86_64 /Users/runner/work/_temp/potato-derived/ModuleCache.noindex/CoreImage-9LIV4TVIO20D3OLLEJYE8N7QN.pcm

SwiftExplicitDependencyGeneratePcm x86_64 /Users/runner/work/_temp/potato-derived/ModuleCache.noindex/SwiftUICore-15FGRJAM5AN7P0LXCXXZSG42I.pcm

SwiftExplicitDependencyGeneratePcm x86_64 /Users/runner/work/_temp/potato-derived/ModuleCache.noindex/UIKit-B5W739Q5SBM7IKVZEJAY5E38P.pcm

SwiftExplicitDependencyGeneratePcm arm64 /Users/runner/work/_temp/potato-derived/ModuleCache.noindex/CoreVideo-333J1CMP1XC1VW6B7UEOWR30U.pcm

SwiftExplicitDependencyGeneratePcm arm64 /Users/runner/work/_temp/potato-derived/ModuleCache.noindex/QuartzCore-2THHNY01H64L7S3RYIXS9ILSL.pcm

SwiftExplicitDependencyGeneratePcm arm64 /Users/runner/work/_temp/potato-derived/ModuleCache.noindex/CoreImage-HBWLUO4CXZ9QSF6M39A2G2TY.pcm

SwiftExplicitDependencyGeneratePcm arm64 /Users/runner/work/_temp/potato-derived/ModuleCache.noindex/SwiftUICore-BJTAGC5TTSMQUQ47SM4P2RFVN.pcm

SwiftExplicitDependencyGeneratePcm arm64 /Users/runner/work/_temp/potato-derived/ModuleCache.noindex/UIKit-8MILJTBVHMH13JPJBFB4611XR.pcm

SwiftExplicitDependencyGeneratePcm x86_64 /Users/runner/work/_temp/potato-derived/ModuleCache.noindex/SwiftUI-BEO0ILLD51Z780HZYJU13YXDX.pcm

SwiftEmitModule normal x86_64 Emitting\ module\ for\ StudyShieldConfigurationExtension (in target 'StudyShieldConfigurationExtension' from project 'PotatoSupervisor')
EmitSwiftModule normal x86_64 (in target 'StudyShieldConfigurationExtension' from project 'PotatoSupervisor')
    cd /Users/runner/work/potato-supervisor/potato-supervisor/ios
    

SwiftEmitModule normal x86_64 Emitting\ module\ for\ StudyShieldActionExtension (in target 'StudyShieldActionExtension' from project 'PotatoSupervisor')
EmitSwiftModule normal x86_64 (in target 'StudyShieldActionExtension' from project 'PotatoSupervisor')
    cd /Users/runner/work/potato-supervisor/potato-supervisor/ios
    

SwiftEmitModule normal x86_64 Emitting\ module\ for\ StudyMonitorExtension (in target 'StudyMonitorExtension' from project 'PotatoSupervisor')
EmitSwiftModule normal x86_64 (in target 'StudyMonitorExtension' from project 'PotatoSupervisor')
    cd /Users/runner/work/potato-supervisor/potato-supervisor/ios
    

SwiftExplicitDependencyGeneratePcm arm64 /Users/runner/work/_temp/potato-derived/ModuleCache.noindex/SwiftUI-8H0Z9TVTU1KYQK530P7MEFOXK.pcm

SwiftCompile normal x86_64 Compiling\ CharacterImage.swift,\ Dialogue.swift /Users/runner/work/potato-supervisor/potato-supervisor/ios/Shared/CharacterImage.swift /Users/runner/work/potato-supervisor/potato-supervisor/ios/Shared/Dialogue.swift (in target 'StudyShieldConfigurationExtension' from project 'PotatoSupervisor')
SwiftCompile normal x86_64 /Users/runner/work/potato-supervisor/potato-supervisor/ios/Shared/CharacterImage.swift (in target 'StudyShieldConfigurationExtension' from project 'PotatoSupervisor')
    cd /Users/runner/work/potato-supervisor/potato-supervisor/ios
    

SwiftCompile normal x86_64 /Users/runner/work/potato-supervisor/potato-supervisor/ios/Shared/Dialogue.swift (in target 'StudyShieldConfigurationExtension' from project 'PotatoSupervisor')
    cd /Users/runner/work/potato-supervisor/potato-supervisor/ios
    

SwiftDriverJobDiscovery normal x86_64 Emitting module for StudyShieldConfigurationExtension (in target 'StudyShieldConfigurationExtension' from project 'PotatoSupervisor')

SwiftCompile normal x86_64 Compiling\ SharedStorage.swift,\ StudyShieldConfiguration.swift /Users/runner/work/potato-supervisor/potato-supervisor/ios/Shared/SharedStorage.swift /Users/runner/work/potato-supervisor/potato-supervisor/ios/Extensions/ShieldConfiguration/StudyShieldConfiguration.swift (in target 'StudyShieldConfigurationExtension' from project 'PotatoSupervisor')
SwiftCompile normal x86_64 /Users/runner/work/potato-supervisor/potato-supervisor/ios/Shared/SharedStorage.swift (in target 'StudyShieldConfigurationExtension' from project 'PotatoSupervisor')
    cd /Users/runner/work/potato-supervisor/potato-supervisor/ios
    

SwiftCompile normal x86_64 /Users/runner/work/potato-supervisor/potato-supervisor/ios/Extensions/ShieldConfiguration/StudyShieldConfiguration.swift (in target 'StudyShieldConfigurationExtension' from project 'PotatoSupervisor')
    cd /Users/runner/work/potato-supervisor/potato-supervisor/ios
    

SwiftDriverJobDiscovery normal x86_64 Emitting module for StudyShieldActionExtension (in target 'StudyShieldActionExtension' from project 'PotatoSupervisor')

SwiftDriverJobDiscovery normal x86_64 Emitting module for StudyMonitorExtension (in target 'StudyMonitorExtension' from project 'PotatoSupervisor')

SwiftDriver\ Compilation\ Requirements StudyShieldConfigurationExtension normal x86_64 com.apple.xcode.tools.swift.compiler (in target 'StudyShieldConfigurationExtension' from project 'PotatoSupervisor')
    cd /Users/runner/work/potato-supervisor/potato-supervisor/ios
    builtin-Swift-Compilation-Requirements -- /Applications/Xcode_26.5.app/Contents/Developer/Toolchains/XcodeDefault.xctoolchain/usr/bin/swiftc -module-name StudyShieldConfigurationExtension -Onone @/Users/runner/work/_temp/potato-derived/Build/Intermediates.noindex/PotatoSupervisor.build/Debug-iphonesimulator/StudyShieldConfigurationExtension.build/Objects-normal/x86_64/StudyShieldConfigurationExtension.SwiftFileList -DDEBUG -strict-concurrency\=targeted -enable-bare-slash-regex -enable-experimental-feature DebugDescriptionMacro -sdk /Applications/Xcode_26.5.app/Contents/Developer/Platforms/iPhoneSimulator.platform/Developer/SDKs/iPhoneSimulator26.5.sdk -target x86_64-apple-ios17.4-simulator -g -module-cache-path /Users/runner/work/_temp/potato-derived/ModuleCache.noindex -Xfrontend -serialize-debugging-options -application-extension -enable-testing -index-store-path /Users/runner/work/_temp/potato-derived/Index.noindex/DataStore -swift-version 5 -I /Users/runner/work/_temp/potato-derived/Build/Products/Debug-iphonesimulator -F /Users/runner/work/_temp/potato-derived/Build/Products/Debug-iphonesimulator -emit-localized-strings -emit-localized-strings-path /Users/runner/work/_temp/potato-derived/Build/Intermediates.noindex/PotatoSupervisor.build/Debug-iphonesimulator/StudyShieldConfigurationExtension.build/Objects-normal/x86_64 -c -j3 -enable-batch-mode -incremental -Xcc -ivfsstatcache -Xcc /Users/runner/work/_temp/potato-derived/SDKStatCaches.noindex/iphonesimulator26.5-23F73-688ef53f1462e2c8f657fdc38a81448ffb7d586738ff35573a713a18216ade27.sdkstatcache -output-file-map /Users/runner/work/_temp/potato-derived/Build/Intermediates.noindex/PotatoSupervisor.build/Debug-iphonesimulator/StudyShieldConfigurationExtension.build/Objects-normal/x86_64/StudyShieldConfigurationExtension-OutputFileMap.json -use-frontend-parseable-output -save-temps -no-color-diagnostics -explicit-module-build -module-cache-path /Users/runner/work/_temp/potato-derived/Build/Intermediates.noindex/SwiftExplicitPrecompiledModules -clang-scanner-module-cache-path /Users/runner/work/_temp/potato-derived/ModuleCache.noindex -sdk-module-cache-path /Users/runner/work/_temp/potato-derived/ModuleCache.noindex -serialize-diagnostics -emit-dependencies -emit-module -emit-module-path /Users/runner/work/_temp/potato-derived/Build/Intermediates.noindex/PotatoSupervisor.build/Debug-iphonesimulator/StudyShieldConfigurationExtension.build/Objects-normal/x86_64/StudyShieldConfigurationExtension.swiftmodule -validate-clang-modules-once -clang-build-session-file /Users/runner/work/_temp/potato-derived/ModuleCache.noindex/Session.modulevalidation -Xcc -I/Users/runner/work/_temp/potato-derived/Build/Intermediates.noindex/PotatoSupervisor.build/Debug-iphonesimulator/StudyShieldConfigurationExtension.build/swift-overrides.hmap -emit-const-values -Xfrontend -const-gather-protocols-file -Xfrontend /Users/runner/work/_temp/potato-derived/Build/Intermediates.noindex/PotatoSupervisor.build/Debug-iphonesimulator/StudyShieldConfigurationExtension.build/Objects-normal/x86_64/StudyShieldConfigurationExtension_const_extract_protocols.json -Xcc -iquote -Xcc /Users/runner/work/_temp/potato-derived/Build/Intermediates.noindex/PotatoSupervisor.build/Debug-iphonesimulator/StudyShieldConfigurationExtension.build/StudyShieldConfigurationExtension-generated-files.hmap -Xcc -I/Users/runner/work/_temp/potato-derived/Build/Intermediates.noindex/PotatoSupervisor.build/Debug-iphonesimulator/StudyShieldConfigurationExtension.build/StudyShieldConfigurationExtension-own-target-headers.hmap -Xcc -I/Users/runner/work/_temp/potato-derived/Build/Intermediates.noindex/PotatoSupervisor.build/Debug-iphonesimulator/StudyShieldConfigurationExtension.build/StudyShieldConfigurationExtension-all-target-headers.hmap -Xcc -iquote -Xcc /Users/runner/work/_temp/potato-derived/Build/Intermediates.noindex/PotatoSupervisor.build/Debug-iphonesimulator/StudyShieldConfigurationExtension.build/StudyShieldConfigurationExtension-project-headers.hmap -Xcc -I/Users/runner/work/_temp/potato-derived/Build/Products/Debug-iphonesimulator/include -Xcc -I/Users/runner/work/_temp/potato-derived/Build/Intermediates.noindex/PotatoSupervisor.build/Debug-iphonesimulator/StudyShieldConfigurationExtension.build/DerivedSources-normal/x86_64 -Xcc -I/Users/runner/work/_temp/potato-derived/Build/Intermediates.noindex/PotatoSupervisor.build/Debug-iphonesimulator/StudyShieldConfigurationExtension.build/DerivedSources/x86_64 -Xcc -I/Users/runner/work/_temp/potato-derived/Build/Intermediates.noindex/PotatoSupervisor.build/Debug-iphonesimulator/StudyShieldConfigurationExtension.build/DerivedSources -emit-objc-header -emit-objc-header-path /Users/runner/work/_temp/potato-derived/Build/Intermediates.noindex/PotatoSupervisor.build/Debug-iphonesimulator/StudyShieldConfigurationExtension.build/Objects-normal/x86_64/StudyShieldConfigurationExtension-Swift.h -working-directory /Users/runner/work/potato-supervisor/potato-supervisor/ios -experimental-emit-module-separately -disable-cmo

SwiftEmitModule normal arm64 Emitting\ module\ for\ StudyShieldConfigurationExtension (in target 'StudyShieldConfigurationExtension' from project 'PotatoSupervisor')

EmitSwiftModule normal arm64 (in target 'StudyShieldConfigurationExtension' from project 'PotatoSupervisor')
    cd /Users/runner/work/potato-supervisor/potato-supervisor/ios
    

SwiftDriverJobDiscovery normal arm64 Emitting module for StudyShieldConfigurationExtension (in target 'StudyShieldConfigurationExtension' from project 'PotatoSupervisor')

Copy /Users/runner/work/_temp/potato-derived/Build/Products/Debug-iphonesimulator/StudyShieldConfigurationExtension.swiftmodule/x86_64-apple-ios-simulator.swiftmodule /Users/runner/work/_temp/potato-derived/Build/Intermediates.noindex/PotatoSupervisor.build/Debug-iphonesimulator/StudyShieldConfigurationExtension.build/Objects-normal/x86_64/StudyShieldConfigurationExtension.swiftmodule (in target 'StudyShieldConfigurationExtension' from project 'PotatoSupervisor')
    cd /Users/runner/work/potato-supervisor/potato-supervisor/ios
    builtin-copy -exclude .DS_Store -exclude CVS -exclude .svn -exclude .git -exclude .hg -strip-unsigned-binaries -strip-deterministic -strip-tool /Applications/Xcode_26.5.app/Contents/Developer/Toolchains/XcodeDefault.xctoolchain/usr/bin/strip -resolve-src-symlinks -rename /Users/runner/work/_temp/potato-derived/Build/Intermediates.noindex/PotatoSupervisor.build/Debug-iphonesimulator/StudyShieldConfigurationExtension.build/Objects-normal/x86_64/StudyShieldConfigurationExtension.swiftmodule /Users/runner/work/_temp/potato-derived/Build/Products/Debug-iphonesimulator/StudyShieldConfigurationExtension.swiftmodule/x86_64-apple-ios-simulator.swiftmodule

SwiftDriver\ Compilation\ Requirements StudyShieldConfigurationExtension normal arm64 com.apple.xcode.tools.swift.compiler (in target 'StudyShieldConfigurationExtension' from project 'PotatoSupervisor')
    cd /Users/runner/work/potato-supervisor/potato-supervisor/ios
    builtin-Swift-Compilation-Requirements -- /Applications/Xcode_26.5.app/Contents/Developer/Toolchains/XcodeDefault.xctoolchain/usr/bin/swiftc -module-name StudyShieldConfigurationExtension -Onone @/Users/runner/work/_temp/potato-derived/Build/Intermediates.noindex/PotatoSupervisor.build/Debug-iphonesimulator/StudyShieldConfigurationExtension.build/Objects-normal/arm64/StudyShieldConfigurationExtension.SwiftFileList -DDEBUG -strict-concurrency\=targeted -enable-bare-slash-regex -enable-experimental-feature DebugDescriptionMacro -sdk /Applications/Xcode_26.5.app/Contents/Developer/Platforms/iPhoneSimulator.platform/Developer/SDKs/iPhoneSimulator26.5.sdk -target arm64-apple-ios17.4-simulator -g -module-cache-path /Users/runner/work/_temp/potato-derived/ModuleCache.noindex -Xfrontend -serialize-debugging-options -application-extension -enable-testing -index-store-path /Users/runner/work/_temp/potato-derived/Index.noindex/DataStore -swift-version 5 -I /Users/runner/work/_temp/potato-derived/Build/Products/Debug-iphonesimulator -F /Users/runner/work/_temp/potato-derived/Build/Products/Debug-iphonesimulator -emit-localized-strings -emit-localized-strings-path /Users/runner/work/_temp/potato-derived/Build/Intermediates.noindex/PotatoSupervisor.build/Debug-iphonesimulator/StudyShieldConfigurationExtension.build/Objects-normal/arm64 -c -j3 -enable-batch-mode -incremental -Xcc -ivfsstatcache -Xcc /Users/runner/work/_temp/potato-derived/SDKStatCaches.noindex/iphonesimulator26.5-23F73-688ef53f1462e2c8f657fdc38a81448ffb7d586738ff35573a713a18216ade27.sdkstatcache -output-file-map /Users/runner/work/_temp/potato-derived/Build/Intermediates.noindex/PotatoSupervisor.build/Debug-iphonesimulator/StudyShieldConfigurationExtension.build/Objects-normal/arm64/StudyShieldConfigurationExtension-OutputFileMap.json -use-frontend-parseable-output -save-temps -no-color-diagnostics -explicit-module-build -module-cache-path /Users/runner/work/_temp/potato-derived/Build/Intermediates.noindex/SwiftExplicitPrecompiledModules -clang-scanner-module-cache-path /Users/runner/work/_temp/potato-derived/ModuleCache.noindex -sdk-module-cache-path /Users/runner/work/_temp/potato-derived/ModuleCache.noindex -serialize-diagnostics -emit-dependencies -emit-module -emit-module-path /Users/runner/work/_temp/potato-derived/Build/Intermediates.noindex/PotatoSupervisor.build/Debug-iphonesimulator/StudyShieldConfigurationExtension.build/Objects-normal/arm64/StudyShieldConfigurationExtension.swiftmodule -validate-clang-modules-once -clang-build-session-file /Users/runner/work/_temp/potato-derived/ModuleCache.noindex/Session.modulevalidation -Xcc -I/Users/runner/work/_temp/potato-derived/Build/Intermediates.noindex/PotatoSupervisor.build/Debug-iphonesimulator/StudyShieldConfigurationExtension.build/swift-overrides.hmap -emit-const-values -Xfrontend -const-gather-protocols-file -Xfrontend /Users/runner/work/_temp/potato-derived/Build/Intermediates.noindex/PotatoSupervisor.build/Debug-iphonesimulator/StudyShieldConfigurationExtension.build/Objects-normal/arm64/StudyShieldConfigurationExtension_const_extract_protocols.json -Xcc -iquote -Xcc /Users/runner/work/_temp/potato-derived/Build/Intermediates.noindex/PotatoSupervisor.build/Debug-iphonesimulator/StudyShieldConfigurationExtension.build/StudyShieldConfigurationExtension-generated-files.hmap -Xcc -I/Users/runner/work/_temp/potato-derived/Build/Intermediates.noindex/PotatoSupervisor.build/Debug-iphonesimulator/StudyShieldConfigurationExtension.build/StudyShieldConfigurationExtension-own-target-headers.hmap -Xcc -I/Users/runner/work/_temp/potato-derived/Build/Intermediates.noindex/PotatoSupervisor.build/Debug-iphonesimulator/StudyShieldConfigurationExtension.build/StudyShieldConfigurationExtension-all-target-headers.hmap -Xcc -iquote -Xcc /Users/runner/work/_temp/potato-derived/Build/Intermediates.noindex/PotatoSupervisor.build/Debug-iphonesimulator/StudyShieldConfigurationExtension.build/StudyShieldConfigurationExtension-project-headers.hmap -Xcc -I/Users/runner/work/_temp/potato-derived/Build/Products/Debug-iphonesimulator/include -Xcc -I/Users/runner/work/_temp/potato-derived/Build/Intermediates.noindex/PotatoSupervisor.build/Debug-iphonesimulator/StudyShieldConfigurationExtension.build/DerivedSources-normal/arm64 -Xcc -I/Users/runner/work/_temp/potato-derived/Build/Intermediates.noindex/PotatoSupervisor.build/Debug-iphonesimulator/StudyShieldConfigurationExtension.build/DerivedSources/arm64 -Xcc -I/Users/runner/work/_temp/potato-derived/Build/Intermediates.noindex/PotatoSupervisor.build/Debug-iphonesimulator/StudyShieldConfigurationExtension.build/DerivedSources -emit-objc-header -emit-objc-header-path /Users/runner/work/_temp/potato-derived/Build/Intermediates.noindex/PotatoSupervisor.build/Debug-iphonesimulator/StudyShieldConfigurationExtension.build/Objects-normal/arm64/StudyShieldConfigurationExtension-Swift.h -working-directory /Users/runner/work/potato-supervisor/potato-supervisor/ios -experimental-emit-module-separately -disable-cmo

Copy /Users/runner/work/_temp/potato-derived/Build/Products/Debug-iphonesimulator/StudyShieldConfigurationExtension.swiftmodule/x86_64-apple-ios-simulator.swiftdoc /Users/runner/work/_temp/potato-derived/Build/Intermediates.noindex/PotatoSupervisor.build/Debug-iphonesimulator/StudyShieldConfigurationExtension.build/Objects-normal/x86_64/StudyShieldConfigurationExtension.swiftdoc (in target 'StudyShieldConfigurationExtension' from project 'PotatoSupervisor')
    cd /Users/runner/work/potato-supervisor/potato-supervisor/ios
    builtin-copy -exclude .DS_Store -exclude CVS -exclude .svn -exclude .git -exclude .hg -strip-unsigned-binaries -strip-deterministic -strip-tool /Applications/Xcode_26.5.app/Contents/Developer/Toolchains/XcodeDefault.xctoolchain/usr/bin/strip -resolve-src-symlinks -rename /Users/runner/work/_temp/potato-derived/Build/Intermediates.noindex/PotatoSupervisor.build/Debug-iphonesimulator/StudyShieldConfigurationExtension.build/Objects-normal/x86_64/StudyShieldConfigurationExtension.swiftdoc /Users/runner/work/_temp/potato-derived/Build/Products/Debug-iphonesimulator/StudyShieldConfigurationExtension.swiftmodule/x86_64-apple-ios-simulator.swiftdoc

SwiftMergeGeneratedHeaders /Users/runner/work/_temp/potato-derived/Build/Intermediates.noindex/PotatoSupervisor.build/Debug-iphonesimulator/StudyShieldConfigurationExtension.build/DerivedSources/StudyShieldConfigurationExtension-Swift.h /Users/runner/work/_temp/potato-derived/Build/Intermediates.noindex/PotatoSupervisor.build/Debug-iphonesimulator/StudyShieldConfigurationExtension.build/Objects-normal/arm64/StudyShieldConfigurationExtension-Swift.h /Users/runner/work/_temp/potato-derived/Build/Intermediates.noindex/PotatoSupervisor.build/Debug-iphonesimulator/StudyShieldConfigurationExtension.build/Objects-normal/x86_64/StudyShieldConfigurationExtension-Swift.h (in target 'StudyShieldConfigurationExtension' from project 'PotatoSupervisor')
    cd /Users/runner/work/potato-supervisor/potato-supervisor/ios
    builtin-swiftHeaderTool -arch arm64 /Users/runner/work/_temp/potato-derived/Build/Intermediates.noindex/PotatoSupervisor.build/Debug-iphonesimulator/StudyShieldConfigurationExtension.build/Objects-normal/arm64/StudyShieldConfigurationExtension-Swift.h -arch x86_64 /Users/runner/work/_temp/potato-derived/Build/Intermediates.noindex/PotatoSupervisor.build/Debug-iphonesimulator/StudyShieldConfigurationExtension.build/Objects-normal/x86_64/StudyShieldConfigurationExtension-Swift.h -o /Users/runner/work/_temp/potato-derived/Build/Intermediates.noindex/PotatoSupervisor.build/Debug-iphonesimulator/StudyShieldConfigurationExtension.build/DerivedSources/StudyShieldConfigurationExtension-Swift.h

Copy /Users/runner/work/_temp/potato-derived/Build/Products/Debug-iphonesimulator/StudyShieldConfigurationExtension.swiftmodule/x86_64-apple-ios-simulator.abi.json /Users/runner/work/_temp/potato-derived/Build/Intermediates.noindex/PotatoSupervisor.build/Debug-iphonesimulator/StudyShieldConfigurationExtension.build/Objects-normal/x86_64/StudyShieldConfigurationExtension.abi.json (in target 'StudyShieldConfigurationExtension' from project 'PotatoSupervisor')
    cd /Users/runner/work/potato-supervisor/potato-supervisor/ios
    builtin-copy -exclude .DS_Store -exclude CVS -exclude .svn -exclude .git -exclude .hg -strip-unsigned-binaries -strip-deterministic -strip-tool /Applications/Xcode_26.5.app/Contents/Developer/Toolchains/XcodeDefault.xctoolchain/usr/bin/strip -resolve-src-symlinks -rename /Users/runner/work/_temp/potato-derived/Build/Intermediates.noindex/PotatoSupervisor.build/Debug-iphonesimulator/StudyShieldConfigurationExtension.build/Objects-normal/x86_64/StudyShieldConfigurationExtension.abi.json /Users/runner/work/_temp/potato-derived/Build/Products/Debug-iphonesimulator/StudyShieldConfigurationExtension.swiftmodule/x86_64-apple-ios-simulator.abi.json

Copy /Users/runner/work/_temp/potato-derived/Build/Products/Debug-iphonesimulator/StudyShieldConfigurationExtension.swiftmodule/arm64-apple-ios-simulator.swiftmodule /Users/runner/work/_temp/potato-derived/Build/Intermediates.noindex/PotatoSupervisor.build/Debug-iphonesimulator/StudyShieldConfigurationExtension.build/Objects-normal/arm64/StudyShieldConfigurationExtension.swiftmodule (in target 'StudyShieldConfigurationExtension' from project 'PotatoSupervisor')
    cd /Users/runner/work/potato-supervisor/potato-supervisor/ios
    builtin-copy -exclude .DS_Store -exclude CVS -exclude .svn -exclude .git -exclude .hg -strip-unsigned-binaries -strip-deterministic -strip-tool /Applications/Xcode_26.5.app/Contents/Developer/Toolchains/XcodeDefault.xctoolchain/usr/bin/strip -resolve-src-symlinks -rename /Users/runner/work/_temp/potato-derived/Build/Intermediates.noindex/PotatoSupervisor.build/Debug-iphonesimulator/StudyShieldConfigurationExtension.build/Objects-normal/arm64/StudyShieldConfigurationExtension.swiftmodule /Users/runner/work/_temp/potato-derived/Build/Products/Debug-iphonesimulator/StudyShieldConfigurationExtension.swiftmodule/arm64-apple-ios-simulator.swiftmodule

Copy /Users/runner/work/_temp/potato-derived/Build/Products/Debug-iphonesimulator/StudyShieldConfigurationExtension.swiftmodule/arm64-apple-ios-simulator.swiftdoc /Users/runner/work/_temp/potato-derived/Build/Intermediates.noindex/PotatoSupervisor.build/Debug-iphonesimulator/StudyShieldConfigurationExtension.build/Objects-normal/arm64/StudyShieldConfigurationExtension.swiftdoc (in target 'StudyShieldConfigurationExtension' from project 'PotatoSupervisor')
    cd /Users/runner/work/potato-supervisor/potato-supervisor/ios
    builtin-copy -exclude .DS_Store -exclude CVS -exclude .svn -exclude .git -exclude .hg -strip-unsigned-binaries -strip-deterministic -strip-tool /Applications/Xcode_26.5.app/Contents/Developer/Toolchains/XcodeDefault.xctoolchain/usr/bin/strip -resolve-src-symlinks -rename /Users/runner/work/_temp/potato-derived/Build/Intermediates.noindex/PotatoSupervisor.build/Debug-iphonesimulator/StudyShieldConfigurationExtension.build/Objects-normal/arm64/StudyShieldConfigurationExtension.swiftdoc /Users/runner/work/_temp/potato-derived/Build/Products/Debug-iphonesimulator/StudyShieldConfigurationExtension.swiftmodule/arm64-apple-ios-simulator.swiftdoc

Copy /Users/runner/work/_temp/potato-derived/Build/Products/Debug-iphonesimulator/StudyShieldConfigurationExtension.swiftmodule/arm64-apple-ios-simulator.abi.json /Users/runner/work/_temp/potato-derived/Build/Intermediates.noindex/PotatoSupervisor.build/Debug-iphonesimulator/StudyShieldConfigurationExtension.build/Objects-normal/arm64/StudyShieldConfigurationExtension.abi.json (in target 'StudyShieldConfigurationExtension' from project 'PotatoSupervisor')
    cd /Users/runner/work/potato-supervisor/potato-supervisor/ios
    builtin-copy -exclude .DS_Store -exclude CVS -exclude .svn -exclude .git -exclude .hg -strip-unsigned-binaries -strip-deterministic -strip-tool /Applications/Xcode_26.5.app/Contents/Developer/Toolchains/XcodeDefault.xctoolchain/usr/bin/strip -resolve-src-symlinks -rename /Users/runner/work/_temp/potato-derived/Build/Intermediates.noindex/PotatoSupervisor.build/Debug-iphonesimulator/StudyShieldConfigurationExtension.build/Objects-normal/arm64/StudyShieldConfigurationExtension.abi.json /Users/runner/work/_temp/potato-derived/Build/Products/Debug-iphonesimulator/StudyShieldConfigurationExtension.swiftmodule/arm64-apple-ios-simulator.abi.json

Copy /Users/runner/work/_temp/potato-derived/Build/Products/Debug-iphonesimulator/StudyShieldConfigurationExtension.swiftmodule/Project/x86_64-apple-ios-simulator.swiftsourceinfo /Users/runner/work/_temp/potato-derived/Build/Intermediates.noindex/PotatoSupervisor.build/Debug-iphonesimulator/StudyShieldConfigurationExtension.build/Objects-normal/x86_64/StudyShieldConfigurationExtension.swiftsourceinfo (in target 'StudyShieldConfigurationExtension' from project 'PotatoSupervisor')
    cd /Users/runner/work/potato-supervisor/potato-supervisor/ios
    builtin-copy -exclude .DS_Store -exclude CVS -exclude .svn -exclude .git -exclude .hg -strip-unsigned-binaries -strip-deterministic -strip-tool /Applications/Xcode_26.5.app/Contents/Developer/Toolchains/XcodeDefault.xctoolchain/usr/bin/strip -resolve-src-symlinks -rename /Users/runner/work/_temp/potato-derived/Build/Intermediates.noindex/PotatoSupervisor.build/Debug-iphonesimulator/StudyShieldConfigurationExtension.build/Objects-normal/x86_64/StudyShieldConfigurationExtension.swiftsourceinfo /Users/runner/work/_temp/potato-derived/Build/Products/Debug-iphonesimulator/StudyShieldConfigurationExtension.swiftmodule/Project/x86_64-apple-ios-simulator.swiftsourceinfo

Copy /Users/runner/work/_temp/potato-derived/Build/Products/Debug-iphonesimulator/StudyShieldConfigurationExtension.swiftmodule/Project/arm64-apple-ios-simulator.swiftsourceinfo /Users/runner/work/_temp/potato-derived/Build/Intermediates.noindex/PotatoSupervisor.build/Debug-iphonesimulator/StudyShieldConfigurationExtension.build/Objects-normal/arm64/StudyShieldConfigurationExtension.swiftsourceinfo (in target 'StudyShieldConfigurationExtension' from project 'PotatoSupervisor')
    cd /Users/runner/work/potato-supervisor/potato-supervisor/ios
    builtin-copy -exclude .DS_Store -exclude CVS -exclude .svn -exclude .git -exclude .hg -strip-unsigned-binaries -strip-deterministic -strip-tool /Applications/Xcode_26.5.app/Contents/Developer/Toolchains/XcodeDefault.xctoolchain/usr/bin/strip -resolve-src-symlinks -rename /Users/runner/work/_temp/potato-derived/Build/Intermediates.noindex/PotatoSupervisor.build/Debug-iphonesimulator/StudyShieldConfigurationExtension.build/Objects-normal/arm64/StudyShieldConfigurationExtension.swiftsourceinfo /Users/runner/work/_temp/potato-derived/Build/Products/Debug-iphonesimulator/StudyShieldConfigurationExtension.swiftmodule/Project/arm64-apple-ios-simulator.swiftsourceinfo

SwiftEmitModule normal arm64 Emitting\ module\ for\ StudyShieldActionExtension (in target 'StudyShieldActionExtension' from project 'PotatoSupervisor')

EmitSwiftModule normal arm64 (in target 'StudyShieldActionExtension' from project 'PotatoSupervisor')
    cd /Users/runner/work/potato-supervisor/potato-supervisor/ios
    

SwiftDriver\ Compilation\ Requirements StudyShieldActionExtension normal x86_64 com.apple.xcode.tools.swift.compiler (in target 'StudyShieldActionExtension' from project 'PotatoSupervisor')
    cd /Users/runner/work/potato-supervisor/potato-supervisor/ios
    builtin-Swift-Compilation-Requirements -- /Applications/Xcode_26.5.app/Contents/Developer/Toolchains/XcodeDefault.xctoolchain/usr/bin/swiftc -module-name StudyShieldActionExtension -Onone @/Users/runner/work/_temp/potato-derived/Build/Intermediates.noindex/PotatoSupervisor.build/Debug-iphonesimulator/StudyShieldActionExtension.build/Objects-normal/x86_64/StudyShieldActionExtension.SwiftFileList -DDEBUG -strict-concurrency\=targeted -enable-bare-slash-regex -enable-experimental-feature DebugDescriptionMacro -sdk /Applications/Xcode_26.5.app/Contents/Developer/Platforms/iPhoneSimulator.platform/Developer/SDKs/iPhoneSimulator26.5.sdk -target x86_64-apple-ios17.4-simulator -g -module-cache-path /Users/runner/work/_temp/potato-derived/ModuleCache.noindex -Xfrontend -serialize-debugging-options -application-extension -enable-testing -index-store-path /Users/runner/work/_temp/potato-derived/Index.noindex/DataStore -swift-version 5 -I /Users/runner/work/_temp/potato-derived/Build/Products/Debug-iphonesimulator -F /Users/runner/work/_temp/potato-derived/Build/Products/Debug-iphonesimulator -emit-localized-strings -emit-localized-strings-path /Users/runner/work/_temp/potato-derived/Build/Intermediates.noindex/PotatoSupervisor.build/Debug-iphonesimulator/StudyShieldActionExtension.build/Objects-normal/x86_64 -c -j3 -enable-batch-mode -incremental -Xcc -ivfsstatcache -Xcc /Users/runner/work/_temp/potato-derived/SDKStatCaches.noindex/iphonesimulator26.5-23F73-688ef53f1462e2c8f657fdc38a81448ffb7d586738ff35573a713a18216ade27.sdkstatcache -output-file-map /Users/runner/work/_temp/potato-derived/Build/Intermediates.noindex/PotatoSupervisor.build/Debug-iphonesimulator/StudyShieldActionExtension.build/Objects-normal/x86_64/StudyShieldActionExtension-OutputFileMap.json -use-frontend-parseable-output -save-temps -no-color-diagnostics -explicit-module-build -module-cache-path /Users/runner/work/_temp/potato-derived/Build/Intermediates.noindex/SwiftExplicitPrecompiledModules -clang-scanner-module-cache-path /Users/runner/work/_temp/potato-derived/ModuleCache.noindex -sdk-module-cache-path /Users/runner/work/_temp/potato-derived/ModuleCache.noindex -serialize-diagnostics -emit-dependencies -emit-module -emit-module-path /Users/runner/work/_temp/potato-derived/Build/Intermediates.noindex/PotatoSupervisor.build/Debug-iphonesimulator/StudyShieldActionExtension.build/Objects-normal/x86_64/StudyShieldActionExtension.swiftmodule -validate-clang-modules-once -clang-build-session-file /Users/runner/work/_temp/potato-derived/ModuleCache.noindex/Session.modulevalidation -Xcc -I/Users/runner/work/_temp/potato-derived/Build/Intermediates.noindex/PotatoSupervisor.build/Debug-iphonesimulator/StudyShieldActionExtension.build/swift-overrides.hmap -emit-const-values -Xfrontend -const-gather-protocols-file -Xfrontend /Users/runner/work/_temp/potato-derived/Build/Intermediates.noindex/PotatoSupervisor.build/Debug-iphonesimulator/StudyShieldActionExtension.build/Objects-normal/x86_64/StudyShieldActionExtension_const_extract_protocols.json -Xcc -iquote -Xcc /Users/runner/work/_temp/potato-derived/Build/Intermediates.noindex/PotatoSupervisor.build/Debug-iphonesimulator/StudyShieldActionExtension.build/StudyShieldActionExtension-generated-files.hmap -Xcc -I/Users/runner/work/_temp/potato-derived/Build/Intermediates.noindex/PotatoSupervisor.build/Debug-iphonesimulator/StudyShieldActionExtension.build/StudyShieldActionExtension-own-target-headers.hmap -Xcc -I/Users/runner/work/_temp/potato-derived/Build/Intermediates.noindex/PotatoSupervisor.build/Debug-iphonesimulator/StudyShieldActionExtension.build/StudyShieldActionExtension-all-target-headers.hmap -Xcc -iquote -Xcc /Users/runner/work/_temp/potato-derived/Build/Intermediates.noindex/PotatoSupervisor.build/Debug-iphonesimulator/StudyShieldActionExtension.build/StudyShieldActionExtension-project-headers.hmap -Xcc -I/Users/runner/work/_temp/potato-derived/Build/Products/Debug-iphonesimulator/include -Xcc -I/Users/runner/work/_temp/potato-derived/Build/Intermediates.noindex/PotatoSupervisor.build/Debug-iphonesimulator/StudyShieldActionExtension.build/DerivedSources-normal/x86_64 -Xcc -I/Users/runner/work/_temp/potato-derived/Build/Intermediates.noindex/PotatoSupervisor.build/Debug-iphonesimulator/StudyShieldActionExtension.build/DerivedSources/x86_64 -Xcc -I/Users/runner/work/_temp/potato-derived/Build/Intermediates.noindex/PotatoSupervisor.build/Debug-iphonesimulator/StudyShieldActionExtension.build/DerivedSources -emit-objc-header -emit-objc-header-path /Users/runner/work/_temp/potato-derived/Build/Intermediates.noindex/PotatoSupervisor.build/Debug-iphonesimulator/StudyShieldActionExtension.build/Objects-normal/x86_64/StudyShieldActionExtension-Swift.h -working-directory /Users/runner/work/potato-supervisor/potato-supervisor/ios -experimental-emit-module-separately -disable-cmo

SwiftDriverJobDiscovery normal arm64 Emitting module for StudyShieldActionExtension (in target 'StudyShieldActionExtension' from project 'PotatoSupervisor')

SwiftDriver\ Compilation\ Requirements StudyMonitorExtension normal x86_64 com.apple.xcode.tools.swift.compiler (in target 'StudyMonitorExtension' from project 'PotatoSupervisor')
    cd /Users/runner/work/potato-supervisor/potato-supervisor/ios
    builtin-Swift-Compilation-Requirements -- /Applications/Xcode_26.5.app/Contents/Developer/Toolchains/XcodeDefault.xctoolchain/usr/bin/swiftc -module-name StudyMonitorExtension -Onone @/Users/runner/work/_temp/potato-derived/Build/Intermediates.noindex/PotatoSupervisor.build/Debug-iphonesimulator/StudyMonitorExtension.build/Objects-normal/x86_64/StudyMonitorExtension.SwiftFileList -DDEBUG -strict-concurrency\=targeted -enable-bare-slash-regex -enable-experimental-feature DebugDescriptionMacro -sdk /Applications/Xcode_26.5.app/Contents/Developer/Platforms/iPhoneSimulator.platform/Developer/SDKs/iPhoneSimulator26.5.sdk -target x86_64-apple-ios17.4-simulator -g -module-cache-path /Users/runner/work/_temp/potato-derived/ModuleCache.noindex -Xfrontend -serialize-debugging-options -application-extension -enable-testing -index-store-path /Users/runner/work/_temp/potato-derived/Index.noindex/DataStore -swift-version 5 -I /Users/runner/work/_temp/potato-derived/Build/Products/Debug-iphonesimulator -F /Users/runner/work/_temp/potato-derived/Build/Products/Debug-iphonesimulator -emit-localized-strings -emit-localized-strings-path /Users/runner/work/_temp/potato-derived/Build/Intermediates.noindex/PotatoSupervisor.build/Debug-iphonesimulator/StudyMonitorExtension.build/Objects-normal/x86_64 -c -j3 -enable-batch-mode -incremental -Xcc -ivfsstatcache -Xcc /Users/runner/work/_temp/potato-derived/SDKStatCaches.noindex/iphonesimulator26.5-23F73-688ef53f1462e2c8f657fdc38a81448ffb7d586738ff35573a713a18216ade27.sdkstatcache -output-file-map /Users/runner/work/_temp/potato-derived/Build/Intermediates.noindex/PotatoSupervisor.build/Debug-iphonesimulator/StudyMonitorExtension.build/Objects-normal/x86_64/StudyMonitorExtension-OutputFileMap.json -use-frontend-parseable-output -save-temps -no-color-diagnostics -explicit-module-build -module-cache-path /Users/runner/work/_temp/potato-derived/Build/Intermediates.noindex/SwiftExplicitPrecompiledModules -clang-scanner-module-cache-path /Users/runner/work/_temp/potato-derived/ModuleCache.noindex -sdk-module-cache-path /Users/runner/work/_temp/potato-derived/ModuleCache.noindex -serialize-diagnostics -emit-dependencies -emit-module -emit-module-path /Users/runner/work/_temp/potato-derived/Build/Intermediates.noindex/PotatoSupervisor.build/Debug-iphonesimulator/StudyMonitorExtension.build/Objects-normal/x86_64/StudyMonitorExtension.swiftmodule -validate-clang-modules-once -clang-build-session-file /Users/runner/work/_temp/potato-derived/ModuleCache.noindex/Session.modulevalidation -Xcc -I/Users/runner/work/_temp/potato-derived/Build/Intermediates.noindex/PotatoSupervisor.build/Debug-iphonesimulator/StudyMonitorExtension.build/swift-overrides.hmap -emit-const-values -Xfrontend -const-gather-protocols-file -Xfrontend /Users/runner/work/_temp/potato-derived/Build/Intermediates.noindex/PotatoSupervisor.build/Debug-iphonesimulator/StudyMonitorExtension.build/Objects-normal/x86_64/StudyMonitorExtension_const_extract_protocols.json -Xcc -iquote -Xcc /Users/runner/work/_temp/potato-derived/Build/Intermediates.noindex/PotatoSupervisor.build/Debug-iphonesimulator/StudyMonitorExtension.build/StudyMonitorExtension-generated-files.hmap -Xcc -I/Users/runner/work/_temp/potato-derived/Build/Intermediates.noindex/PotatoSupervisor.build/Debug-iphonesimulator/StudyMonitorExtension.build/StudyMonitorExtension-own-target-headers.hmap -Xcc -I/Users/runner/work/_temp/potato-derived/Build/Intermediates.noindex/PotatoSupervisor.build/Debug-iphonesimulator/StudyMonitorExtension.build/StudyMonitorExtension-all-target-headers.hmap -Xcc -iquote -Xcc /Users/runner/work/_temp/potato-derived/Build/Intermediates.noindex/PotatoSupervisor.build/Debug-iphonesimulator/StudyMonitorExtension.build/StudyMonitorExtension-project-headers.hmap -Xcc -I/Users/runner/work/_temp/potato-derived/Build/Products/Debug-iphonesimulator/include -Xcc -I/Users/runner/work/_temp/potato-derived/Build/Intermediates.noindex/PotatoSupervisor.build/Debug-iphonesimulator/StudyMonitorExtension.build/DerivedSources-normal/x86_64 -Xcc -I/Users/runner/work/_temp/potato-derived/Build/Intermediates.noindex/PotatoSupervisor.build/Debug-iphonesimulator/StudyMonitorExtension.build/DerivedSources/x86_64 -Xcc -I/Users/runner/work/_temp/potato-derived/Build/Intermediates.noindex/PotatoSupervisor.build/Debug-iphonesimulator/StudyMonitorExtension.build/DerivedSources -emit-objc-header -emit-objc-header-path /Users/runner/work/_temp/potato-derived/Build/Intermediates.noindex/PotatoSupervisor.build/Debug-iphonesimulator/StudyMonitorExtension.build/Objects-normal/x86_64/StudyMonitorExtension-Swift.h -working-directory /Users/runner/work/potato-supervisor/potato-supervisor/ios -experimental-emit-module-separately -disable-cmo

SwiftDriver\ Compilation\ Requirements StudyShieldActionExtension normal arm64 com.apple.xcode.tools.swift.compiler (in target 'StudyShieldActionExtension' from project 'PotatoSupervisor')
    cd /Users/runner/work/potato-supervisor/potato-supervisor/ios
    builtin-Swift-Compilation-Requirements -- /Applications/Xcode_26.5.app/Contents/Developer/Toolchains/XcodeDefault.xctoolchain/usr/bin/swiftc -module-name StudyShieldActionExtension -Onone @/Users/runner/work/_temp/potato-derived/Build/Intermediates.noindex/PotatoSupervisor.build/Debug-iphonesimulator/StudyShieldActionExtension.build/Objects-normal/arm64/StudyShieldActionExtension.SwiftFileList -DDEBUG -strict-concurrency\=targeted -enable-bare-slash-regex -enable-experimental-feature DebugDescriptionMacro -sdk /Applications/Xcode_26.5.app/Contents/Developer/Platforms/iPhoneSimulator.platform/Developer/SDKs/iPhoneSimulator26.5.sdk -target arm64-apple-ios17.4-simulator -g -module-cache-path /Users/runner/work/_temp/potato-derived/ModuleCache.noindex -Xfrontend -serialize-debugging-options -application-extension -enable-testing -index-store-path /Users/runner/work/_temp/potato-derived/Index.noindex/DataStore -swift-version 5 -I /Users/runner/work/_temp/potato-derived/Build/Products/Debug-iphonesimulator -F /Users/runner/work/_temp/potato-derived/Build/Products/Debug-iphonesimulator -emit-localized-strings -emit-localized-strings-path /Users/runner/work/_temp/potato-derived/Build/Intermediates.noindex/PotatoSupervisor.build/Debug-iphonesimulator/StudyShieldActionExtension.build/Objects-normal/arm64 -c -j3 -enable-batch-mode -incremental -Xcc -ivfsstatcache -Xcc /Users/runner/work/_temp/potato-derived/SDKStatCaches.noindex/iphonesimulator26.5-23F73-688ef53f1462e2c8f657fdc38a81448ffb7d586738ff35573a713a18216ade27.sdkstatcache -output-file-map /Users/runner/work/_temp/potato-derived/Build/Intermediates.noindex/PotatoSupervisor.build/Debug-iphonesimulator/StudyShieldActionExtension.build/Objects-normal/arm64/StudyShieldActionExtension-OutputFileMap.json -use-frontend-parseable-output -save-temps -no-color-diagnostics -explicit-module-build -module-cache-path /Users/runner/work/_temp/potato-derived/Build/Intermediates.noindex/SwiftExplicitPrecompiledModules -clang-scanner-module-cache-path /Users/runner/work/_temp/potato-derived/ModuleCache.noindex -sdk-module-cache-path /Users/runner/work/_temp/potato-derived/ModuleCache.noindex -serialize-diagnostics -emit-dependencies -emit-module -emit-module-path /Users/runner/work/_temp/potato-derived/Build/Intermediates.noindex/PotatoSupervisor.build/Debug-iphonesimulator/StudyShieldActionExtension.build/Objects-normal/arm64/StudyShieldActionExtension.swiftmodule -validate-clang-modules-once -clang-build-session-file /Users/runner/work/_temp/potato-derived/ModuleCache.noindex/Session.modulevalidation -Xcc -I/Users/runner/work/_temp/potato-derived/Build/Intermediates.noindex/PotatoSupervisor.build/Debug-iphonesimulator/StudyShieldActionExtension.build/swift-overrides.hmap -emit-const-values -Xfrontend -const-gather-protocols-file -Xfrontend /Users/runner/work/_temp/potato-derived/Build/Intermediates.noindex/PotatoSupervisor.build/Debug-iphonesimulator/StudyShieldActionExtension.build/Objects-normal/arm64/StudyShieldActionExtension_const_extract_protocols.json -Xcc -iquote -Xcc /Users/runner/work/_temp/potato-derived/Build/Intermediates.noindex/PotatoSupervisor.build/Debug-iphonesimulator/StudyShieldActionExtension.build/StudyShieldActionExtension-generated-files.hmap -Xcc -I/Users/runner/work/_temp/potato-derived/Build/Intermediates.noindex/PotatoSupervisor.build/Debug-iphonesimulator/StudyShieldActionExtension.build/StudyShieldActionExtension-own-target-headers.hmap -Xcc -I/Users/runner/work/_temp/potato-derived/Build/Intermediates.noindex/PotatoSupervisor.build/Debug-iphonesimulator/StudyShieldActionExtension.build/StudyShieldActionExtension-all-target-headers.hmap -Xcc -iquote -Xcc /Users/runner/work/_temp/potato-derived/Build/Intermediates.noindex/PotatoSupervisor.build/Debug-iphonesimulator/StudyShieldActionExtension.build/StudyShieldActionExtension-project-headers.hmap -Xcc -I/Users/runner/work/_temp/potato-derived/Build/Products/Debug-iphonesimulator/include -Xcc -I/Users/runner/work/_temp/potato-derived/Build/Intermediates.noindex/PotatoSupervisor.build/Debug-iphonesimulator/StudyShieldActionExtension.build/DerivedSources-normal/arm64 -Xcc -I/Users/runner/work/_temp/potato-derived/Build/Intermediates.noindex/PotatoSupervisor.build/Debug-iphonesimulator/StudyShieldActionExtension.build/DerivedSources/arm64 -Xcc -I/Users/runner/work/_temp/potato-derived/Build/Intermediates.noindex/PotatoSupervisor.build/Debug-iphonesimulator/StudyShieldActionExtension.build/DerivedSources -emit-objc-header -emit-objc-header-path /Users/runner/work/_temp/potato-derived/Build/Intermediates.noindex/PotatoSupervisor.build/Debug-iphonesimulator/StudyShieldActionExtension.build/Objects-normal/arm64/StudyShieldActionExtension-Swift.h -working-directory /Users/runner/work/potato-supervisor/potato-supervisor/ios -experimental-emit-module-separately -disable-cmo

Copy /Users/runner/work/_temp/potato-derived/Build/Products/Debug-iphonesimulator/StudyShieldActionExtension.swiftmodule/x86_64-apple-ios-simulator.swiftmodule /Users/runner/work/_temp/potato-derived/Build/Intermediates.noindex/PotatoSupervisor.build/Debug-iphonesimulator/StudyShieldActionExtension.build/Objects-normal/x86_64/StudyShieldActionExtension.swiftmodule (in target 'StudyShieldActionExtension' from project 'PotatoSupervisor')
    cd /Users/runner/work/potato-supervisor/potato-supervisor/ios
    builtin-copy -exclude .DS_Store -exclude CVS -exclude .svn -exclude .git -exclude .hg -strip-unsigned-binaries -strip-deterministic -strip-tool /Applications/Xcode_26.5.app/Contents/Developer/Toolchains/XcodeDefault.xctoolchain/usr/bin/strip -resolve-src-symlinks -rename /Users/runner/work/_temp/potato-derived/Build/Intermediates.noindex/PotatoSupervisor.build/Debug-iphonesimulator/StudyShieldActionExtension.build/Objects-normal/x86_64/StudyShieldActionExtension.swiftmodule /Users/runner/work/_temp/potato-derived/Build/Products/Debug-iphonesimulator/StudyShieldActionExtension.swiftmodule/x86_64-apple-ios-simulator.swiftmodule

Copy /Users/runner/work/_temp/potato-derived/Build/Products/Debug-iphonesimulator/StudyShieldActionExtension.swiftmodule/x86_64-apple-ios-simulator.swiftdoc /Users/runner/work/_temp/potato-derived/Build/Intermediates.noindex/PotatoSupervisor.build/Debug-iphonesimulator/StudyShieldActionExtension.build/Objects-normal/x86_64/StudyShieldActionExtension.swiftdoc (in target 'StudyShieldActionExtension' from project 'PotatoSupervisor')
    cd /Users/runner/work/potato-supervisor/potato-supervisor/ios
    builtin-copy -exclude .DS_Store -exclude CVS -exclude .svn -exclude .git -exclude .hg -strip-unsigned-binaries -strip-deterministic -strip-tool /Applications/Xcode_26.5.app/Contents/Developer/Toolchains/XcodeDefault.xctoolchain/usr/bin/strip -resolve-src-symlinks -rename /Users/runner/work/_temp/potato-derived/Build/Intermediates.noindex/PotatoSupervisor.build/Debug-iphonesimulator/StudyShieldActionExtension.build/Objects-normal/x86_64/StudyShieldActionExtension.swiftdoc /Users/runner/work/_temp/potato-derived/Build/Products/Debug-iphonesimulator/StudyShieldActionExtension.swiftmodule/x86_64-apple-ios-simulator.swiftdoc

SwiftMergeGeneratedHeaders /Users/runner/work/_temp/potato-derived/Build/Intermediates.noindex/PotatoSupervisor.build/Debug-iphonesimulator/StudyShieldActionExtension.build/DerivedSources/StudyShieldActionExtension-Swift.h /Users/runner/work/_temp/potato-derived/Build/Intermediates.noindex/PotatoSupervisor.build/Debug-iphonesimulator/StudyShieldActionExtension.build/Objects-normal/arm64/StudyShieldActionExtension-Swift.h /Users/runner/work/_temp/potato-derived/Build/Intermediates.noindex/PotatoSupervisor.build/Debug-iphonesimulator/StudyShieldActionExtension.build/Objects-normal/x86_64/StudyShieldActionExtension-Swift.h (in target 'StudyShieldActionExtension' from project 'PotatoSupervisor')
    cd /Users/runner/work/potato-supervisor/potato-supervisor/ios
    builtin-swiftHeaderTool -arch arm64 /Users/runner/work/_temp/potato-derived/Build/Intermediates.noindex/PotatoSupervisor.build/Debug-iphonesimulator/StudyShieldActionExtension.build/Objects-normal/arm64/StudyShieldActionExtension-Swift.h -arch x86_64 /Users/runner/work/_temp/potato-derived/Build/Intermediates.noindex/PotatoSupervisor.build/Debug-iphonesimulator/StudyShieldActionExtension.build/Objects-normal/x86_64/StudyShieldActionExtension-Swift.h -o /Users/runner/work/_temp/potato-derived/Build/Intermediates.noindex/PotatoSupervisor.build/Debug-iphonesimulator/StudyShieldActionExtension.build/DerivedSources/StudyShieldActionExtension-Swift.h

Copy /Users/runner/work/_temp/potato-derived/Build/Products/Debug-iphonesimulator/StudyShieldActionExtension.swiftmodule/x86_64-apple-ios-simulator.abi.json /Users/runner/work/_temp/potato-derived/Build/Intermediates.noindex/PotatoSupervisor.build/Debug-iphonesimulator/StudyShieldActionExtension.build/Objects-normal/x86_64/StudyShieldActionExtension.abi.json (in target 'StudyShieldActionExtension' from project 'PotatoSupervisor')
    cd /Users/runner/work/potato-supervisor/potato-supervisor/ios
    builtin-copy -exclude .DS_Store -exclude CVS -exclude .svn -exclude .git -exclude .hg -strip-unsigned-binaries -strip-deterministic -strip-tool /Applications/Xcode_26.5.app/Contents/Developer/Toolchains/XcodeDefault.xctoolchain/usr/bin/strip -resolve-src-symlinks -rename /Users/runner/work/_temp/potato-derived/Build/Intermediates.noindex/PotatoSupervisor.build/Debug-iphonesimulator/StudyShieldActionExtension.build/Objects-normal/x86_64/StudyShieldActionExtension.abi.json /Users/runner/work/_temp/potato-derived/Build/Products/Debug-iphonesimulator/StudyShieldActionExtension.swiftmodule/x86_64-apple-ios-simulator.abi.json

Copy /Users/runner/work/_temp/potato-derived/Build/Products/Debug-iphonesimulator/StudyShieldActionExtension.swiftmodule/arm64-apple-ios-simulator.swiftmodule /Users/runner/work/_temp/potato-derived/Build/Intermediates.noindex/PotatoSupervisor.build/Debug-iphonesimulator/StudyShieldActionExtension.build/Objects-normal/arm64/StudyShieldActionExtension.swiftmodule (in target 'StudyShieldActionExtension' from project 'PotatoSupervisor')
    cd /Users/runner/work/potato-supervisor/potato-supervisor/ios
    builtin-copy -exclude .DS_Store -exclude CVS -exclude .svn -exclude .git -exclude .hg -strip-unsigned-binaries -strip-deterministic -strip-tool /Applications/Xcode_26.5.app/Contents/Developer/Toolchains/XcodeDefault.xctoolchain/usr/bin/strip -resolve-src-symlinks -rename /Users/runner/work/_temp/potato-derived/Build/Intermediates.noindex/PotatoSupervisor.build/Debug-iphonesimulator/StudyShieldActionExtension.build/Objects-normal/arm64/StudyShieldActionExtension.swiftmodule /Users/runner/work/_temp/potato-derived/Build/Products/Debug-iphonesimulator/StudyShieldActionExtension.swiftmodule/arm64-apple-ios-simulator.swiftmodule

Copy /Users/runner/work/_temp/potato-derived/Build/Products/Debug-iphonesimulator/StudyShieldActionExtension.swiftmodule/arm64-apple-ios-simulator.swiftdoc /Users/runner/work/_temp/potato-derived/Build/Intermediates.noindex/PotatoSupervisor.build/Debug-iphonesimulator/StudyShieldActionExtension.build/Objects-normal/arm64/StudyShieldActionExtension.swiftdoc (in target 'StudyShieldActionExtension' from project 'PotatoSupervisor')
    cd /Users/runner/work/potato-supervisor/potato-supervisor/ios
    builtin-copy -exclude .DS_Store -exclude CVS -exclude .svn -exclude .git -exclude .hg -strip-unsigned-binaries -strip-deterministic -strip-tool /Applications/Xcode_26.5.app/Contents/Developer/Toolchains/XcodeDefault.xctoolchain/usr/bin/strip -resolve-src-symlinks -rename /Users/runner/work/_temp/potato-derived/Build/Intermediates.noindex/PotatoSupervisor.build/Debug-iphonesimulator/StudyShieldActionExtension.build/Objects-normal/arm64/StudyShieldActionExtension.swiftdoc /Users/runner/work/_temp/potato-derived/Build/Products/Debug-iphonesimulator/StudyShieldActionExtension.swiftmodule/arm64-apple-ios-simulator.swiftdoc

Copy /Users/runner/work/_temp/potato-derived/Build/Products/Debug-iphonesimulator/StudyShieldActionExtension.swiftmodule/arm64-apple-ios-simulator.abi.json /Users/runner/work/_temp/potato-derived/Build/Intermediates.noindex/PotatoSupervisor.build/Debug-iphonesimulator/StudyShieldActionExtension.build/Objects-normal/arm64/StudyShieldActionExtension.abi.json (in target 'StudyShieldActionExtension' from project 'PotatoSupervisor')
    cd /Users/runner/work/potato-supervisor/potato-supervisor/ios
    builtin-copy -exclude .DS_Store -exclude CVS -exclude .svn -exclude .git -exclude .hg -strip-unsigned-binaries -strip-deterministic -strip-tool /Applications/Xcode_26.5.app/Contents/Developer/Toolchains/XcodeDefault.xctoolchain/usr/bin/strip -resolve-src-symlinks -rename /Users/runner/work/_temp/potato-derived/Build/Intermediates.noindex/PotatoSupervisor.build/Debug-iphonesimulator/StudyShieldActionExtension.build/Objects-normal/arm64/StudyShieldActionExtension.abi.json /Users/runner/work/_temp/potato-derived/Build/Products/Debug-iphonesimulator/StudyShieldActionExtension.swiftmodule/arm64-apple-ios-simulator.abi.json

Copy /Users/runner/work/_temp/potato-derived/Build/Products/Debug-iphonesimulator/StudyShieldActionExtension.swiftmodule/Project/x86_64-apple-ios-simulator.swiftsourceinfo /Users/runner/work/_temp/potato-derived/Build/Intermediates.noindex/PotatoSupervisor.build/Debug-iphonesimulator/StudyShieldActionExtension.build/Objects-normal/x86_64/StudyShieldActionExtension.swiftsourceinfo (in target 'StudyShieldActionExtension' from project 'PotatoSupervisor')
    cd /Users/runner/work/potato-supervisor/potato-supervisor/ios
    builtin-copy -exclude .DS_Store -exclude CVS -exclude .svn -exclude .git -exclude .hg -strip-unsigned-binaries -strip-deterministic -strip-tool /Applications/Xcode_26.5.app/Contents/Developer/Toolchains/XcodeDefault.xctoolchain/usr/bin/strip -resolve-src-symlinks -rename /Users/runner/work/_temp/potato-derived/Build/Intermediates.noindex/PotatoSupervisor.build/Debug-iphonesimulator/StudyShieldActionExtension.build/Objects-normal/x86_64/StudyShieldActionExtension.swiftsourceinfo /Users/runner/work/_temp/potato-derived/Build/Products/Debug-iphonesimulator/StudyShieldActionExtension.swiftmodule/Project/x86_64-apple-ios-simulator.swiftsourceinfo

Copy /Users/runner/work/_temp/potato-derived/Build/Products/Debug-iphonesimulator/StudyShieldActionExtension.swiftmodule/Project/arm64-apple-ios-simulator.swiftsourceinfo /Users/runner/work/_temp/potato-derived/Build/Intermediates.noindex/PotatoSupervisor.build/Debug-iphonesimulator/StudyShieldActionExtension.build/Objects-normal/arm64/StudyShieldActionExtension.swiftsourceinfo (in target 'StudyShieldActionExtension' from project 'PotatoSupervisor')
    cd /Users/runner/work/potato-supervisor/potato-supervisor/ios
    builtin-copy -exclude .DS_Store -exclude CVS -exclude .svn -exclude .git -exclude .hg -strip-unsigned-binaries -strip-deterministic -strip-tool /Applications/Xcode_26.5.app/Contents/Developer/Toolchains/XcodeDefault.xctoolchain/usr/bin/strip -resolve-src-symlinks -rename /Users/runner/work/_temp/potato-derived/Build/Intermediates.noindex/PotatoSupervisor.build/Debug-iphonesimulator/StudyShieldActionExtension.build/Objects-normal/arm64/StudyShieldActionExtension.swiftsourceinfo /Users/runner/work/_temp/potato-derived/Build/Products/Debug-iphonesimulator/StudyShieldActionExtension.swiftmodule/Project/arm64-apple-ios-simulator.swiftsourceinfo

Copy /Users/runner/work/_temp/potato-derived/Build/Products/Debug-iphonesimulator/StudyMonitorExtension.swiftmodule/x86_64-apple-ios-simulator.swiftmodule /Users/runner/work/_temp/potato-derived/Build/Intermediates.noindex/PotatoSupervisor.build/Debug-iphonesimulator/StudyMonitorExtension.build/Objects-normal/x86_64/StudyMonitorExtension.swiftmodule (in target 'StudyMonitorExtension' from project 'PotatoSupervisor')
    cd /Users/runner/work/potato-supervisor/potato-supervisor/ios
    builtin-copy -exclude .DS_Store -exclude CVS -exclude .svn -exclude .git -exclude .hg -strip-unsigned-binaries -strip-deterministic -strip-tool /Applications/Xcode_26.5.app/Contents/Developer/Toolchains/XcodeDefault.xctoolchain/usr/bin/strip -resolve-src-symlinks -rename /Users/runner/work/_temp/potato-derived/Build/Intermediates.noindex/PotatoSupervisor.build/Debug-iphonesimulator/StudyMonitorExtension.build/Objects-normal/x86_64/StudyMonitorExtension.swiftmodule /Users/runner/work/_temp/potato-derived/Build/Products/Debug-iphonesimulator/StudyMonitorExtension.swiftmodule/x86_64-apple-ios-simulator.swiftmodule

Copy /Users/runner/work/_temp/potato-derived/Build/Products/Debug-iphonesimulator/StudyMonitorExtension.swiftmodule/x86_64-apple-ios-simulator.swiftdoc /Users/runner/work/_temp/potato-derived/Build/Intermediates.noindex/PotatoSupervisor.build/Debug-iphonesimulator/StudyMonitorExtension.build/Objects-normal/x86_64/StudyMonitorExtension.swiftdoc (in target 'StudyMonitorExtension' from project 'PotatoSupervisor')
    cd /Users/runner/work/potato-supervisor/potato-supervisor/ios
    builtin-copy -exclude .DS_Store -exclude CVS -exclude .svn -exclude .git -exclude .hg -strip-unsigned-binaries -strip-deterministic -strip-tool /Applications/Xcode_26.5.app/Contents/Developer/Toolchains/XcodeDefault.xctoolchain/usr/bin/strip -resolve-src-symlinks -rename /Users/runner/work/_temp/potato-derived/Build/Intermediates.noindex/PotatoSupervisor.build/Debug-iphonesimulator/StudyMonitorExtension.build/Objects-normal/x86_64/StudyMonitorExtension.swiftdoc /Users/runner/work/_temp/potato-derived/Build/Products/Debug-iphonesimulator/StudyMonitorExtension.swiftmodule/x86_64-apple-ios-simulator.swiftdoc

Copy /Users/runner/work/_temp/potato-derived/Build/Products/Debug-iphonesimulator/StudyMonitorExtension.swiftmodule/x86_64-apple-ios-simulator.abi.json /Users/runner/work/_temp/potato-derived/Build/Intermediates.noindex/PotatoSupervisor.build/Debug-iphonesimulator/StudyMonitorExtension.build/Objects-normal/x86_64/StudyMonitorExtension.abi.json (in target 'StudyMonitorExtension' from project 'PotatoSupervisor')
    cd /Users/runner/work/potato-supervisor/potato-supervisor/ios
    builtin-copy -exclude .DS_Store -exclude CVS -exclude .svn -exclude .git -exclude .hg -strip-unsigned-binaries -strip-deterministic -strip-tool /Applications/Xcode_26.5.app/Contents/Developer/Toolchains/XcodeDefault.xctoolchain/usr/bin/strip -resolve-src-symlinks -rename /Users/runner/work/_temp/potato-derived/Build/Intermediates.noindex/PotatoSupervisor.build/Debug-iphonesimulator/StudyMonitorExtension.build/Objects-normal/x86_64/StudyMonitorExtension.abi.json /Users/runner/work/_temp/potato-derived/Build/Products/Debug-iphonesimulator/StudyMonitorExtension.swiftmodule/x86_64-apple-ios-simulator.abi.json

Copy /Users/runner/work/_temp/potato-derived/Build/Products/Debug-iphonesimulator/StudyMonitorExtension.swiftmodule/Project/x86_64-apple-ios-simulator.swiftsourceinfo /Users/runner/work/_temp/potato-derived/Build/Intermediates.noindex/PotatoSupervisor.build/Debug-iphonesimulator/StudyMonitorExtension.build/Objects-normal/x86_64/StudyMonitorExtension.swiftsourceinfo (in target 'StudyMonitorExtension' from project 'PotatoSupervisor')
    cd /Users/runner/work/potato-supervisor/potato-supervisor/ios
    builtin-copy -exclude .DS_Store -exclude CVS -exclude .svn -exclude .git -exclude .hg -strip-unsigned-binaries -strip-deterministic -strip-tool /Applications/Xcode_26.5.app/Contents/Developer/Toolchains/XcodeDefault.xctoolchain/usr/bin/strip -resolve-src-symlinks -rename /Users/runner/work/_temp/potato-derived/Build/Intermediates.noindex/PotatoSupervisor.build/Debug-iphonesimulator/StudyMonitorExtension.build/Objects-normal/x86_64/StudyMonitorExtension.swiftsourceinfo /Users/runner/work/_temp/potato-derived/Build/Products/Debug-iphonesimulator/StudyMonitorExtension.swiftmodule/Project/x86_64-apple-ios-simulator.swiftsourceinfo

SwiftEmitModule normal arm64 Emitting\ module\ for\ StudyMonitorExtension (in target 'StudyMonitorExtension' from project 'PotatoSupervisor')

EmitSwiftModule normal arm64 (in target 'StudyMonitorExtension' from project 'PotatoSupervisor')
    cd /Users/runner/work/potato-supervisor/potato-supervisor/ios
    

SwiftCompile normal arm64 Compiling\ SharedStorage.swift,\ StudyShieldConfiguration.swift /Users/runner/work/potato-supervisor/potato-supervisor/ios/Shared/SharedStorage.swift /Users/runner/work/potato-supervisor/potato-supervisor/ios/Extensions/ShieldConfiguration/StudyShieldConfiguration.swift (in target 'StudyShieldConfigurationExtension' from project 'PotatoSupervisor')
SwiftCompile normal arm64 /Users/runner/work/potato-supervisor/potato-supervisor/ios/Shared/SharedStorage.swift (in target 'StudyShieldConfigurationExtension' from project 'PotatoSupervisor')
    cd /Users/runner/work/potato-supervisor/potato-supervisor/ios
    

SwiftCompile normal arm64 /Users/runner/work/potato-supervisor/potato-supervisor/ios/Extensions/ShieldConfiguration/StudyShieldConfiguration.swift (in target 'StudyShieldConfigurationExtension' from project 'PotatoSupervisor')
    cd /Users/runner/work/potato-supervisor/potato-supervisor/ios
    

SwiftDriverJobDiscovery normal arm64 Emitting module for StudyMonitorExtension (in target 'StudyMonitorExtension' from project 'PotatoSupervisor')

SwiftDriver\ Compilation\ Requirements StudyMonitorExtension normal arm64 com.apple.xcode.tools.swift.compiler (in target 'StudyMonitorExtension' from project 'PotatoSupervisor')
    cd /Users/runner/work/potato-supervisor/potato-supervisor/ios
    builtin-Swift-Compilation-Requirements -- /Applications/Xcode_26.5.app/Contents/Developer/Toolchains/XcodeDefault.xctoolchain/usr/bin/swiftc -module-name StudyMonitorExtension -Onone @/Users/runner/work/_temp/potato-derived/Build/Intermediates.noindex/PotatoSupervisor.build/Debug-iphonesimulator/StudyMonitorExtension.build/Objects-normal/arm64/StudyMonitorExtension.SwiftFileList -DDEBUG -strict-concurrency\=targeted -enable-bare-slash-regex -enable-experimental-feature DebugDescriptionMacro -sdk /Applications/Xcode_26.5.app/Contents/Developer/Platforms/iPhoneSimulator.platform/Developer/SDKs/iPhoneSimulator26.5.sdk -target arm64-apple-ios17.4-simulator -g -module-cache-path /Users/runner/work/_temp/potato-derived/ModuleCache.noindex -Xfrontend -serialize-debugging-options -application-extension -enable-testing -index-store-path /Users/runner/work/_temp/potato-derived/Index.noindex/DataStore -swift-version 5 -I /Users/runner/work/_temp/potato-derived/Build/Products/Debug-iphonesimulator -F /Users/runner/work/_temp/potato-derived/Build/Products/Debug-iphonesimulator -emit-localized-strings -emit-localized-strings-path /Users/runner/work/_temp/potato-derived/Build/Intermediates.noindex/PotatoSupervisor.build/Debug-iphonesimulator/StudyMonitorExtension.build/Objects-normal/arm64 -c -j3 -enable-batch-mode -incremental -Xcc -ivfsstatcache -Xcc /Users/runner/work/_temp/potato-derived/SDKStatCaches.noindex/iphonesimulator26.5-23F73-688ef53f1462e2c8f657fdc38a81448ffb7d586738ff35573a713a18216ade27.sdkstatcache -output-file-map /Users/runner/work/_temp/potato-derived/Build/Intermediates.noindex/PotatoSupervisor.build/Debug-iphonesimulator/StudyMonitorExtension.build/Objects-normal/arm64/StudyMonitorExtension-OutputFileMap.json -use-frontend-parseable-output -save-temps -no-color-diagnostics -explicit-module-build -module-cache-path /Users/runner/work/_temp/potato-derived/Build/Intermediates.noindex/SwiftExplicitPrecompiledModules -clang-scanner-module-cache-path /Users/runner/work/_temp/potato-derived/ModuleCache.noindex -sdk-module-cache-path /Users/runner/work/_temp/potato-derived/ModuleCache.noindex -serialize-diagnostics -emit-dependencies -emit-module -emit-module-path /Users/runner/work/_temp/potato-derived/Build/Intermediates.noindex/PotatoSupervisor.build/Debug-iphonesimulator/StudyMonitorExtension.build/Objects-normal/arm64/StudyMonitorExtension.swiftmodule -validate-clang-modules-once -clang-build-session-file /Users/runner/work/_temp/potato-derived/ModuleCache.noindex/Session.modulevalidation -Xcc -I/Users/runner/work/_temp/potato-derived/Build/Intermediates.noindex/PotatoSupervisor.build/Debug-iphonesimulator/StudyMonitorExtension.build/swift-overrides.hmap -emit-const-values -Xfrontend -const-gather-protocols-file -Xfrontend /Users/runner/work/_temp/potato-derived/Build/Intermediates.noindex/PotatoSupervisor.build/Debug-iphonesimulator/StudyMonitorExtension.build/Objects-normal/arm64/StudyMonitorExtension_const_extract_protocols.json -Xcc -iquote -Xcc /Users/runner/work/_temp/potato-derived/Build/Intermediates.noindex/PotatoSupervisor.build/Debug-iphonesimulator/StudyMonitorExtension.build/StudyMonitorExtension-generated-files.hmap -Xcc -I/Users/runner/work/_temp/potato-derived/Build/Intermediates.noindex/PotatoSupervisor.build/Debug-iphonesimulator/StudyMonitorExtension.build/StudyMonitorExtension-own-target-headers.hmap -Xcc -I/Users/runner/work/_temp/potato-derived/Build/Intermediates.noindex/PotatoSupervisor.build/Debug-iphonesimulator/StudyMonitorExtension.build/StudyMonitorExtension-all-target-headers.hmap -Xcc -iquote -Xcc /Users/runner/work/_temp/potato-derived/Build/Intermediates.noindex/PotatoSupervisor.build/Debug-iphonesimulator/StudyMonitorExtension.build/StudyMonitorExtension-project-headers.hmap -Xcc -I/Users/runner/work/_temp/potato-derived/Build/Products/Debug-iphonesimulator/include -Xcc -I/Users/runner/work/_temp/potato-derived/Build/Intermediates.noindex/PotatoSupervisor.build/Debug-iphonesimulator/StudyMonitorExtension.build/DerivedSources-normal/arm64 -Xcc -I/Users/runner/work/_temp/potato-derived/Build/Intermediates.noindex/PotatoSupervisor.build/Debug-iphonesimulator/StudyMonitorExtension.build/DerivedSources/arm64 -Xcc -I/Users/runner/work/_temp/potato-derived/Build/Intermediates.noindex/PotatoSupervisor.build/Debug-iphonesimulator/StudyMonitorExtension.build/DerivedSources -emit-objc-header -emit-objc-header-path /Users/runner/work/_temp/potato-derived/Build/Intermediates.noindex/PotatoSupervisor.build/Debug-iphonesimulator/StudyMonitorExtension.build/Objects-normal/arm64/StudyMonitorExtension-Swift.h -working-directory /Users/runner/work/potato-supervisor/potato-supervisor/ios -experimental-emit-module-separately -disable-cmo

SwiftDriverJobDiscovery normal x86_64 Compiling CharacterImage.swift, Dialogue.swift (in target 'StudyShieldConfigurationExtension' from project 'PotatoSupervisor')

SwiftCompile normal x86_64 Compiling\ Policy.swift,\ ScreenTimeCoordinator.swift /Users/runner/work/potato-supervisor/potato-supervisor/ios/Shared/Policy.swift /Users/runner/work/potato-supervisor/potato-supervisor/ios/Shared/ScreenTimeCoordinator.swift (in target 'StudyShieldConfigurationExtension' from project 'PotatoSupervisor')

SwiftCompile normal x86_64 /Users/runner/work/potato-supervisor/potato-supervisor/ios/Shared/Policy.swift (in target 'StudyShieldConfigurationExtension' from project 'PotatoSupervisor')
    cd /Users/runner/work/potato-supervisor/potato-supervisor/ios
    

SwiftCompile normal x86_64 /Users/runner/work/potato-supervisor/potato-supervisor/ios/Shared/ScreenTimeCoordinator.swift (in target 'StudyShieldConfigurationExtension' from project 'PotatoSupervisor')
    cd /Users/runner/work/potato-supervisor/potato-supervisor/ios
    

SwiftMergeGeneratedHeaders /Users/runner/work/_temp/potato-derived/Build/Intermediates.noindex/PotatoSupervisor.build/Debug-iphonesimulator/StudyMonitorExtension.build/DerivedSources/StudyMonitorExtension-Swift.h /Users/runner/work/_temp/potato-derived/Build/Intermediates.noindex/PotatoSupervisor.build/Debug-iphonesimulator/StudyMonitorExtension.build/Objects-normal/arm64/StudyMonitorExtension-Swift.h /Users/runner/work/_temp/potato-derived/Build/Intermediates.noindex/PotatoSupervisor.build/Debug-iphonesimulator/StudyMonitorExtension.build/Objects-normal/x86_64/StudyMonitorExtension-Swift.h (in target 'StudyMonitorExtension' from project 'PotatoSupervisor')
    cd /Users/runner/work/potato-supervisor/potato-supervisor/ios
    builtin-swiftHeaderTool -arch arm64 /Users/runner/work/_temp/potato-derived/Build/Intermediates.noindex/PotatoSupervisor.build/Debug-iphonesimulator/StudyMonitorExtension.build/Objects-normal/arm64/StudyMonitorExtension-Swift.h -arch x86_64 /Users/runner/work/_temp/potato-derived/Build/Intermediates.noindex/PotatoSupervisor.build/Debug-iphonesimulator/StudyMonitorExtension.build/Objects-normal/x86_64/StudyMonitorExtension-Swift.h -o /Users/runner/work/_temp/potato-derived/Build/Intermediates.noindex/PotatoSupervisor.build/Debug-iphonesimulator/StudyMonitorExtension.build/DerivedSources/StudyMonitorExtension-Swift.h

SwiftDriverJobDiscovery normal x86_64 Compiling SharedStorage.swift, StudyShieldConfiguration.swift (in target 'StudyShieldConfigurationExtension' from project 'PotatoSupervisor')

Copy /Users/runner/work/_temp/potato-derived/Build/Products/Debug-iphonesimulator/StudyMonitorExtension.swiftmodule/arm64-apple-ios-simulator.swiftmodule /Users/runner/work/_temp/potato-derived/Build/Intermediates.noindex/PotatoSupervisor.build/Debug-iphonesimulator/StudyMonitorExtension.build/Objects-normal/arm64/StudyMonitorExtension.swiftmodule (in target 'StudyMonitorExtension' from project 'PotatoSupervisor')
    cd /Users/runner/work/potato-supervisor/potato-supervisor/ios
    builtin-copy -exclude .DS_Store -exclude CVS -exclude .svn -exclude .git -exclude .hg -strip-unsigned-binaries -strip-deterministic -strip-tool /Applications/Xcode_26.5.app/Contents/Developer/Toolchains/XcodeDefault.xctoolchain/usr/bin/strip -resolve-src-symlinks -rename /Users/runner/work/_temp/potato-derived/Build/Intermediates.noindex/PotatoSupervisor.build/Debug-iphonesimulator/StudyMonitorExtension.build/Objects-normal/arm64/StudyMonitorExtension.swiftmodule /Users/runner/work/_temp/potato-derived/Build/Products/Debug-iphonesimulator/StudyMonitorExtension.swiftmodule/arm64-apple-ios-simulator.swiftmodule

Copy /Users/runner/work/_temp/potato-derived/Build/Products/Debug-iphonesimulator/StudyMonitorExtension.swiftmodule/arm64-apple-ios-simulator.swiftdoc /Users/runner/work/_temp/potato-derived/Build/Intermediates.noindex/PotatoSupervisor.build/Debug-iphonesimulator/StudyMonitorExtension.build/Objects-normal/arm64/StudyMonitorExtension.swiftdoc (in target 'StudyMonitorExtension' from project 'PotatoSupervisor')
    cd /Users/runner/work/potato-supervisor/potato-supervisor/ios
    builtin-copy -exclude .DS_Store -exclude CVS -exclude .svn -exclude .git -exclude .hg -strip-unsigned-binaries -strip-deterministic -strip-tool /Applications/Xcode_26.5.app/Contents/Developer/Toolchains/XcodeDefault.xctoolchain/usr/bin/strip -resolve-src-symlinks -rename /Users/runner/work/_temp/potato-derived/Build/Intermediates.noindex/PotatoSupervisor.build/Debug-iphonesimulator/StudyMonitorExtension.build/Objects-normal/arm64/StudyMonitorExtension.swiftdoc /Users/runner/work/_temp/potato-derived/Build/Products/Debug-iphonesimulator/StudyMonitorExtension.swiftmodule/arm64-apple-ios-simulator.swiftdoc

Copy /Users/runner/work/_temp/potato-derived/Build/Products/Debug-iphonesimulator/StudyMonitorExtension.swiftmodule/arm64-apple-ios-simulator.abi.json /Users/runner/work/_temp/potato-derived/Build/Intermediates.noindex/PotatoSupervisor.build/Debug-iphonesimulator/StudyMonitorExtension.build/Objects-normal/arm64/StudyMonitorExtension.abi.json (in target 'StudyMonitorExtension' from project 'PotatoSupervisor')
    cd /Users/runner/work/potato-supervisor/potato-supervisor/ios
    builtin-copy -exclude .DS_Store -exclude CVS -exclude .svn -exclude .git -exclude .hg -strip-unsigned-binaries -strip-deterministic -strip-tool /Applications/Xcode_26.5.app/Contents/Developer/Toolchains/XcodeDefault.xctoolchain/usr/bin/strip -resolve-src-symlinks -rename /Users/runner/work/_temp/potato-derived/Build/Intermediates.noindex/PotatoSupervisor.build/Debug-iphonesimulator/StudyMonitorExtension.build/Objects-normal/arm64/StudyMonitorExtension.abi.json /Users/runner/work/_temp/potato-derived/Build/Products/Debug-iphonesimulator/StudyMonitorExtension.swiftmodule/arm64-apple-ios-simulator.abi.json

Copy /Users/runner/work/_temp/potato-derived/Build/Products/Debug-iphonesimulator/StudyMonitorExtension.swiftmodule/Project/arm64-apple-ios-simulator.swiftsourceinfo /Users/runner/work/_temp/potato-derived/Build/Intermediates.noindex/PotatoSupervisor.build/Debug-iphonesimulator/StudyMonitorExtension.build/Objects-normal/arm64/StudyMonitorExtension.swiftsourceinfo (in target 'StudyMonitorExtension' from project 'PotatoSupervisor')
    cd /Users/runner/work/potato-supervisor/potato-supervisor/ios
    builtin-copy -exclude .DS_Store -exclude CVS -exclude .svn -exclude .git -exclude .hg -strip-unsigned-binaries -strip-deterministic -strip-tool /Applications/Xcode_26.5.app/Contents/Developer/Toolchains/XcodeDefault.xctoolchain/usr/bin/strip -resolve-src-symlinks -rename /Users/runner/work/_temp/potato-derived/Build/Intermediates.noindex/PotatoSupervisor.build/Debug-iphonesimulator/StudyMonitorExtension.build/Objects-normal/arm64/StudyMonitorExtension.swiftsourceinfo /Users/runner/work/_temp/potato-derived/Build/Products/Debug-iphonesimulator/StudyMonitorExtension.swiftmodule/Project/arm64-apple-ios-simulator.swiftsourceinfo

SwiftCompile normal arm64 Compiling\ Policy.swift,\ ScreenTimeCoordinator.swift /Users/runner/work/potato-supervisor/potato-supervisor/ios/Shared/Policy.swift /Users/runner/work/potato-supervisor/potato-supervisor/ios/Shared/ScreenTimeCoordinator.swift (in target 'StudyShieldConfigurationExtension' from project 'PotatoSupervisor')
SwiftCompile normal arm64 /Users/runner/work/potato-supervisor/potato-supervisor/ios/Shared/Policy.swift (in target 'StudyShieldConfigurationExtension' from project 'PotatoSupervisor')
    cd /Users/runner/work/potato-supervisor/potato-supervisor/ios
    

SwiftCompile normal arm64 /Users/runner/work/potato-supervisor/potato-supervisor/ios/Shared/ScreenTimeCoordinator.swift (in target 'StudyShieldConfigurationExtension' from project 'PotatoSupervisor')
    cd /Users/runner/work/potato-supervisor/potato-supervisor/ios
    

SwiftCompile normal arm64 Compiling\ CharacterImage.swift,\ Dialogue.swift /Users/runner/work/potato-supervisor/potato-supervisor/ios/Shared/CharacterImage.swift /Users/runner/work/potato-supervisor/potato-supervisor/ios/Shared/Dialogue.swift (in target 'StudyShieldConfigurationExtension' from project 'PotatoSupervisor')

SwiftCompile normal arm64 /Users/runner/work/potato-supervisor/potato-supervisor/ios/Shared/CharacterImage.swift (in target 'StudyShieldConfigurationExtension' from project 'PotatoSupervisor')
    cd /Users/runner/work/potato-supervisor/potato-supervisor/ios
    

SwiftCompile normal arm64 /Users/runner/work/potato-supervisor/potato-supervisor/ios/Shared/Dialogue.swift (in target 'StudyShieldConfigurationExtension' from project 'PotatoSupervisor')
    cd /Users/runner/work/potato-supervisor/potato-supervisor/ios
    

SwiftDriverJobDiscovery normal x86_64 Compiling Policy.swift, ScreenTimeCoordinator.swift (in target 'StudyShieldConfigurationExtension' from project 'PotatoSupervisor')

SwiftDriver\ Compilation StudyShieldConfigurationExtension normal x86_64 com.apple.xcode.tools.swift.compiler (in target 'StudyShieldConfigurationExtension' from project 'PotatoSupervisor')
    cd /Users/runner/work/potato-supervisor/potato-supervisor/ios
    builtin-Swift-Compilation -- /Applications/Xcode_26.5.app/Contents/Developer/Toolchains/XcodeDefault.xctoolchain/usr/bin/swiftc -module-name StudyShieldConfigurationExtension -Onone @/Users/runner/work/_temp/potato-derived/Build/Intermediates.noindex/PotatoSupervisor.build/Debug-iphonesimulator/StudyShieldConfigurationExtension.build/Objects-normal/x86_64/StudyShieldConfigurationExtension.SwiftFileList -DDEBUG -strict-concurrency\=targeted -enable-bare-slash-regex -enable-experimental-feature DebugDescriptionMacro -sdk /Applications/Xcode_26.5.app/Contents/Developer/Platforms/iPhoneSimulator.platform/Developer/SDKs/iPhoneSimulator26.5.sdk -target x86_64-apple-ios17.4-simulator -g -module-cache-path /Users/runner/work/_temp/potato-derived/ModuleCache.noindex -Xfrontend -serialize-debugging-options -application-extension -enable-testing -index-store-path /Users/runner/work/_temp/potato-derived/Index.noindex/DataStore -swift-version 5 -I /Users/runner/work/_temp/potato-derived/Build/Products/Debug-iphonesimulator -F /Users/runner/work/_temp/potato-derived/Build/Products/Debug-iphonesimulator -emit-localized-strings -emit-localized-strings-path /Users/runner/work/_temp/potato-derived/Build/Intermediates.noindex/PotatoSupervisor.build/Debug-iphonesimulator/StudyShieldConfigurationExtension.build/Objects-normal/x86_64 -c -j3 -enable-batch-mode -incremental -Xcc -ivfsstatcache -Xcc /Users/runner/work/_temp/potato-derived/SDKStatCaches.noindex/iphonesimulator26.5-23F73-688ef53f1462e2c8f657fdc38a81448ffb7d586738ff35573a713a18216ade27.sdkstatcache -output-file-map /Users/runner/work/_temp/potato-derived/Build/Intermediates.noindex/PotatoSupervisor.build/Debug-iphonesimulator/StudyShieldConfigurationExtension.build/Objects-normal/x86_64/StudyShieldConfigurationExtension-OutputFileMap.json -use-frontend-parseable-output -save-temps -no-color-diagnostics -explicit-module-build -module-cache-path /Users/runner/work/_temp/potato-derived/Build/Intermediates.noindex/SwiftExplicitPrecompiledModules -clang-scanner-module-cache-path /Users/runner/work/_temp/potato-derived/ModuleCache.noindex -sdk-module-cache-path /Users/runner/work/_temp/potato-derived/ModuleCache.noindex -serialize-diagnostics -emit-dependencies -emit-module -emit-module-path /Users/runner/work/_temp/potato-derived/Build/Intermediates.noindex/PotatoSupervisor.build/Debug-iphonesimulator/StudyShieldConfigurationExtension.build/Objects-normal/x86_64/StudyShieldConfigurationExtension.swiftmodule -validate-clang-modules-once -clang-build-session-file /Users/runner/work/_temp/potato-derived/ModuleCache.noindex/Session.modulevalidation -Xcc -I/Users/runner/work/_temp/potato-derived/Build/Intermediates.noindex/PotatoSupervisor.build/Debug-iphonesimulator/StudyShieldConfigurationExtension.build/swift-overrides.hmap -emit-const-values -Xfrontend -const-gather-protocols-file -Xfrontend /Users/runner/work/_temp/potato-derived/Build/Intermediates.noindex/PotatoSupervisor.build/Debug-iphonesimulator/StudyShieldConfigurationExtension.build/Objects-normal/x86_64/StudyShieldConfigurationExtension_const_extract_protocols.json -Xcc -iquote -Xcc /Users/runner/work/_temp/potato-derived/Build/Intermediates.noindex/PotatoSupervisor.build/Debug-iphonesimulator/StudyShieldConfigurationExtension.build/StudyShieldConfigurationExtension-generated-files.hmap -Xcc -I/Users/runner/work/_temp/potato-derived/Build/Intermediates.noindex/PotatoSupervisor.build/Debug-iphonesimulator/StudyShieldConfigurationExtension.build/StudyShieldConfigurationExtension-own-target-headers.hmap -Xcc -I/Users/runner/work/_temp/potato-derived/Build/Intermediates.noindex/PotatoSupervisor.build/Debug-iphonesimulator/StudyShieldConfigurationExtension.build/StudyShieldConfigurationExtension-all-target-headers.hmap -Xcc -iquote -Xcc /Users/runner/work/_temp/potato-derived/Build/Intermediates.noindex/PotatoSupervisor.build/Debug-iphonesimulator/StudyShieldConfigurationExtension.build/StudyShieldConfigurationExtension-project-headers.hmap -Xcc -I/Users/runner/work/_temp/potato-derived/Build/Products/Debug-iphonesimulator/include -Xcc -I/Users/runner/work/_temp/potato-derived/Build/Intermediates.noindex/PotatoSupervisor.build/Debug-iphonesimulator/StudyShieldConfigurationExtension.build/DerivedSources-normal/x86_64 -Xcc -I/Users/runner/work/_temp/potato-derived/Build/Intermediates.noindex/PotatoSupervisor.build/Debug-iphonesimulator/StudyShieldConfigurationExtension.build/DerivedSources/x86_64 -Xcc -I/Users/runner/work/_temp/potato-derived/Build/Intermediates.noindex/PotatoSupervisor.build/Debug-iphonesimulator/StudyShieldConfigurationExtension.build/DerivedSources -emit-objc-header -emit-objc-header-path /Users/runner/work/_temp/potato-derived/Build/Intermediates.noindex/PotatoSupervisor.build/Debug-iphonesimulator/StudyShieldConfigurationExtension.build/Objects-normal/x86_64/StudyShieldConfigurationExtension-Swift.h -working-directory /Users/runner/work/potato-supervisor/potato-supervisor/ios -experimental-emit-module-separately -disable-cmo

SwiftDriverJobDiscovery normal arm64 Compiling CharacterImage.swift, Dialogue.swift (in target 'StudyShieldConfigurationExtension' from project 'PotatoSupervisor')

SwiftCompile normal x86_64 Compiling\ Policy.swift,\ ScreenTimeCoordinator.swift /Users/runner/work/potato-supervisor/potato-supervisor/ios/Shared/Policy.swift /Users/runner/work/potato-supervisor/potato-supervisor/ios/Shared/ScreenTimeCoordinator.swift (in target 'StudyShieldActionExtension' from project 'PotatoSupervisor')
SwiftCompile normal x86_64 /Users/runner/work/potato-supervisor/potato-supervisor/ios/Shared/Policy.swift (in target 'StudyShieldActionExtension' from project 'PotatoSupervisor')
    cd /Users/runner/work/potato-supervisor/potato-supervisor/ios
    

SwiftCompile normal x86_64 /Users/runner/work/potato-supervisor/potato-supervisor/ios/Shared/ScreenTimeCoordinator.swift (in target 'StudyShieldActionExtension' from project 'PotatoSupervisor')
    cd /Users/runner/work/potato-supervisor/potato-supervisor/ios
    

SwiftCompile normal x86_64 Compiling\ SharedStorage.swift,\ StudyShieldAction.swift /Users/runner/work/potato-supervisor/potato-supervisor/ios/Shared/SharedStorage.swift /Users/runner/work/potato-supervisor/potato-supervisor/ios/Extensions/ShieldAction/StudyShieldAction.swift (in target 'StudyShieldActionExtension' from project 'PotatoSupervisor')

SwiftCompile normal x86_64 /Users/runner/work/potato-supervisor/potato-supervisor/ios/Shared/SharedStorage.swift (in target 'StudyShieldActionExtension' from project 'PotatoSupervisor')
    cd /Users/runner/work/potato-supervisor/potato-supervisor/ios
    

SwiftCompile normal x86_64 /Users/runner/work/potato-supervisor/potato-supervisor/ios/Extensions/ShieldAction/StudyShieldAction.swift (in target 'StudyShieldActionExtension' from project 'PotatoSupervisor')
    cd /Users/runner/work/potato-supervisor/potato-supervisor/ios
    

SwiftDriverJobDiscovery normal arm64 Compiling SharedStorage.swift, StudyShieldConfiguration.swift (in target 'StudyShieldConfigurationExtension' from project 'PotatoSupervisor')

SwiftCompile normal arm64 Compiling\ SharedStorage.swift,\ StudyShieldAction.swift /Users/runner/work/potato-supervisor/potato-supervisor/ios/Shared/SharedStorage.swift /Users/runner/work/potato-supervisor/potato-supervisor/ios/Extensions/ShieldAction/StudyShieldAction.swift (in target 'StudyShieldActionExtension' from project 'PotatoSupervisor')

SwiftCompile normal arm64 /Users/runner/work/potato-supervisor/potato-supervisor/ios/Shared/SharedStorage.swift (in target 'StudyShieldActionExtension' from project 'PotatoSupervisor')
    cd /Users/runner/work/potato-supervisor/potato-supervisor/ios
    

SwiftCompile normal arm64 /Users/runner/work/potato-supervisor/potato-supervisor/ios/Extensions/ShieldAction/StudyShieldAction.swift (in target 'StudyShieldActionExtension' from project 'PotatoSupervisor')
    cd /Users/runner/work/potato-supervisor/potato-supervisor/ios
    

SwiftDriverJobDiscovery normal x86_64 Compiling SharedStorage.swift, StudyShieldAction.swift (in target 'StudyShieldActionExtension' from project 'PotatoSupervisor')

SwiftCompile normal arm64 Compiling\ CharacterImage.swift,\ Dialogue.swift /Users/runner/work/potato-supervisor/potato-supervisor/ios/Shared/CharacterImage.swift /Users/runner/work/potato-supervisor/potato-supervisor/ios/Shared/Dialogue.swift (in target 'StudyShieldActionExtension' from project 'PotatoSupervisor')

SwiftCompile normal arm64 /Users/runner/work/potato-supervisor/potato-supervisor/ios/Shared/CharacterImage.swift (in target 'StudyShieldActionExtension' from project 'PotatoSupervisor')
    cd /Users/runner/work/potato-supervisor/potato-supervisor/ios
    

SwiftCompile normal arm64 /Users/runner/work/potato-supervisor/potato-supervisor/ios/Shared/Dialogue.swift (in target 'StudyShieldActionExtension' from project 'PotatoSupervisor')
    cd /Users/runner/work/potato-supervisor/potato-supervisor/ios
    

SwiftDriverJobDiscovery normal arm64 Compiling Policy.swift, ScreenTimeCoordinator.swift (in target 'StudyShieldConfigurationExtension' from project 'PotatoSupervisor')

SwiftDriver\ Compilation StudyShieldConfigurationExtension normal arm64 com.apple.xcode.tools.swift.compiler (in target 'StudyShieldConfigurationExtension' from project 'PotatoSupervisor')
    cd /Users/runner/work/potato-supervisor/potato-supervisor/ios
    builtin-Swift-Compilation -- /Applications/Xcode_26.5.app/Contents/Developer/Toolchains/XcodeDefault.xctoolchain/usr/bin/swiftc -module-name StudyShieldConfigurationExtension -Onone @/Users/runner/work/_temp/potato-derived/Build/Intermediates.noindex/PotatoSupervisor.build/Debug-iphonesimulator/StudyShieldConfigurationExtension.build/Objects-normal/arm64/StudyShieldConfigurationExtension.SwiftFileList -DDEBUG -strict-concurrency\=targeted -enable-bare-slash-regex -enable-experimental-feature DebugDescriptionMacro -sdk /Applications/Xcode_26.5.app/Contents/Developer/Platforms/iPhoneSimulator.platform/Developer/SDKs/iPhoneSimulator26.5.sdk -target arm64-apple-ios17.4-simulator -g -module-cache-path /Users/runner/work/_temp/potato-derived/ModuleCache.noindex -Xfrontend -serialize-debugging-options -application-extension -enable-testing -index-store-path /Users/runner/work/_temp/potato-derived/Index.noindex/DataStore -swift-version 5 -I /Users/runner/work/_temp/potato-derived/Build/Products/Debug-iphonesimulator -F /Users/runner/work/_temp/potato-derived/Build/Products/Debug-iphonesimulator -emit-localized-strings -emit-localized-strings-path /Users/runner/work/_temp/potato-derived/Build/Intermediates.noindex/PotatoSupervisor.build/Debug-iphonesimulator/StudyShieldConfigurationExtension.build/Objects-normal/arm64 -c -j3 -enable-batch-mode -incremental -Xcc -ivfsstatcache -Xcc /Users/runner/work/_temp/potato-derived/SDKStatCaches.noindex/iphonesimulator26.5-23F73-688ef53f1462e2c8f657fdc38a81448ffb7d586738ff35573a713a18216ade27.sdkstatcache -output-file-map /Users/runner/work/_temp/potato-derived/Build/Intermediates.noindex/PotatoSupervisor.build/Debug-iphonesimulator/StudyShieldConfigurationExtension.build/Objects-normal/arm64/StudyShieldConfigurationExtension-OutputFileMap.json -use-frontend-parseable-output -save-temps -no-color-diagnostics -explicit-module-build -module-cache-path /Users/runner/work/_temp/potato-derived/Build/Intermediates.noindex/SwiftExplicitPrecompiledModules -clang-scanner-module-cache-path /Users/runner/work/_temp/potato-derived/ModuleCache.noindex -sdk-module-cache-path /Users/runner/work/_temp/potato-derived/ModuleCache.noindex -serialize-diagnostics -emit-dependencies -emit-module -emit-module-path /Users/runner/work/_temp/potato-derived/Build/Intermediates.noindex/PotatoSupervisor.build/Debug-iphonesimulator/StudyShieldConfigurationExtension.build/Objects-normal/arm64/StudyShieldConfigurationExtension.swiftmodule -validate-clang-modules-once -clang-build-session-file /Users/runner/work/_temp/potato-derived/ModuleCache.noindex/Session.modulevalidation -Xcc -I/Users/runner/work/_temp/potato-derived/Build/Intermediates.noindex/PotatoSupervisor.build/Debug-iphonesimulator/StudyShieldConfigurationExtension.build/swift-overrides.hmap -emit-const-values -Xfrontend -const-gather-protocols-file -Xfrontend /Users/runner/work/_temp/potato-derived/Build/Intermediates.noindex/PotatoSupervisor.build/Debug-iphonesimulator/StudyShieldConfigurationExtension.build/Objects-normal/arm64/StudyShieldConfigurationExtension_const_extract_protocols.json -Xcc -iquote -Xcc /Users/runner/work/_temp/potato-derived/Build/Intermediates.noindex/PotatoSupervisor.build/Debug-iphonesimulator/StudyShieldConfigurationExtension.build/StudyShieldConfigurationExtension-generated-files.hmap -Xcc -I/Users/runner/work/_temp/potato-derived/Build/Intermediates.noindex/PotatoSupervisor.build/Debug-iphonesimulator/StudyShieldConfigurationExtension.build/StudyShieldConfigurationExtension-own-target-headers.hmap -Xcc -I/Users/runner/work/_temp/potato-derived/Build/Intermediates.noindex/PotatoSupervisor.build/Debug-iphonesimulator/StudyShieldConfigurationExtension.build/StudyShieldConfigurationExtension-all-target-headers.hmap -Xcc -iquote -Xcc /Users/runner/work/_temp/potato-derived/Build/Intermediates.noindex/PotatoSupervisor.build/Debug-iphonesimulator/StudyShieldConfigurationExtension.build/StudyShieldConfigurationExtension-project-headers.hmap -Xcc -I/Users/runner/work/_temp/potato-derived/Build/Products/Debug-iphonesimulator/include -Xcc -I/Users/runner/work/_temp/potato-derived/Build/Intermediates.noindex/PotatoSupervisor.build/Debug-iphonesimulator/StudyShieldConfigurationExtension.build/DerivedSources-normal/arm64 -Xcc -I/Users/runner/work/_temp/potato-derived/Build/Intermediates.noindex/PotatoSupervisor.build/Debug-iphonesimulator/StudyShieldConfigurationExtension.build/DerivedSources/arm64 -Xcc -I/Users/runner/work/_temp/potato-derived/Build/Intermediates.noindex/PotatoSupervisor.build/Debug-iphonesimulator/StudyShieldConfigurationExtension.build/DerivedSources -emit-objc-header -emit-objc-header-path /Users/runner/work/_temp/potato-derived/Build/Intermediates.noindex/PotatoSupervisor.build/Debug-iphonesimulator/StudyShieldConfigurationExtension.build/Objects-normal/arm64/StudyShieldConfigurationExtension-Swift.h -working-directory /Users/runner/work/potato-supervisor/potato-supervisor/ios -experimental-emit-module-separately -disable-cmo

SwiftDriverJobDiscovery normal arm64 Compiling SharedStorage.swift, StudyShieldAction.swift (in target 'StudyShieldActionExtension' from project 'PotatoSupervisor')

SwiftCompile normal arm64 Compiling\ Policy.swift,\ ScreenTimeCoordinator.swift /Users/runner/work/potato-supervisor/potato-supervisor/ios/Shared/Policy.swift /Users/runner/work/potato-supervisor/potato-supervisor/ios/Shared/ScreenTimeCoordinator.swift (in target 'StudyShieldActionExtension' from project 'PotatoSupervisor')
SwiftCompile normal arm64 /Users/runner/work/potato-supervisor/potato-supervisor/ios/Shared/Policy.swift (in target 'StudyShieldActionExtension' from project 'PotatoSupervisor')
    cd /Users/runner/work/potato-supervisor/potato-supervisor/ios
    

SwiftCompile normal arm64 /Users/runner/work/potato-supervisor/potato-supervisor/ios/Shared/ScreenTimeCoordinator.swift (in target 'StudyShieldActionExtension' from project 'PotatoSupervisor')
    cd /Users/runner/work/potato-supervisor/potato-supervisor/ios
    

SwiftDriverJobDiscovery normal arm64 Compiling CharacterImage.swift, Dialogue.swift (in target 'StudyShieldActionExtension' from project 'PotatoSupervisor')

SwiftCompile normal x86_64 Compiling\ CharacterImage.swift,\ Dialogue.swift /Users/runner/work/potato-supervisor/potato-supervisor/ios/Shared/CharacterImage.swift /Users/runner/work/potato-supervisor/potato-supervisor/ios/Shared/Dialogue.swift (in target 'StudyShieldActionExtension' from project 'PotatoSupervisor')

SwiftCompile normal x86_64 /Users/runner/work/potato-supervisor/potato-supervisor/ios/Shared/CharacterImage.swift (in target 'StudyShieldActionExtension' from project 'PotatoSupervisor')
    cd /Users/runner/work/potato-supervisor/potato-supervisor/ios
    

SwiftCompile normal x86_64 /Users/runner/work/potato-supervisor/potato-supervisor/ios/Shared/Dialogue.swift (in target 'StudyShieldActionExtension' from project 'PotatoSupervisor')
    cd /Users/runner/work/potato-supervisor/potato-supervisor/ios
    

SwiftCompile normal x86_64 Compiling\ CharacterImage.swift,\ Dialogue.swift /Users/runner/work/potato-supervisor/potato-supervisor/ios/Shared/CharacterImage.swift /Users/runner/work/potato-supervisor/potato-supervisor/ios/Shared/Dialogue.swift (in target 'StudyMonitorExtension' from project 'PotatoSupervisor')

SwiftCompile normal x86_64 /Users/runner/work/potato-supervisor/potato-supervisor/ios/Shared/CharacterImage.swift (in target 'StudyMonitorExtension' from project 'PotatoSupervisor')
    cd /Users/runner/work/potato-supervisor/potato-supervisor/ios
    

SwiftCompile normal x86_64 /Users/runner/work/potato-supervisor/potato-supervisor/ios/Shared/Dialogue.swift (in target 'StudyMonitorExtension' from project 'PotatoSupervisor')
    cd /Users/runner/work/potato-supervisor/potato-supervisor/ios
    

SwiftDriverJobDiscovery normal x86_64 Compiling Policy.swift, ScreenTimeCoordinator.swift (in target 'StudyShieldActionExtension' from project 'PotatoSupervisor')

SwiftCompile normal arm64 Compiling\ Policy.swift,\ ScreenTimeCoordinator.swift /Users/runner/work/potato-supervisor/potato-supervisor/ios/Shared/Policy.swift /Users/runner/work/potato-supervisor/potato-supervisor/ios/Shared/ScreenTimeCoordinator.swift (in target 'StudyMonitorExtension' from project 'PotatoSupervisor')
SwiftCompile normal arm64 /Users/runner/work/potato-supervisor/potato-supervisor/ios/Shared/Policy.swift (in target 'StudyMonitorExtension' from project 'PotatoSupervisor')
    cd /Users/runner/work/potato-supervisor/potato-supervisor/ios
    

SwiftCompile normal arm64 /Users/runner/work/potato-supervisor/potato-supervisor/ios/Shared/ScreenTimeCoordinator.swift (in target 'StudyMonitorExtension' from project 'PotatoSupervisor')
    cd /Users/runner/work/potato-supervisor/potato-supervisor/ios
    

SwiftDriverJobDiscovery normal x86_64 Compiling CharacterImage.swift, Dialogue.swift (in target 'StudyMonitorExtension' from project 'PotatoSupervisor')

SwiftCompile normal x86_64 Compiling\ SharedStorage.swift,\ StudyMonitor.swift /Users/runner/work/potato-supervisor/potato-supervisor/ios/Shared/SharedStorage.swift /Users/runner/work/potato-supervisor/potato-supervisor/ios/Extensions/Monitor/StudyMonitor.swift (in target 'StudyMonitorExtension' from project 'PotatoSupervisor')

SwiftCompile normal x86_64 /Users/runner/work/potato-supervisor/potato-supervisor/ios/Shared/SharedStorage.swift (in target 'StudyMonitorExtension' from project 'PotatoSupervisor')
    cd /Users/runner/work/potato-supervisor/potato-supervisor/ios
    

SwiftCompile normal x86_64 /Users/runner/work/potato-supervisor/potato-supervisor/ios/Extensions/Monitor/StudyMonitor.swift (in target 'StudyMonitorExtension' from project 'PotatoSupervisor')
    cd /Users/runner/work/potato-supervisor/potato-supervisor/ios
    

SwiftDriverJobDiscovery normal x86_64 Compiling CharacterImage.swift, Dialogue.swift (in target 'StudyShieldActionExtension' from project 'PotatoSupervisor')

SwiftDriver\ Compilation StudyShieldActionExtension normal x86_64 com.apple.xcode.tools.swift.compiler (in target 'StudyShieldActionExtension' from project 'PotatoSupervisor')
    cd /Users/runner/work/potato-supervisor/potato-supervisor/ios
    builtin-Swift-Compilation -- /Applications/Xcode_26.5.app/Contents/Developer/Toolchains/XcodeDefault.xctoolchain/usr/bin/swiftc -module-name StudyShieldActionExtension -Onone @/Users/runner/work/_temp/potato-derived/Build/Intermediates.noindex/PotatoSupervisor.build/Debug-iphonesimulator/StudyShieldActionExtension.build/Objects-normal/x86_64/StudyShieldActionExtension.SwiftFileList -DDEBUG -strict-concurrency\=targeted -enable-bare-slash-regex -enable-experimental-feature DebugDescriptionMacro -sdk /Applications/Xcode_26.5.app/Contents/Developer/Platforms/iPhoneSimulator.platform/Developer/SDKs/iPhoneSimulator26.5.sdk -target x86_64-apple-ios17.4-simulator -g -module-cache-path /Users/runner/work/_temp/potato-derived/ModuleCache.noindex -Xfrontend -serialize-debugging-options -application-extension -enable-testing -index-store-path /Users/runner/work/_temp/potato-derived/Index.noindex/DataStore -swift-version 5 -I /Users/runner/work/_temp/potato-derived/Build/Products/Debug-iphonesimulator -F /Users/runner/work/_temp/potato-derived/Build/Products/Debug-iphonesimulator -emit-localized-strings -emit-localized-strings-path /Users/runner/work/_temp/potato-derived/Build/Intermediates.noindex/PotatoSupervisor.build/Debug-iphonesimulator/StudyShieldActionExtension.build/Objects-normal/x86_64 -c -j3 -enable-batch-mode -incremental -Xcc -ivfsstatcache -Xcc /Users/runner/work/_temp/potato-derived/SDKStatCaches.noindex/iphonesimulator26.5-23F73-688ef53f1462e2c8f657fdc38a81448ffb7d586738ff35573a713a18216ade27.sdkstatcache -output-file-map /Users/runner/work/_temp/potato-derived/Build/Intermediates.noindex/PotatoSupervisor.build/Debug-iphonesimulator/StudyShieldActionExtension.build/Objects-normal/x86_64/StudyShieldActionExtension-OutputFileMap.json -use-frontend-parseable-output -save-temps -no-color-diagnostics -explicit-module-build -module-cache-path /Users/runner/work/_temp/potato-derived/Build/Intermediates.noindex/SwiftExplicitPrecompiledModules -clang-scanner-module-cache-path /Users/runner/work/_temp/potato-derived/ModuleCache.noindex -sdk-module-cache-path /Users/runner/work/_temp/potato-derived/ModuleCache.noindex -serialize-diagnostics -emit-dependencies -emit-module -emit-module-path /Users/runner/work/_temp/potato-derived/Build/Intermediates.noindex/PotatoSupervisor.build/Debug-iphonesimulator/StudyShieldActionExtension.build/Objects-normal/x86_64/StudyShieldActionExtension.swiftmodule -validate-clang-modules-once -clang-build-session-file /Users/runner/work/_temp/potato-derived/ModuleCache.noindex/Session.modulevalidation -Xcc -I/Users/runner/work/_temp/potato-derived/Build/Intermediates.noindex/PotatoSupervisor.build/Debug-iphonesimulator/StudyShieldActionExtension.build/swift-overrides.hmap -emit-const-values -Xfrontend -const-gather-protocols-file -Xfrontend /Users/runner/work/_temp/potato-derived/Build/Intermediates.noindex/PotatoSupervisor.build/Debug-iphonesimulator/StudyShieldActionExtension.build/Objects-normal/x86_64/StudyShieldActionExtension_const_extract_protocols.json -Xcc -iquote -Xcc /Users/runner/work/_temp/potato-derived/Build/Intermediates.noindex/PotatoSupervisor.build/Debug-iphonesimulator/StudyShieldActionExtension.build/StudyShieldActionExtension-generated-files.hmap -Xcc -I/Users/runner/work/_temp/potato-derived/Build/Intermediates.noindex/PotatoSupervisor.build/Debug-iphonesimulator/StudyShieldActionExtension.build/StudyShieldActionExtension-own-target-headers.hmap -Xcc -I/Users/runner/work/_temp/potato-derived/Build/Intermediates.noindex/PotatoSupervisor.build/Debug-iphonesimulator/StudyShieldActionExtension.build/StudyShieldActionExtension-all-target-headers.hmap -Xcc -iquote -Xcc /Users/runner/work/_temp/potato-derived/Build/Intermediates.noindex/PotatoSupervisor.build/Debug-iphonesimulator/StudyShieldActionExtension.build/StudyShieldActionExtension-project-headers.hmap -Xcc -I/Users/runner/work/_temp/potato-derived/Build/Products/Debug-iphonesimulator/include -Xcc -I/Users/runner/work/_temp/potato-derived/Build/Intermediates.noindex/PotatoSupervisor.build/Debug-iphonesimulator/StudyShieldActionExtension.build/DerivedSources-normal/x86_64 -Xcc -I/Users/runner/work/_temp/potato-derived/Build/Intermediates.noindex/PotatoSupervisor.build/Debug-iphonesimulator/StudyShieldActionExtension.build/DerivedSources/x86_64 -Xcc -I/Users/runner/work/_temp/potato-derived/Build/Intermediates.noindex/PotatoSupervisor.build/Debug-iphonesimulator/StudyShieldActionExtension.build/DerivedSources -emit-objc-header -emit-objc-header-path /Users/runner/work/_temp/potato-derived/Build/Intermediates.noindex/PotatoSupervisor.build/Debug-iphonesimulator/StudyShieldActionExtension.build/Objects-normal/x86_64/StudyShieldActionExtension-Swift.h -working-directory /Users/runner/work/potato-supervisor/potato-supervisor/ios -experimental-emit-module-separately -disable-cmo

SwiftDriverJobDiscovery normal arm64 Compiling Policy.swift, ScreenTimeCoordinator.swift (in target 'StudyShieldActionExtension' from project 'PotatoSupervisor')

SwiftCompile normal x86_64 Compiling\ Policy.swift,\ ScreenTimeCoordinator.swift /Users/runner/work/potato-supervisor/potato-supervisor/ios/Shared/Policy.swift /Users/runner/work/potato-supervisor/potato-supervisor/ios/Shared/ScreenTimeCoordinator.swift (in target 'StudyMonitorExtension' from project 'PotatoSupervisor')
SwiftCompile normal x86_64 /Users/runner/work/potato-supervisor/potato-supervisor/ios/Shared/Policy.swift (in target 'StudyMonitorExtension' from project 'PotatoSupervisor')
    cd /Users/runner/work/potato-supervisor/potato-supervisor/ios
    

SwiftCompile normal x86_64 /Users/runner/work/potato-supervisor/potato-supervisor/ios/Shared/ScreenTimeCoordinator.swift (in target 'StudyMonitorExtension' from project 'PotatoSupervisor')
    cd /Users/runner/work/potato-supervisor/potato-supervisor/ios
    

SwiftDriver\ Compilation StudyShieldActionExtension normal arm64 com.apple.xcode.tools.swift.compiler (in target 'StudyShieldActionExtension' from project 'PotatoSupervisor')
    cd /Users/runner/work/potato-supervisor/potato-supervisor/ios
    builtin-Swift-Compilation -- /Applications/Xcode_26.5.app/Contents/Developer/Toolchains/XcodeDefault.xctoolchain/usr/bin/swiftc -module-name StudyShieldActionExtension -Onone @/Users/runner/work/_temp/potato-derived/Build/Intermediates.noindex/PotatoSupervisor.build/Debug-iphonesimulator/StudyShieldActionExtension.build/Objects-normal/arm64/StudyShieldActionExtension.SwiftFileList -DDEBUG -strict-concurrency\=targeted -enable-bare-slash-regex -enable-experimental-feature DebugDescriptionMacro -sdk /Applications/Xcode_26.5.app/Contents/Developer/Platforms/iPhoneSimulator.platform/Developer/SDKs/iPhoneSimulator26.5.sdk -target arm64-apple-ios17.4-simulator -g -module-cache-path /Users/runner/work/_temp/potato-derived/ModuleCache.noindex -Xfrontend -serialize-debugging-options -application-extension -enable-testing -index-store-path /Users/runner/work/_temp/potato-derived/Index.noindex/DataStore -swift-version 5 -I /Users/runner/work/_temp/potato-derived/Build/Products/Debug-iphonesimulator -F /Users/runner/work/_temp/potato-derived/Build/Products/Debug-iphonesimulator -emit-localized-strings -emit-localized-strings-path /Users/runner/work/_temp/potato-derived/Build/Intermediates.noindex/PotatoSupervisor.build/Debug-iphonesimulator/StudyShieldActionExtension.build/Objects-normal/arm64 -c -j3 -enable-batch-mode -incremental -Xcc -ivfsstatcache -Xcc /Users/runner/work/_temp/potato-derived/SDKStatCaches.noindex/iphonesimulator26.5-23F73-688ef53f1462e2c8f657fdc38a81448ffb7d586738ff35573a713a18216ade27.sdkstatcache -output-file-map /Users/runner/work/_temp/potato-derived/Build/Intermediates.noindex/PotatoSupervisor.build/Debug-iphonesimulator/StudyShieldActionExtension.build/Objects-normal/arm64/StudyShieldActionExtension-OutputFileMap.json -use-frontend-parseable-output -save-temps -no-color-diagnostics -explicit-module-build -module-cache-path /Users/runner/work/_temp/potato-derived/Build/Intermediates.noindex/SwiftExplicitPrecompiledModules -clang-scanner-module-cache-path /Users/runner/work/_temp/potato-derived/ModuleCache.noindex -sdk-module-cache-path /Users/runner/work/_temp/potato-derived/ModuleCache.noindex -serialize-diagnostics -emit-dependencies -emit-module -emit-module-path /Users/runner/work/_temp/potato-derived/Build/Intermediates.noindex/PotatoSupervisor.build/Debug-iphonesimulator/StudyShieldActionExtension.build/Objects-normal/arm64/StudyShieldActionExtension.swiftmodule -validate-clang-modules-once -clang-build-session-file /Users/runner/work/_temp/potato-derived/ModuleCache.noindex/Session.modulevalidation -Xcc -I/Users/runner/work/_temp/potato-derived/Build/Intermediates.noindex/PotatoSupervisor.build/Debug-iphonesimulator/StudyShieldActionExtension.build/swift-overrides.hmap -emit-const-values -Xfrontend -const-gather-protocols-file -Xfrontend /Users/runner/work/_temp/potato-derived/Build/Intermediates.noindex/PotatoSupervisor.build/Debug-iphonesimulator/StudyShieldActionExtension.build/Objects-normal/arm64/StudyShieldActionExtension_const_extract_protocols.json -Xcc -iquote -Xcc /Users/runner/work/_temp/potato-derived/Build/Intermediates.noindex/PotatoSupervisor.build/Debug-iphonesimulator/StudyShieldActionExtension.build/StudyShieldActionExtension-generated-files.hmap -Xcc -I/Users/runner/work/_temp/potato-derived/Build/Intermediates.noindex/PotatoSupervisor.build/Debug-iphonesimulator/StudyShieldActionExtension.build/StudyShieldActionExtension-own-target-headers.hmap -Xcc -I/Users/runner/work/_temp/potato-derived/Build/Intermediates.noindex/PotatoSupervisor.build/Debug-iphonesimulator/StudyShieldActionExtension.build/StudyShieldActionExtension-all-target-headers.hmap -Xcc -iquote -Xcc /Users/runner/work/_temp/potato-derived/Build/Intermediates.noindex/PotatoSupervisor.build/Debug-iphonesimulator/StudyShieldActionExtension.build/StudyShieldActionExtension-project-headers.hmap -Xcc -I/Users/runner/work/_temp/potato-derived/Build/Products/Debug-iphonesimulator/include -Xcc -I/Users/runner/work/_temp/potato-derived/Build/Intermediates.noindex/PotatoSupervisor.build/Debug-iphonesimulator/StudyShieldActionExtension.build/DerivedSources-normal/arm64 -Xcc -I/Users/runner/work/_temp/potato-derived/Build/Intermediates.noindex/PotatoSupervisor.build/Debug-iphonesimulator/StudyShieldActionExtension.build/DerivedSources/arm64 -Xcc -I/Users/runner/work/_temp/potato-derived/Build/Intermediates.noindex/PotatoSupervisor.build/Debug-iphonesimulator/StudyShieldActionExtension.build/DerivedSources -emit-objc-header -emit-objc-header-path /Users/runner/work/_temp/potato-derived/Build/Intermediates.noindex/PotatoSupervisor.build/Debug-iphonesimulator/StudyShieldActionExtension.build/Objects-normal/arm64/StudyShieldActionExtension-Swift.h -working-directory /Users/runner/work/potato-supervisor/potato-supervisor/ios -experimental-emit-module-separately -disable-cmo

SwiftDriverJobDiscovery normal x86_64 Compiling SharedStorage.swift, StudyMonitor.swift (in target 'StudyMonitorExtension' from project 'PotatoSupervisor')

SwiftCompile normal arm64 Compiling\ CharacterImage.swift,\ Dialogue.swift /Users/runner/work/potato-supervisor/potato-supervisor/ios/Shared/CharacterImage.swift /Users/runner/work/potato-supervisor/potato-supervisor/ios/Shared/Dialogue.swift (in target 'StudyMonitorExtension' from project 'PotatoSupervisor')

SwiftCompile normal arm64 /Users/runner/work/potato-supervisor/potato-supervisor/ios/Shared/CharacterImage.swift (in target 'StudyMonitorExtension' from project 'PotatoSupervisor')
    cd /Users/runner/work/potato-supervisor/potato-supervisor/ios
    

SwiftCompile normal arm64 /Users/runner/work/potato-supervisor/potato-supervisor/ios/Shared/Dialogue.swift (in target 'StudyMonitorExtension' from project 'PotatoSupervisor')
    cd /Users/runner/work/potato-supervisor/potato-supervisor/ios
    

SwiftCompile normal arm64 Compiling\ SharedStorage.swift,\ StudyMonitor.swift /Users/runner/work/potato-supervisor/potato-supervisor/ios/Shared/SharedStorage.swift /Users/runner/work/potato-supervisor/potato-supervisor/ios/Extensions/Monitor/StudyMonitor.swift (in target 'StudyMonitorExtension' from project 'PotatoSupervisor')
SwiftCompile normal arm64 /Users/runner/work/potato-supervisor/potato-supervisor/ios/Shared/SharedStorage.swift (in target 'StudyMonitorExtension' from project 'PotatoSupervisor')
    cd /Users/runner/work/potato-supervisor/potato-supervisor/ios
    

SwiftCompile normal arm64 /Users/runner/work/potato-supervisor/potato-supervisor/ios/Extensions/Monitor/StudyMonitor.swift (in target 'StudyMonitorExtension' from project 'PotatoSupervisor')
    cd /Users/runner/work/potato-supervisor/potato-supervisor/ios
    

SwiftDriverJobDiscovery normal arm64 Compiling Policy.swift, ScreenTimeCoordinator.swift (in target 'StudyMonitorExtension' from project 'PotatoSupervisor')

SwiftDriverJobDiscovery normal arm64 Compiling CharacterImage.swift, Dialogue.swift (in target 'StudyMonitorExtension' from project 'PotatoSupervisor')

Ld /Users/runner/work/_temp/potato-derived/Build/Intermediates.noindex/PotatoSupervisor.build/Debug-iphonesimulator/StudyShieldConfigurationExtension.build/Objects-normal/x86_64/Binary/StudyShieldConfigurationExtension.debug.dylib normal x86_64 (in target 'StudyShieldConfigurationExtension' from project 'PotatoSupervisor')
    cd /Users/runner/work/potato-supervisor/potato-supervisor/ios
    /Applications/Xcode_26.5.app/Contents/Developer/Toolchains/XcodeDefault.xctoolchain/usr/bin/clang -Xlinker -reproducible -target x86_64-apple-ios17.4-simulator -dynamiclib -isysroot /Applications/Xcode_26.5.app/Contents/Developer/Platforms/iPhoneSimulator.platform/Developer/SDKs/iPhoneSimulator26.5.sdk -Os -L/Users/runner/work/_temp/potato-derived/Build/Intermediates.noindex/EagerLinkingTBDs/Debug-iphonesimulator -L/Users/runner/work/_temp/potato-derived/Build/Products/Debug-iphonesimulator -F/Users/runner/work/_temp/potato-derived/Build/Intermediates.noindex/EagerLinkingTBDs/Debug-iphonesimulator -F/Users/runner/work/_temp/potato-derived/Build/Products/Debug-iphonesimulator -filelist /Users/runner/work/_temp/potato-derived/Build/Intermediates.noindex/PotatoSupervisor.build/Debug-iphonesimulator/StudyShieldConfigurationExtension.build/Objects-normal/x86_64/StudyShieldConfigurationExtension.LinkFileList -install_name @rpath/StudyShieldConfigurationExtension.debug.dylib -Xlinker -rpath -Xlinker /usr/lib/swift -Xlinker -rpath -Xlinker @executable_path/Frameworks -Xlinker -rpath -Xlinker @executable_path/../../Frameworks -Xlinker -dead_strip -Xlinker -object_path_lto -Xlinker /Users/runner/work/_temp/potato-derived/Build/Intermediates.noindex/PotatoSupervisor.build/Debug-iphonesimulator/StudyShieldConfigurationExtension.build/Objects-normal/x86_64/StudyShieldConfigurationExtension_lto.o -rdynamic -Xlinker -objc_abi_version -Xlinker 2 -Xlinker -dependency_info -Xlinker /Users/runner/work/_temp/potato-derived/Build/Intermediates.noindex/PotatoSupervisor.build/Debug-iphonesimulator/StudyShieldConfigurationExtension.build/Objects-normal/x86_64/StudyShieldConfigurationExtension_dependency_info.dat -fapplication-extension -fobjc-link-runtime -L/Applications/Xcode_26.5.app/Contents/Developer/Toolchains/XcodeDefault.xctoolchain/usr/lib/swift/iphonesimulator -L/usr/lib/swift -Xlinker -add_ast_path -Xlinker /Users/runner/work/_temp/potato-derived/Build/Intermediates.noindex/PotatoSupervisor.build/Debug-iphonesimulator/StudyShieldConfigurationExtension.build/Objects-normal/x86_64/StudyShieldConfigurationExtension.swiftmodule @/Users/runner/work/_temp/potato-derived/Build/Intermediates.noindex/PotatoSupervisor.build/Debug-iphonesimulator/StudyShieldConfigurationExtension.build/Objects-normal/x86_64/StudyShieldConfigurationExtension-linker-args.resp -Xlinker -alias -Xlinker _NSExtensionMain -Xlinker ___debug_main_executable_dylib_entry_point -o /Users/runner/work/_temp/potato-derived/Build/Intermediates.noindex/PotatoSupervisor.build/Debug-iphonesimulator/StudyShieldConfigurationExtension.build/Objects-normal/x86_64/Binary/StudyShieldConfigurationExtension.debug.dylib

Ld /Users/runner/work/_temp/potato-derived/Build/Intermediates.noindex/PotatoSupervisor.build/Debug-iphonesimulator/StudyShieldConfigurationExtension.build/Objects-normal/arm64/Binary/StudyShieldConfigurationExtension.debug.dylib normal arm64 (in target 'StudyShieldConfigurationExtension' from project 'PotatoSupervisor')
    cd /Users/runner/work/potato-supervisor/potato-supervisor/ios
    /Applications/Xcode_26.5.app/Contents/Developer/Toolchains/XcodeDefault.xctoolchain/usr/bin/clang -Xlinker -reproducible -target arm64-apple-ios17.4-simulator -dynamiclib -isysroot /Applications/Xcode_26.5.app/Contents/Developer/Platforms/iPhoneSimulator.platform/Developer/SDKs/iPhoneSimulator26.5.sdk -Os -L/Users/runner/work/_temp/potato-derived/Build/Intermediates.noindex/EagerLinkingTBDs/Debug-iphonesimulator -L/Users/runner/work/_temp/potato-derived/Build/Products/Debug-iphonesimulator -F/Users/runner/work/_temp/potato-derived/Build/Intermediates.noindex/EagerLinkingTBDs/Debug-iphonesimulator -F/Users/runner/work/_temp/potato-derived/Build/Products/Debug-iphonesimulator -filelist /Users/runner/work/_temp/potato-derived/Build/Intermediates.noindex/PotatoSupervisor.build/Debug-iphonesimulator/StudyShieldConfigurationExtension.build/Objects-normal/arm64/StudyShieldConfigurationExtension.LinkFileList -install_name @rpath/StudyShieldConfigurationExtension.debug.dylib -Xlinker -rpath -Xlinker /usr/lib/swift -Xlinker -rpath -Xlinker @executable_path/Frameworks -Xlinker -rpath -Xlinker @executable_path/../../Frameworks -Xlinker -dead_strip -Xlinker -object_path_lto -Xlinker /Users/runner/work/_temp/potato-derived/Build/Intermediates.noindex/PotatoSupervisor.build/Debug-iphonesimulator/StudyShieldConfigurationExtension.build/Objects-normal/arm64/StudyShieldConfigurationExtension_lto.o -rdynamic -Xlinker -objc_abi_version -Xlinker 2 -Xlinker -dependency_info -Xlinker /Users/runner/work/_temp/potato-derived/Build/Intermediates.noindex/PotatoSupervisor.build/Debug-iphonesimulator/StudyShieldConfigurationExtension.build/Objects-normal/arm64/StudyShieldConfigurationExtension_dependency_info.dat -fapplication-extension -fobjc-link-runtime -L/Applications/Xcode_26.5.app/Contents/Developer/Toolchains/XcodeDefault.xctoolchain/usr/lib/swift/iphonesimulator -L/usr/lib/swift -Xlinker -add_ast_path -Xlinker /Users/runner/work/_temp/potato-derived/Build/Intermediates.noindex/PotatoSupervisor.build/Debug-iphonesimulator/StudyShieldConfigurationExtension.build/Objects-normal/arm64/StudyShieldConfigurationExtension.swiftmodule @/Users/runner/work/_temp/potato-derived/Build/Intermediates.noindex/PotatoSupervisor.build/Debug-iphonesimulator/StudyShieldConfigurationExtension.build/Objects-normal/arm64/StudyShieldConfigurationExtension-linker-args.resp -Xlinker -alias -Xlinker _NSExtensionMain -Xlinker ___debug_main_executable_dylib_entry_point -o /Users/runner/work/_temp/potato-derived/Build/Intermediates.noindex/PotatoSupervisor.build/Debug-iphonesimulator/StudyShieldConfigurationExtension.build/Objects-normal/arm64/Binary/StudyShieldConfigurationExtension.debug.dylib

SwiftDriverJobDiscovery normal x86_64 Compiling Policy.swift, ScreenTimeCoordinator.swift (in target 'StudyMonitorExtension' from project 'PotatoSupervisor')

Ld /Users/runner/work/_temp/potato-derived/Build/Intermediates.noindex/PotatoSupervisor.build/Debug-iphonesimulator/StudyShieldActionExtension.build/Objects-normal/x86_64/Binary/StudyShieldActionExtension.debug.dylib normal x86_64 (in target 'StudyShieldActionExtension' from project 'PotatoSupervisor')
    cd /Users/runner/work/potato-supervisor/potato-supervisor/ios
    /Applications/Xcode_26.5.app/Contents/Developer/Toolchains/XcodeDefault.xctoolchain/usr/bin/clang -Xlinker -reproducible -target x86_64-apple-ios17.4-simulator -dynamiclib -isysroot /Applications/Xcode_26.5.app/Contents/Developer/Platforms/iPhoneSimulator.platform/Developer/SDKs/iPhoneSimulator26.5.sdk -Os -L/Users/runner/work/_temp/potato-derived/Build/Intermediates.noindex/EagerLinkingTBDs/Debug-iphonesimulator -L/Users/runner/work/_temp/potato-derived/Build/Products/Debug-iphonesimulator -F/Users/runner/work/_temp/potato-derived/Build/Intermediates.noindex/EagerLinkingTBDs/Debug-iphonesimulator -F/Users/runner/work/_temp/potato-derived/Build/Products/Debug-iphonesimulator -filelist /Users/runner/work/_temp/potato-derived/Build/Intermediates.noindex/PotatoSupervisor.build/Debug-iphonesimulator/StudyShieldActionExtension.build/Objects-normal/x86_64/StudyShieldActionExtension.LinkFileList -install_name @rpath/StudyShieldActionExtension.debug.dylib -Xlinker -rpath -Xlinker /usr/lib/swift -Xlinker -rpath -Xlinker @executable_path/Frameworks -Xlinker -rpath -Xlinker @executable_path/../../Frameworks -Xlinker -dead_strip -Xlinker -object_path_lto -Xlinker /Users/runner/work/_temp/potato-derived/Build/Intermediates.noindex/PotatoSupervisor.build/Debug-iphonesimulator/StudyShieldActionExtension.build/Objects-normal/x86_64/StudyShieldActionExtension_lto.o -rdynamic -Xlinker -objc_abi_version -Xlinker 2 -Xlinker -dependency_info -Xlinker /Users/runner/work/_temp/potato-derived/Build/Intermediates.noindex/PotatoSupervisor.build/Debug-iphonesimulator/StudyShieldActionExtension.build/Objects-normal/x86_64/StudyShieldActionExtension_dependency_info.dat -fapplication-extension -fobjc-link-runtime -L/Applications/Xcode_26.5.app/Contents/Developer/Toolchains/XcodeDefault.xctoolchain/usr/lib/swift/iphonesimulator -L/usr/lib/swift -Xlinker -add_ast_path -Xlinker /Users/runner/work/_temp/potato-derived/Build/Intermediates.noindex/PotatoSupervisor.build/Debug-iphonesimulator/StudyShieldActionExtension.build/Objects-normal/x86_64/StudyShieldActionExtension.swiftmodule @/Users/runner/work/_temp/potato-derived/Build/Intermediates.noindex/PotatoSupervisor.build/Debug-iphonesimulator/StudyShieldActionExtension.build/Objects-normal/x86_64/StudyShieldActionExtension-linker-args.resp -Xlinker -alias -Xlinker _NSExtensionMain -Xlinker ___debug_main_executable_dylib_entry_point -o /Users/runner/work/_temp/potato-derived/Build/Intermediates.noindex/PotatoSupervisor.build/Debug-iphonesimulator/StudyShieldActionExtension.build/Objects-normal/x86_64/Binary/StudyShieldActionExtension.debug.dylib

ConstructStubExecutorLinkFileList /Users/runner/work/_temp/potato-derived/Build/Intermediates.noindex/PotatoSupervisor.build/Debug-iphonesimulator/StudyShieldConfigurationExtension.build/StudyShieldConfigurationExtension-ExecutorLinkFileList-normal-x86_64.txt (in target 'StudyShieldConfigurationExtension' from project 'PotatoSupervisor')
    cd /Users/runner/work/potato-supervisor/potato-supervisor/ios
    construct-stub-executor-link-file-list /Users/runner/work/_temp/potato-derived/Build/Intermediates.noindex/PotatoSupervisor.build/Debug-iphonesimulator/StudyShieldConfigurationExtension.build/Objects-normal/x86_64/Binary/StudyShieldConfigurationExtension.debug.dylib /Applications/Xcode_26.5.app/Contents/Developer/Platforms/iPhoneSimulator.platform/Developer/usr/lib/libPreviewsJITStubExecutor_no_swift_entry_point.a /Applications/Xcode_26.5.app/Contents/Developer/Platforms/iPhoneSimulator.platform/Developer/usr/lib/libPreviewsJITStubExecutor.a --output /Users/runner/work/_temp/potato-derived/Build/Intermediates.noindex/PotatoSupervisor.build/Debug-iphonesimulator/StudyShieldConfigurationExtension.build/StudyShieldConfigurationExtension-ExecutorLinkFileList-normal-x86_64.txt
note: Using stub executor library without Swift entry point. (in target 'StudyShieldConfigurationExtension' from project 'PotatoSupervisor')

SwiftDriverJobDiscovery normal arm64 Compiling SharedStorage.swift, StudyMonitor.swift (in target 'StudyMonitorExtension' from project 'PotatoSupervisor')

Ld /Users/runner/work/_temp/potato-derived/Build/Intermediates.noindex/PotatoSupervisor.build/Debug-iphonesimulator/StudyShieldActionExtension.build/Objects-normal/arm64/Binary/StudyShieldActionExtension.debug.dylib normal arm64 (in target 'StudyShieldActionExtension' from project 'PotatoSupervisor')
    cd /Users/runner/work/potato-supervisor/potato-supervisor/ios
    /Applications/Xcode_26.5.app/Contents/Developer/Toolchains/XcodeDefault.xctoolchain/usr/bin/clang -Xlinker -reproducible -target arm64-apple-ios17.4-simulator -dynamiclib -isysroot /Applications/Xcode_26.5.app/Contents/Developer/Platforms/iPhoneSimulator.platform/Developer/SDKs/iPhoneSimulator26.5.sdk -Os -L/Users/runner/work/_temp/potato-derived/Build/Intermediates.noindex/EagerLinkingTBDs/Debug-iphonesimulator -L/Users/runner/work/_temp/potato-derived/Build/Products/Debug-iphonesimulator -F/Users/runner/work/_temp/potato-derived/Build/Intermediates.noindex/EagerLinkingTBDs/Debug-iphonesimulator -F/Users/runner/work/_temp/potato-derived/Build/Products/Debug-iphonesimulator -filelist /Users/runner/work/_temp/potato-derived/Build/Intermediates.noindex/PotatoSupervisor.build/Debug-iphonesimulator/StudyShieldActionExtension.build/Objects-normal/arm64/StudyShieldActionExtension.LinkFileList -install_name @rpath/StudyShieldActionExtension.debug.dylib -Xlinker -rpath -Xlinker /usr/lib/swift -Xlinker -rpath -Xlinker @executable_path/Frameworks -Xlinker -rpath -Xlinker @executable_path/../../Frameworks -Xlinker -dead_strip -Xlinker -object_path_lto -Xlinker /Users/runner/work/_temp/potato-derived/Build/Intermediates.noindex/PotatoSupervisor.build/Debug-iphonesimulator/StudyShieldActionExtension.build/Objects-normal/arm64/StudyShieldActionExtension_lto.o -rdynamic -Xlinker -objc_abi_version -Xlinker 2 -Xlinker -dependency_info -Xlinker /Users/runner/work/_temp/potato-derived/Build/Intermediates.noindex/PotatoSupervisor.build/Debug-iphonesimulator/StudyShieldActionExtension.build/Objects-normal/arm64/StudyShieldActionExtension_dependency_info.dat -fapplication-extension -fobjc-link-runtime -L/Applications/Xcode_26.5.app/Contents/Developer/Toolchains/XcodeDefault.xctoolchain/usr/lib/swift/iphonesimulator -L/usr/lib/swift -Xlinker -add_ast_path -Xlinker /Users/runner/work/_temp/potato-derived/Build/Intermediates.noindex/PotatoSupervisor.build/Debug-iphonesimulator/StudyShieldActionExtension.build/Objects-normal/arm64/StudyShieldActionExtension.swiftmodule @/Users/runner/work/_temp/potato-derived/Build/Intermediates.noindex/PotatoSupervisor.build/Debug-iphonesimulator/StudyShieldActionExtension.build/Objects-normal/arm64/StudyShieldActionExtension-linker-args.resp -Xlinker -alias -Xlinker _NSExtensionMain -Xlinker ___debug_main_executable_dylib_entry_point -o /Users/runner/work/_temp/potato-derived/Build/Intermediates.noindex/PotatoSupervisor.build/Debug-iphonesimulator/StudyShieldActionExtension.build/Objects-normal/arm64/Binary/StudyShieldActionExtension.debug.dylib

Ld /Users/runner/work/_temp/potato-derived/Build/Intermediates.noindex/PotatoSupervisor.build/Debug-iphonesimulator/StudyShieldConfigurationExtension.build/Objects-normal/x86_64/Binary/StudyShieldConfigurationExtension normal x86_64 (in target 'StudyShieldConfigurationExtension' from project 'PotatoSupervisor')
    cd /Users/runner/work/potato-supervisor/potato-supervisor/ios
    /Applications/Xcode_26.5.app/Contents/Developer/Toolchains/XcodeDefault.xctoolchain/usr/bin/clang -Xlinker -reproducible -target x86_64-apple-ios17.4-simulator -isysroot /Applications/Xcode_26.5.app/Contents/Developer/Platforms/iPhoneSimulator.platform/Developer/SDKs/iPhoneSimulator26.5.sdk -Os -L/Users/runner/work/_temp/potato-derived/Build/Products/Debug-iphonesimulator -F/Users/runner/work/_temp/potato-derived/Build/Products/Debug-iphonesimulator -Xlinker -rpath -Xlinker @executable_path -Xlinker -rpath -Xlinker @executable_path/Frameworks -Xlinker -rpath -Xlinker @executable_path/../../Frameworks -rdynamic -Xlinker -objc_abi_version -Xlinker 2 -e ___debug_blank_executor_main -Xlinker -sectcreate -Xlinker __TEXT -Xlinker __debug_dylib -Xlinker /Users/runner/work/_temp/potato-derived/Build/Intermediates.noindex/PotatoSupervisor.build/Debug-iphonesimulator/StudyShieldConfigurationExtension.build/StudyShieldConfigurationExtension-DebugDylibPath-normal-x86_64.txt -Xlinker -sectcreate -Xlinker __TEXT -Xlinker __debug_entry -Xlinker /Users/runner/work/_temp/potato-derived/Build/Intermediates.noindex/PotatoSupervisor.build/Debug-iphonesimulator/StudyShieldConfigurationExtension.build/StudyShieldConfigurationExtension-DebugEntryPoint-normal-x86_64.txt -Xlinker -sectcreate -Xlinker __TEXT -Xlinker __debug_instlnm -Xlinker /Users/runner/work/_temp/potato-derived/Build/Intermediates.noindex/PotatoSupervisor.build/Debug-iphonesimulator/StudyShieldConfigurationExtension.build/StudyShieldConfigurationExtension-DebugDylibInstallName-normal-x86_64.txt -Xlinker -filelist -Xlinker /Users/runner/work/_temp/potato-derived/Build/Intermediates.noindex/PotatoSupervisor.build/Debug-iphonesimulator/StudyShieldConfigurationExtension.build/StudyShieldConfigurationExtension-ExecutorLinkFileList-normal-x86_64.txt /Users/runner/work/_temp/potato-derived/Build/Intermediates.noindex/PotatoSupervisor.build/Debug-iphonesimulator/StudyShieldConfigurationExtension.build/Objects-normal/x86_64/Binary/StudyShieldConfigurationExtension.debug.dylib -o /Users/runner/work/_temp/potato-derived/Build/Intermediates.noindex/PotatoSupervisor.build/Debug-iphonesimulator/StudyShieldConfigurationExtension.build/Objects-normal/x86_64/Binary/StudyShieldConfigurationExtension

CreateUniversalBinary /Users/runner/work/_temp/potato-derived/Build/Products/Debug-iphonesimulator/StudyShieldConfigurationExtension.appex/StudyShieldConfigurationExtension.debug.dylib normal arm64\ x86_64 (in target 'StudyShieldConfigurationExtension' from project 'PotatoSupervisor')
    cd /Users/runner/work/potato-supervisor/potato-supervisor/ios
    /Applications/Xcode_26.5.app/Contents/Developer/Toolchains/XcodeDefault.xctoolchain/usr/bin/lipo -create /Users/runner/work/_temp/potato-derived/Build/Intermediates.noindex/PotatoSupervisor.build/Debug-iphonesimulator/StudyShieldConfigurationExtension.build/Objects-normal/arm64/Binary/StudyShieldConfigurationExtension.debug.dylib /Users/runner/work/_temp/potato-derived/Build/Intermediates.noindex/PotatoSupervisor.build/Debug-iphonesimulator/StudyShieldConfigurationExtension.build/Objects-normal/x86_64/Binary/StudyShieldConfigurationExtension.debug.dylib -output /Users/runner/work/_temp/potato-derived/Build/Products/Debug-iphonesimulator/StudyShieldConfigurationExtension.appex/StudyShieldConfigurationExtension.debug.dylib

ConstructStubExecutorLinkFileList /Users/runner/work/_temp/potato-derived/Build/Intermediates.noindex/PotatoSupervisor.build/Debug-iphonesimulator/StudyShieldConfigurationExtension.build/StudyShieldConfigurationExtension-ExecutorLinkFileList-normal-arm64.txt (in target 'StudyShieldConfigurationExtension' from project 'PotatoSupervisor')
    cd /Users/runner/work/potato-supervisor/potato-supervisor/ios
    construct-stub-executor-link-file-list /Users/runner/work/_temp/potato-derived/Build/Intermediates.noindex/PotatoSupervisor.build/Debug-iphonesimulator/StudyShieldConfigurationExtension.build/Objects-normal/arm64/Binary/StudyShieldConfigurationExtension.debug.dylib /Applications/Xcode_26.5.app/Contents/Developer/Platforms/iPhoneSimulator.platform/Developer/usr/lib/libPreviewsJITStubExecutor_no_swift_entry_point.a /Applications/Xcode_26.5.app/Contents/Developer/Platforms/iPhoneSimulator.platform/Developer/usr/lib/libPreviewsJITStubExecutor.a --output /Users/runner/work/_temp/potato-derived/Build/Intermediates.noindex/PotatoSupervisor.build/Debug-iphonesimulator/StudyShieldConfigurationExtension.build/StudyShieldConfigurationExtension-ExecutorLinkFileList-normal-arm64.txt
note: Using stub executor library without Swift entry point. (in target 'StudyShieldConfigurationExtension' from project 'PotatoSupervisor')

GenerateDSYMFile /Users/runner/work/_temp/potato-derived/Build/Products/Debug-iphonesimulator/StudyShieldConfigurationExtension.appex.dSYM /Users/runner/work/_temp/potato-derived/Build/Products/Debug-iphonesimulator/StudyShieldConfigurationExtension.appex/StudyShieldConfigurationExtension.debug.dylib (in target 'StudyShieldConfigurationExtension' from project 'PotatoSupervisor')
    cd /Users/runner/work/potato-supervisor/potato-supervisor/ios
    /Applications/Xcode_26.5.app/Contents/Developer/Toolchains/XcodeDefault.xctoolchain/usr/bin/dsymutil /Users/runner/work/_temp/potato-derived/Build/Products/Debug-iphonesimulator/StudyShieldConfigurationExtension.appex/StudyShieldConfigurationExtension.debug.dylib -o /Users/runner/work/_temp/potato-derived/Build/Products/Debug-iphonesimulator/StudyShieldConfigurationExtension.appex.dSYM

Ld /Users/runner/work/_temp/potato-derived/Build/Intermediates.noindex/PotatoSupervisor.build/Debug-iphonesimulator/StudyShieldConfigurationExtension.build/Objects-normal/arm64/Binary/StudyShieldConfigurationExtension normal arm64 (in target 'StudyShieldConfigurationExtension' from project 'PotatoSupervisor')
    cd /Users/runner/work/potato-supervisor/potato-supervisor/ios
    /Applications/Xcode_26.5.app/Contents/Developer/Toolchains/XcodeDefault.xctoolchain/usr/bin/clang -Xlinker -reproducible -target arm64-apple-ios17.4-simulator -isysroot /Applications/Xcode_26.5.app/Contents/Developer/Platforms/iPhoneSimulator.platform/Developer/SDKs/iPhoneSimulator26.5.sdk -Os -L/Users/runner/work/_temp/potato-derived/Build/Products/Debug-iphonesimulator -F/Users/runner/work/_temp/potato-derived/Build/Products/Debug-iphonesimulator -Xlinker -rpath -Xlinker @executable_path -Xlinker -rpath -Xlinker @executable_path/Frameworks -Xlinker -rpath -Xlinker @executable_path/../../Frameworks -rdynamic -Xlinker -objc_abi_version -Xlinker 2 -e ___debug_blank_executor_main -Xlinker -sectcreate -Xlinker __TEXT -Xlinker __debug_dylib -Xlinker /Users/runner/work/_temp/potato-derived/Build/Intermediates.noindex/PotatoSupervisor.build/Debug-iphonesimulator/StudyShieldConfigurationExtension.build/StudyShieldConfigurationExtension-DebugDylibPath-normal-arm64.txt -Xlinker -sectcreate -Xlinker __TEXT -Xlinker __debug_entry -Xlinker /Users/runner/work/_temp/potato-derived/Build/Intermediates.noindex/PotatoSupervisor.build/Debug-iphonesimulator/StudyShieldConfigurationExtension.build/StudyShieldConfigurationExtension-DebugEntryPoint-normal-arm64.txt -Xlinker -sectcreate -Xlinker __TEXT -Xlinker __debug_instlnm -Xlinker /Users/runner/work/_temp/potato-derived/Build/Intermediates.noindex/PotatoSupervisor.build/Debug-iphonesimulator/StudyShieldConfigurationExtension.build/StudyShieldConfigurationExtension-DebugDylibInstallName-normal-arm64.txt -Xlinker -filelist -Xlinker /Users/runner/work/_temp/potato-derived/Build/Intermediates.noindex/PotatoSupervisor.build/Debug-iphonesimulator/StudyShieldConfigurationExtension.build/StudyShieldConfigurationExtension-ExecutorLinkFileList-normal-arm64.txt /Users/runner/work/_temp/potato-derived/Build/Intermediates.noindex/PotatoSupervisor.build/Debug-iphonesimulator/StudyShieldConfigurationExtension.build/Objects-normal/arm64/Binary/StudyShieldConfigurationExtension.debug.dylib -o /Users/runner/work/_temp/potato-derived/Build/Intermediates.noindex/PotatoSupervisor.build/Debug-iphonesimulator/StudyShieldConfigurationExtension.build/Objects-normal/arm64/Binary/StudyShieldConfigurationExtension

ConstructStubExecutorLinkFileList /Users/runner/work/_temp/potato-derived/Build/Intermediates.noindex/PotatoSupervisor.build/Debug-iphonesimulator/StudyShieldActionExtension.build/StudyShieldActionExtension-ExecutorLinkFileList-normal-x86_64.txt (in target 'StudyShieldActionExtension' from project 'PotatoSupervisor')
    cd /Users/runner/work/potato-supervisor/potato-supervisor/ios
    construct-stub-executor-link-file-list /Users/runner/work/_temp/potato-derived/Build/Intermediates.noindex/PotatoSupervisor.build/Debug-iphonesimulator/StudyShieldActionExtension.build/Objects-normal/x86_64/Binary/StudyShieldActionExtension.debug.dylib /Applications/Xcode_26.5.app/Contents/Developer/Platforms/iPhoneSimulator.platform/Developer/usr/lib/libPreviewsJITStubExecutor_no_swift_entry_point.a /Applications/Xcode_26.5.app/Contents/Developer/Platforms/iPhoneSimulator.platform/Developer/usr/lib/libPreviewsJITStubExecutor.a --output /Users/runner/work/_temp/potato-derived/Build/Intermediates.noindex/PotatoSupervisor.build/Debug-iphonesimulator/StudyShieldActionExtension.build/StudyShieldActionExtension-ExecutorLinkFileList-normal-x86_64.txt
note: Using stub executor library without Swift entry point. (in target 'StudyShieldActionExtension' from project 'PotatoSupervisor')

CreateUniversalBinary /Users/runner/work/_temp/potato-derived/Build/Products/Debug-iphonesimulator/StudyShieldConfigurationExtension.appex/StudyShieldConfigurationExtension normal arm64\ x86_64 (in target 'StudyShieldConfigurationExtension' from project 'PotatoSupervisor')
    cd /Users/runner/work/potato-supervisor/potato-supervisor/ios
    /Applications/Xcode_26.5.app/Contents/Developer/Toolchains/XcodeDefault.xctoolchain/usr/bin/lipo -create /Users/runner/work/_temp/potato-derived/Build/Intermediates.noindex/PotatoSupervisor.build/Debug-iphonesimulator/StudyShieldConfigurationExtension.build/Objects-normal/arm64/Binary/StudyShieldConfigurationExtension /Users/runner/work/_temp/potato-derived/Build/Intermediates.noindex/PotatoSupervisor.build/Debug-iphonesimulator/StudyShieldConfigurationExtension.build/Objects-normal/x86_64/Binary/StudyShieldConfigurationExtension -output /Users/runner/work/_temp/potato-derived/Build/Products/Debug-iphonesimulator/StudyShieldConfigurationExtension.appex/StudyShieldConfigurationExtension

Ld /Users/runner/work/_temp/potato-derived/Build/Intermediates.noindex/PotatoSupervisor.build/Debug-iphonesimulator/StudyShieldActionExtension.build/Objects-normal/x86_64/Binary/StudyShieldActionExtension normal x86_64 (in target 'StudyShieldActionExtension' from project 'PotatoSupervisor')
    cd /Users/runner/work/potato-supervisor/potato-supervisor/ios
    /Applications/Xcode_26.5.app/Contents/Developer/Toolchains/XcodeDefault.xctoolchain/usr/bin/clang -Xlinker -reproducible -target x86_64-apple-ios17.4-simulator -isysroot /Applications/Xcode_26.5.app/Contents/Developer/Platforms/iPhoneSimulator.platform/Developer/SDKs/iPhoneSimulator26.5.sdk -Os -L/Users/runner/work/_temp/potato-derived/Build/Products/Debug-iphonesimulator -F/Users/runner/work/_temp/potato-derived/Build/Products/Debug-iphonesimulator -Xlinker -rpath -Xlinker @executable_path -Xlinker -rpath -Xlinker @executable_path/Frameworks -Xlinker -rpath -Xlinker @executable_path/../../Frameworks -rdynamic -Xlinker -objc_abi_version -Xlinker 2 -e ___debug_blank_executor_main -Xlinker -sectcreate -Xlinker __TEXT -Xlinker __debug_dylib -Xlinker /Users/runner/work/_temp/potato-derived/Build/Intermediates.noindex/PotatoSupervisor.build/Debug-iphonesimulator/StudyShieldActionExtension.build/StudyShieldActionExtension-DebugDylibPath-normal-x86_64.txt -Xlinker -sectcreate -Xlinker __TEXT -Xlinker __debug_entry -Xlinker /Users/runner/work/_temp/potato-derived/Build/Intermediates.noindex/PotatoSupervisor.build/Debug-iphonesimulator/StudyShieldActionExtension.build/StudyShieldActionExtension-DebugEntryPoint-normal-x86_64.txt -Xlinker -sectcreate -Xlinker __TEXT -Xlinker __debug_instlnm -Xlinker /Users/runner/work/_temp/potato-derived/Build/Intermediates.noindex/PotatoSupervisor.build/Debug-iphonesimulator/StudyShieldActionExtension.build/StudyShieldActionExtension-DebugDylibInstallName-normal-x86_64.txt -Xlinker -filelist -Xlinker /Users/runner/work/_temp/potato-derived/Build/Intermediates.noindex/PotatoSupervisor.build/Debug-iphonesimulator/StudyShieldActionExtension.build/StudyShieldActionExtension-ExecutorLinkFileList-normal-x86_64.txt /Users/runner/work/_temp/potato-derived/Build/Intermediates.noindex/PotatoSupervisor.build/Debug-iphonesimulator/StudyShieldActionExtension.build/Objects-normal/x86_64/Binary/StudyShieldActionExtension.debug.dylib -o /Users/runner/work/_temp/potato-derived/Build/Intermediates.noindex/PotatoSupervisor.build/Debug-iphonesimulator/StudyShieldActionExtension.build/Objects-normal/x86_64/Binary/StudyShieldActionExtension

GenerateDSYMFile /Users/runner/work/_temp/potato-derived/Build/Products/Debug-iphonesimulator/StudyShieldConfigurationExtension.appex.dSYM /Users/runner/work/_temp/potato-derived/Build/Products/Debug-iphonesimulator/StudyShieldConfigurationExtension.appex/StudyShieldConfigurationExtension (in target 'StudyShieldConfigurationExtension' from project 'PotatoSupervisor')
    cd /Users/runner/work/potato-supervisor/potato-supervisor/ios
    /Applications/Xcode_26.5.app/Contents/Developer/Toolchains/XcodeDefault.xctoolchain/usr/bin/dsymutil -q /Users/runner/work/_temp/potato-derived/Build/Products/Debug-iphonesimulator/StudyShieldConfigurationExtension.appex/StudyShieldConfigurationExtension -o /Users/runner/work/_temp/potato-derived/Build/Products/Debug-iphonesimulator/StudyShieldConfigurationExtension.appex.dSYM

CreateUniversalBinary /Users/runner/work/_temp/potato-derived/Build/Products/Debug-iphonesimulator/StudyShieldActionExtension.appex/StudyShieldActionExtension.debug.dylib normal arm64\ x86_64 (in target 'StudyShieldActionExtension' from project 'PotatoSupervisor')
    cd /Users/runner/work/potato-supervisor/potato-supervisor/ios
    /Applications/Xcode_26.5.app/Contents/Developer/Toolchains/XcodeDefault.xctoolchain/usr/bin/lipo -create /Users/runner/work/_temp/potato-derived/Build/Intermediates.noindex/PotatoSupervisor.build/Debug-iphonesimulator/StudyShieldActionExtension.build/Objects-normal/arm64/Binary/StudyShieldActionExtension.debug.dylib /Users/runner/work/_temp/potato-derived/Build/Intermediates.noindex/PotatoSupervisor.build/Debug-iphonesimulator/StudyShieldActionExtension.build/Objects-normal/x86_64/Binary/StudyShieldActionExtension.debug.dylib -output /Users/runner/work/_temp/potato-derived/Build/Products/Debug-iphonesimulator/StudyShieldActionExtension.appex/StudyShieldActionExtension.debug.dylib

ConstructStubExecutorLinkFileList /Users/runner/work/_temp/potato-derived/Build/Intermediates.noindex/PotatoSupervisor.build/Debug-iphonesimulator/StudyShieldActionExtension.build/StudyShieldActionExtension-ExecutorLinkFileList-normal-arm64.txt (in target 'StudyShieldActionExtension' from project 'PotatoSupervisor')
    cd /Users/runner/work/potato-supervisor/potato-supervisor/ios
    construct-stub-executor-link-file-list /Users/runner/work/_temp/potato-derived/Build/Intermediates.noindex/PotatoSupervisor.build/Debug-iphonesimulator/StudyShieldActionExtension.build/Objects-normal/arm64/Binary/StudyShieldActionExtension.debug.dylib /Applications/Xcode_26.5.app/Contents/Developer/Platforms/iPhoneSimulator.platform/Developer/usr/lib/libPreviewsJITStubExecutor_no_swift_entry_point.a /Applications/Xcode_26.5.app/Contents/Developer/Platforms/iPhoneSimulator.platform/Developer/usr/lib/libPreviewsJITStubExecutor.a --output /Users/runner/work/_temp/potato-derived/Build/Intermediates.noindex/PotatoSupervisor.build/Debug-iphonesimulator/StudyShieldActionExtension.build/StudyShieldActionExtension-ExecutorLinkFileList-normal-arm64.txt
note: Using stub executor library without Swift entry point. (in target 'StudyShieldActionExtension' from project 'PotatoSupervisor')

GenerateDSYMFile /Users/runner/work/_temp/potato-derived/Build/Products/Debug-iphonesimulator/StudyShieldActionExtension.appex.dSYM /Users/runner/work/_temp/potato-derived/Build/Products/Debug-iphonesimulator/StudyShieldActionExtension.appex/StudyShieldActionExtension.debug.dylib (in target 'StudyShieldActionExtension' from project 'PotatoSupervisor')
    cd /Users/runner/work/potato-supervisor/potato-supervisor/ios
    /Applications/Xcode_26.5.app/Contents/Developer/Toolchains/XcodeDefault.xctoolchain/usr/bin/dsymutil /Users/runner/work/_temp/potato-derived/Build/Products/Debug-iphonesimulator/StudyShieldActionExtension.appex/StudyShieldActionExtension.debug.dylib -o /Users/runner/work/_temp/potato-derived/Build/Products/Debug-iphonesimulator/StudyShieldActionExtension.appex.dSYM

Ld /Users/runner/work/_temp/potato-derived/Build/Intermediates.noindex/PotatoSupervisor.build/Debug-iphonesimulator/StudyShieldActionExtension.build/Objects-normal/arm64/Binary/StudyShieldActionExtension normal arm64 (in target 'StudyShieldActionExtension' from project 'PotatoSupervisor')
    cd /Users/runner/work/potato-supervisor/potato-supervisor/ios
    /Applications/Xcode_26.5.app/Contents/Developer/Toolchains/XcodeDefault.xctoolchain/usr/bin/clang -Xlinker -reproducible -target arm64-apple-ios17.4-simulator -isysroot /Applications/Xcode_26.5.app/Contents/Developer/Platforms/iPhoneSimulator.platform/Developer/SDKs/iPhoneSimulator26.5.sdk -Os -L/Users/runner/work/_temp/potato-derived/Build/Products/Debug-iphonesimulator -F/Users/runner/work/_temp/potato-derived/Build/Products/Debug-iphonesimulator -Xlinker -rpath -Xlinker @executable_path -Xlinker -rpath -Xlinker @executable_path/Frameworks -Xlinker -rpath -Xlinker @executable_path/../../Frameworks -rdynamic -Xlinker -objc_abi_version -Xlinker 2 -e ___debug_blank_executor_main -Xlinker -sectcreate -Xlinker __TEXT -Xlinker __debug_dylib -Xlinker /Users/runner/work/_temp/potato-derived/Build/Intermediates.noindex/PotatoSupervisor.build/Debug-iphonesimulator/StudyShieldActionExtension.build/StudyShieldActionExtension-DebugDylibPath-normal-arm64.txt -Xlinker -sectcreate -Xlinker __TEXT -Xlinker __debug_entry -Xlinker /Users/runner/work/_temp/potato-derived/Build/Intermediates.noindex/PotatoSupervisor.build/Debug-iphonesimulator/StudyShieldActionExtension.build/StudyShieldActionExtension-DebugEntryPoint-normal-arm64.txt -Xlinker -sectcreate -Xlinker __TEXT -Xlinker __debug_instlnm -Xlinker /Users/runner/work/_temp/potato-derived/Build/Intermediates.noindex/PotatoSupervisor.build/Debug-iphonesimulator/StudyShieldActionExtension.build/StudyShieldActionExtension-DebugDylibInstallName-normal-arm64.txt -Xlinker -filelist -Xlinker /Users/runner/work/_temp/potato-derived/Build/Intermediates.noindex/PotatoSupervisor.build/Debug-iphonesimulator/StudyShieldActionExtension.build/StudyShieldActionExtension-ExecutorLinkFileList-normal-arm64.txt /Users/runner/work/_temp/potato-derived/Build/Intermediates.noindex/PotatoSupervisor.build/Debug-iphonesimulator/StudyShieldActionExtension.build/Objects-normal/arm64/Binary/StudyShieldActionExtension.debug.dylib -o /Users/runner/work/_temp/potato-derived/Build/Intermediates.noindex/PotatoSupervisor.build/Debug-iphonesimulator/StudyShieldActionExtension.build/Objects-normal/arm64/Binary/StudyShieldActionExtension

SwiftDriver\ Compilation StudyMonitorExtension normal x86_64 com.apple.xcode.tools.swift.compiler (in target 'StudyMonitorExtension' from project 'PotatoSupervisor')
    cd /Users/runner/work/potato-supervisor/potato-supervisor/ios
    builtin-Swift-Compilation -- /Applications/Xcode_26.5.app/Contents/Developer/Toolchains/XcodeDefault.xctoolchain/usr/bin/swiftc -module-name StudyMonitorExtension -Onone @/Users/runner/work/_temp/potato-derived/Build/Intermediates.noindex/PotatoSupervisor.build/Debug-iphonesimulator/StudyMonitorExtension.build/Objects-normal/x86_64/StudyMonitorExtension.SwiftFileList -DDEBUG -strict-concurrency\=targeted -enable-bare-slash-regex -enable-experimental-feature DebugDescriptionMacro -sdk /Applications/Xcode_26.5.app/Contents/Developer/Platforms/iPhoneSimulator.platform/Developer/SDKs/iPhoneSimulator26.5.sdk -target x86_64-apple-ios17.4-simulator -g -module-cache-path /Users/runner/work/_temp/potato-derived/ModuleCache.noindex -Xfrontend -serialize-debugging-options -application-extension -enable-testing -index-store-path /Users/runner/work/_temp/potato-derived/Index.noindex/DataStore -swift-version 5 -I /Users/runner/work/_temp/potato-derived/Build/Products/Debug-iphonesimulator -F /Users/runner/work/_temp/potato-derived/Build/Products/Debug-iphonesimulator -emit-localized-strings -emit-localized-strings-path /Users/runner/work/_temp/potato-derived/Build/Intermediates.noindex/PotatoSupervisor.build/Debug-iphonesimulator/StudyMonitorExtension.build/Objects-normal/x86_64 -c -j3 -enable-batch-mode -incremental -Xcc -ivfsstatcache -Xcc /Users/runner/work/_temp/potato-derived/SDKStatCaches.noindex/iphonesimulator26.5-23F73-688ef53f1462e2c8f657fdc38a81448ffb7d586738ff35573a713a18216ade27.sdkstatcache -output-file-map /Users/runner/work/_temp/potato-derived/Build/Intermediates.noindex/PotatoSupervisor.build/Debug-iphonesimulator/StudyMonitorExtension.build/Objects-normal/x86_64/StudyMonitorExtension-OutputFileMap.json -use-frontend-parseable-output -save-temps -no-color-diagnostics -explicit-module-build -module-cache-path /Users/runner/work/_temp/potato-derived/Build/Intermediates.noindex/SwiftExplicitPrecompiledModules -clang-scanner-module-cache-path /Users/runner/work/_temp/potato-derived/ModuleCache.noindex -sdk-module-cache-path /Users/runner/work/_temp/potato-derived/ModuleCache.noindex -serialize-diagnostics -emit-dependencies -emit-module -emit-module-path /Users/runner/work/_temp/potato-derived/Build/Intermediates.noindex/PotatoSupervisor.build/Debug-iphonesimulator/StudyMonitorExtension.build/Objects-normal/x86_64/StudyMonitorExtension.swiftmodule -validate-clang-modules-once -clang-build-session-file /Users/runner/work/_temp/potato-derived/ModuleCache.noindex/Session.modulevalidation -Xcc -I/Users/runner/work/_temp/potato-derived/Build/Intermediates.noindex/PotatoSupervisor.build/Debug-iphonesimulator/StudyMonitorExtension.build/swift-overrides.hmap -emit-const-values -Xfrontend -const-gather-protocols-file -Xfrontend /Users/runner/work/_temp/potato-derived/Build/Intermediates.noindex/PotatoSupervisor.build/Debug-iphonesimulator/StudyMonitorExtension.build/Objects-normal/x86_64/StudyMonitorExtension_const_extract_protocols.json -Xcc -iquote -Xcc /Users/runner/work/_temp/potato-derived/Build/Intermediates.noindex/PotatoSupervisor.build/Debug-iphonesimulator/StudyMonitorExtension.build/StudyMonitorExtension-generated-files.hmap -Xcc -I/Users/runner/work/_temp/potato-derived/Build/Intermediates.noindex/PotatoSupervisor.build/Debug-iphonesimulator/StudyMonitorExtension.build/StudyMonitorExtension-own-target-headers.hmap -Xcc -I/Users/runner/work/_temp/potato-derived/Build/Intermediates.noindex/PotatoSupervisor.build/Debug-iphonesimulator/StudyMonitorExtension.build/StudyMonitorExtension-all-target-headers.hmap -Xcc -iquote -Xcc /Users/runner/work/_temp/potato-derived/Build/Intermediates.noindex/PotatoSupervisor.build/Debug-iphonesimulator/StudyMonitorExtension.build/StudyMonitorExtension-project-headers.hmap -Xcc -I/Users/runner/work/_temp/potato-derived/Build/Products/Debug-iphonesimulator/include -Xcc -I/Users/runner/work/_temp/potato-derived/Build/Intermediates.noindex/PotatoSupervisor.build/Debug-iphonesimulator/StudyMonitorExtension.build/DerivedSources-normal/x86_64 -Xcc -I/Users/runner/work/_temp/potato-derived/Build/Intermediates.noindex/PotatoSupervisor.build/Debug-iphonesimulator/StudyMonitorExtension.build/DerivedSources/x86_64 -Xcc -I/Users/runner/work/_temp/potato-derived/Build/Intermediates.noindex/PotatoSupervisor.build/Debug-iphonesimulator/StudyMonitorExtension.build/DerivedSources -emit-objc-header -emit-objc-header-path /Users/runner/work/_temp/potato-derived/Build/Intermediates.noindex/PotatoSupervisor.build/Debug-iphonesimulator/StudyMonitorExtension.build/Objects-normal/x86_64/StudyMonitorExtension-Swift.h -working-directory /Users/runner/work/potato-supervisor/potato-supervisor/ios -experimental-emit-module-separately -disable-cmo

CreateUniversalBinary /Users/runner/work/_temp/potato-derived/Build/Products/Debug-iphonesimulator/StudyShieldActionExtension.appex/StudyShieldActionExtension normal arm64\ x86_64 (in target 'StudyShieldActionExtension' from project 'PotatoSupervisor')
    cd /Users/runner/work/potato-supervisor/potato-supervisor/ios
    /Applications/Xcode_26.5.app/Contents/Developer/Toolchains/XcodeDefault.xctoolchain/usr/bin/lipo -create /Users/runner/work/_temp/potato-derived/Build/Intermediates.noindex/PotatoSupervisor.build/Debug-iphonesimulator/StudyShieldActionExtension.build/Objects-normal/arm64/Binary/StudyShieldActionExtension /Users/runner/work/_temp/potato-derived/Build/Intermediates.noindex/PotatoSupervisor.build/Debug-iphonesimulator/StudyShieldActionExtension.build/Objects-normal/x86_64/Binary/StudyShieldActionExtension -output /Users/runner/work/_temp/potato-derived/Build/Products/Debug-iphonesimulator/StudyShieldActionExtension.appex/StudyShieldActionExtension

Ld /Users/runner/work/_temp/potato-derived/Build/Intermediates.noindex/PotatoSupervisor.build/Debug-iphonesimulator/StudyMonitorExtension.build/Objects-normal/x86_64/Binary/StudyMonitorExtension.debug.dylib normal x86_64 (in target 'StudyMonitorExtension' from project 'PotatoSupervisor')
    cd /Users/runner/work/potato-supervisor/potato-supervisor/ios
    /Applications/Xcode_26.5.app/Contents/Developer/Toolchains/XcodeDefault.xctoolchain/usr/bin/clang -Xlinker -reproducible -target x86_64-apple-ios17.4-simulator -dynamiclib -isysroot /Applications/Xcode_26.5.app/Contents/Developer/Platforms/iPhoneSimulator.platform/Developer/SDKs/iPhoneSimulator26.5.sdk -Os -L/Users/runner/work/_temp/potato-derived/Build/Intermediates.noindex/EagerLinkingTBDs/Debug-iphonesimulator -L/Users/runner/work/_temp/potato-derived/Build/Products/Debug-iphonesimulator -F/Users/runner/work/_temp/potato-derived/Build/Intermediates.noindex/EagerLinkingTBDs/Debug-iphonesimulator -F/Users/runner/work/_temp/potato-derived/Build/Products/Debug-iphonesimulator -filelist /Users/runner/work/_temp/potato-derived/Build/Intermediates.noindex/PotatoSupervisor.build/Debug-iphonesimulator/StudyMonitorExtension.build/Objects-normal/x86_64/StudyMonitorExtension.LinkFileList -install_name @rpath/StudyMonitorExtension.debug.dylib -Xlinker -rpath -Xlinker /usr/lib/swift -Xlinker -rpath -Xlinker @executable_path/Frameworks -Xlinker -rpath -Xlinker @executable_path/../../Frameworks -Xlinker -dead_strip -Xlinker -object_path_lto -Xlinker /Users/runner/work/_temp/potato-derived/Build/Intermediates.noindex/PotatoSupervisor.build/Debug-iphonesimulator/StudyMonitorExtension.build/Objects-normal/x86_64/StudyMonitorExtension_lto.o -rdynamic -Xlinker -objc_abi_version -Xlinker 2 -Xlinker -dependency_info -Xlinker /Users/runner/work/_temp/potato-derived/Build/Intermediates.noindex/PotatoSupervisor.build/Debug-iphonesimulator/StudyMonitorExtension.build/Objects-normal/x86_64/StudyMonitorExtension_dependency_info.dat -fapplication-extension -fobjc-link-runtime -L/Applications/Xcode_26.5.app/Contents/Developer/Toolchains/XcodeDefault.xctoolchain/usr/lib/swift/iphonesimulator -L/usr/lib/swift -Xlinker -add_ast_path -Xlinker /Users/runner/work/_temp/potato-derived/Build/Intermediates.noindex/PotatoSupervisor.build/Debug-iphonesimulator/StudyMonitorExtension.build/Objects-normal/x86_64/StudyMonitorExtension.swiftmodule @/Users/runner/work/_temp/potato-derived/Build/Intermediates.noindex/PotatoSupervisor.build/Debug-iphonesimulator/StudyMonitorExtension.build/Objects-normal/x86_64/StudyMonitorExtension-linker-args.resp -Xlinker -alias -Xlinker _NSExtensionMain -Xlinker ___debug_main_executable_dylib_entry_point -o /Users/runner/work/_temp/potato-derived/Build/Intermediates.noindex/PotatoSupervisor.build/Debug-iphonesimulator/StudyMonitorExtension.build/Objects-normal/x86_64/Binary/StudyMonitorExtension.debug.dylib

GenerateDSYMFile /Users/runner/work/_temp/potato-derived/Build/Products/Debug-iphonesimulator/StudyShieldActionExtension.appex.dSYM /Users/runner/work/_temp/potato-derived/Build/Products/Debug-iphonesimulator/StudyShieldActionExtension.appex/StudyShieldActionExtension (in target 'StudyShieldActionExtension' from project 'PotatoSupervisor')
    cd /Users/runner/work/potato-supervisor/potato-supervisor/ios
    /Applications/Xcode_26.5.app/Contents/Developer/Toolchains/XcodeDefault.xctoolchain/usr/bin/dsymutil -q /Users/runner/work/_temp/potato-derived/Build/Products/Debug-iphonesimulator/StudyShieldActionExtension.appex/StudyShieldActionExtension -o /Users/runner/work/_temp/potato-derived/Build/Products/Debug-iphonesimulator/StudyShieldActionExtension.appex.dSYM

SwiftDriver\ Compilation StudyMonitorExtension normal arm64 com.apple.xcode.tools.swift.compiler (in target 'StudyMonitorExtension' from project 'PotatoSupervisor')
    cd /Users/runner/work/potato-supervisor/potato-supervisor/ios
    builtin-Swift-Compilation -- /Applications/Xcode_26.5.app/Contents/Developer/Toolchains/XcodeDefault.xctoolchain/usr/bin/swiftc -module-name StudyMonitorExtension -Onone @/Users/runner/work/_temp/potato-derived/Build/Intermediates.noindex/PotatoSupervisor.build/Debug-iphonesimulator/StudyMonitorExtension.build/Objects-normal/arm64/StudyMonitorExtension.SwiftFileList -DDEBUG -strict-concurrency\=targeted -enable-bare-slash-regex -enable-experimental-feature DebugDescriptionMacro -sdk /Applications/Xcode_26.5.app/Contents/Developer/Platforms/iPhoneSimulator.platform/Developer/SDKs/iPhoneSimulator26.5.sdk -target arm64-apple-ios17.4-simulator -g -module-cache-path /Users/runner/work/_temp/potato-derived/ModuleCache.noindex -Xfrontend -serialize-debugging-options -application-extension -enable-testing -index-store-path /Users/runner/work/_temp/potato-derived/Index.noindex/DataStore -swift-version 5 -I /Users/runner/work/_temp/potato-derived/Build/Products/Debug-iphonesimulator -F /Users/runner/work/_temp/potato-derived/Build/Products/Debug-iphonesimulator -emit-localized-strings -emit-localized-strings-path /Users/runner/work/_temp/potato-derived/Build/Intermediates.noindex/PotatoSupervisor.build/Debug-iphonesimulator/StudyMonitorExtension.build/Objects-normal/arm64 -c -j3 -enable-batch-mode -incremental -Xcc -ivfsstatcache -Xcc /Users/runner/work/_temp/potato-derived/SDKStatCaches.noindex/iphonesimulator26.5-23F73-688ef53f1462e2c8f657fdc38a81448ffb7d586738ff35573a713a18216ade27.sdkstatcache -output-file-map /Users/runner/work/_temp/potato-derived/Build/Intermediates.noindex/PotatoSupervisor.build/Debug-iphonesimulator/StudyMonitorExtension.build/Objects-normal/arm64/StudyMonitorExtension-OutputFileMap.json -use-frontend-parseable-output -save-temps -no-color-diagnostics -explicit-module-build -module-cache-path /Users/runner/work/_temp/potato-derived/Build/Intermediates.noindex/SwiftExplicitPrecompiledModules -clang-scanner-module-cache-path /Users/runner/work/_temp/potato-derived/ModuleCache.noindex -sdk-module-cache-path /Users/runner/work/_temp/potato-derived/ModuleCache.noindex -serialize-diagnostics -emit-dependencies -emit-module -emit-module-path /Users/runner/work/_temp/potato-derived/Build/Intermediates.noindex/PotatoSupervisor.build/Debug-iphonesimulator/StudyMonitorExtension.build/Objects-normal/arm64/StudyMonitorExtension.swiftmodule -validate-clang-modules-once -clang-build-session-file /Users/runner/work/_temp/potato-derived/ModuleCache.noindex/Session.modulevalidation -Xcc -I/Users/runner/work/_temp/potato-derived/Build/Intermediates.noindex/PotatoSupervisor.build/Debug-iphonesimulator/StudyMonitorExtension.build/swift-overrides.hmap -emit-const-values -Xfrontend -const-gather-protocols-file -Xfrontend /Users/runner/work/_temp/potato-derived/Build/Intermediates.noindex/PotatoSupervisor.build/Debug-iphonesimulator/StudyMonitorExtension.build/Objects-normal/arm64/StudyMonitorExtension_const_extract_protocols.json -Xcc -iquote -Xcc /Users/runner/work/_temp/potato-derived/Build/Intermediates.noindex/PotatoSupervisor.build/Debug-iphonesimulator/StudyMonitorExtension.build/StudyMonitorExtension-generated-files.hmap -Xcc -I/Users/runner/work/_temp/potato-derived/Build/Intermediates.noindex/PotatoSupervisor.build/Debug-iphonesimulator/StudyMonitorExtension.build/StudyMonitorExtension-own-target-headers.hmap -Xcc -I/Users/runner/work/_temp/potato-derived/Build/Intermediates.noindex/PotatoSupervisor.build/Debug-iphonesimulator/StudyMonitorExtension.build/StudyMonitorExtension-all-target-headers.hmap -Xcc -iquote -Xcc /Users/runner/work/_temp/potato-derived/Build/Intermediates.noindex/PotatoSupervisor.build/Debug-iphonesimulator/StudyMonitorExtension.build/StudyMonitorExtension-project-headers.hmap -Xcc -I/Users/runner/work/_temp/potato-derived/Build/Products/Debug-iphonesimulator/include -Xcc -I/Users/runner/work/_temp/potato-derived/Build/Intermediates.noindex/PotatoSupervisor.build/Debug-iphonesimulator/StudyMonitorExtension.build/DerivedSources-normal/arm64 -Xcc -I/Users/runner/work/_temp/potato-derived/Build/Intermediates.noindex/PotatoSupervisor.build/Debug-iphonesimulator/StudyMonitorExtension.build/DerivedSources/arm64 -Xcc -I/Users/runner/work/_temp/potato-derived/Build/Intermediates.noindex/PotatoSupervisor.build/Debug-iphonesimulator/StudyMonitorExtension.build/DerivedSources -emit-objc-header -emit-objc-header-path /Users/runner/work/_temp/potato-derived/Build/Intermediates.noindex/PotatoSupervisor.build/Debug-iphonesimulator/StudyMonitorExtension.build/Objects-normal/arm64/StudyMonitorExtension-Swift.h -working-directory /Users/runner/work/potato-supervisor/potato-supervisor/ios -experimental-emit-module-separately -disable-cmo

Ld /Users/runner/work/_temp/potato-derived/Build/Intermediates.noindex/PotatoSupervisor.build/Debug-iphonesimulator/StudyMonitorExtension.build/Objects-normal/arm64/Binary/StudyMonitorExtension.debug.dylib normal arm64 (in target 'StudyMonitorExtension' from project 'PotatoSupervisor')
    cd /Users/runner/work/potato-supervisor/potato-supervisor/ios
    /Applications/Xcode_26.5.app/Contents/Developer/Toolchains/XcodeDefault.xctoolchain/usr/bin/clang -Xlinker -reproducible -target arm64-apple-ios17.4-simulator -dynamiclib -isysroot /Applications/Xcode_26.5.app/Contents/Developer/Platforms/iPhoneSimulator.platform/Developer/SDKs/iPhoneSimulator26.5.sdk -Os -L/Users/runner/work/_temp/potato-derived/Build/Intermediates.noindex/EagerLinkingTBDs/Debug-iphonesimulator -L/Users/runner/work/_temp/potato-derived/Build/Products/Debug-iphonesimulator -F/Users/runner/work/_temp/potato-derived/Build/Intermediates.noindex/EagerLinkingTBDs/Debug-iphonesimulator -F/Users/runner/work/_temp/potato-derived/Build/Products/Debug-iphonesimulator -filelist /Users/runner/work/_temp/potato-derived/Build/Intermediates.noindex/PotatoSupervisor.build/Debug-iphonesimulator/StudyMonitorExtension.build/Objects-normal/arm64/StudyMonitorExtension.LinkFileList -install_name @rpath/StudyMonitorExtension.debug.dylib -Xlinker -rpath -Xlinker /usr/lib/swift -Xlinker -rpath -Xlinker @executable_path/Frameworks -Xlinker -rpath -Xlinker @executable_path/../../Frameworks -Xlinker -dead_strip -Xlinker -object_path_lto -Xlinker /Users/runner/work/_temp/potato-derived/Build/Intermediates.noindex/PotatoSupervisor.build/Debug-iphonesimulator/StudyMonitorExtension.build/Objects-normal/arm64/StudyMonitorExtension_lto.o -rdynamic -Xlinker -objc_abi_version -Xlinker 2 -Xlinker -dependency_info -Xlinker /Users/runner/work/_temp/potato-derived/Build/Intermediates.noindex/PotatoSupervisor.build/Debug-iphonesimulator/StudyMonitorExtension.build/Objects-normal/arm64/StudyMonitorExtension_dependency_info.dat -fapplication-extension -fobjc-link-runtime -L/Applications/Xcode_26.5.app/Contents/Developer/Toolchains/XcodeDefault.xctoolchain/usr/lib/swift/iphonesimulator -L/usr/lib/swift -Xlinker -add_ast_path -Xlinker /Users/runner/work/_temp/potato-derived/Build/Intermediates.noindex/PotatoSupervisor.build/Debug-iphonesimulator/StudyMonitorExtension.build/Objects-normal/arm64/StudyMonitorExtension.swiftmodule @/Users/runner/work/_temp/potato-derived/Build/Intermediates.noindex/PotatoSupervisor.build/Debug-iphonesimulator/StudyMonitorExtension.build/Objects-normal/arm64/StudyMonitorExtension-linker-args.resp -Xlinker -alias -Xlinker _NSExtensionMain -Xlinker ___debug_main_executable_dylib_entry_point -o /Users/runner/work/_temp/potato-derived/Build/Intermediates.noindex/PotatoSupervisor.build/Debug-iphonesimulator/StudyMonitorExtension.build/Objects-normal/arm64/Binary/StudyMonitorExtension.debug.dylib

ExtractAppIntentsMetadata (in target 'StudyShieldConfigurationExtension' from project 'PotatoSupervisor')
    cd /Users/runner/work/potato-supervisor/potato-supervisor/ios
    /Applications/Xcode_26.5.app/Contents/Developer/Toolchains/XcodeDefault.xctoolchain/usr/bin/appintentsmetadataprocessor --toolchain-dir /var/run/com.apple.security.cryptexd/mnt/com.apple.MobileAsset.MetalToolchain-v17.6.42.0.NjyK9N/Metal.xctoolchain --module-name StudyShieldConfigurationExtension --sdk-root /Applications/Xcode_26.5.app/Contents/Developer/Platforms/iPhoneSimulator.platform/Developer/SDKs/iPhoneSimulator26.5.sdk --xcode-version 17F42 --platform-family iOS --deployment-target 17.4 --bundle-identifier org.example.potatosupervisor.ShieldConfiguration --output /Users/runner/work/_temp/potato-derived/Build/Products/Debug-iphonesimulator/StudyShieldConfigurationExtension.appex --target-triple arm64-apple-ios17.4-simulator --target-triple x86_64-apple-ios17.4-simulator --binary-file /Users/runner/work/_temp/potato-derived/Build/Products/Debug-iphonesimulator/StudyShieldConfigurationExtension.appex/StudyShieldConfigurationExtension --dependency-file /Users/runner/work/_temp/potato-derived/Build/Intermediates.noindex/PotatoSupervisor.build/Debug-iphonesimulator/StudyShieldConfigurationExtension.build/Objects-normal/arm64/StudyShieldConfigurationExtension_dependency_info.dat --dependency-file /Users/runner/work/_temp/potato-derived/Build/Intermediates.noindex/PotatoSupervisor.build/Debug-iphonesimulator/StudyShieldConfigurationExtension.build/Objects-normal/x86_64/StudyShieldConfigurationExtension_dependency_info.dat --stringsdata-file /Users/runner/work/_temp/potato-derived/Build/Intermediates.noindex/PotatoSupervisor.build/Debug-iphonesimulator/StudyShieldConfigurationExtension.build/Objects-normal/arm64/ExtractedAppShortcutsMetadata.stringsdata --stringsdata-file /Users/runner/work/_temp/potato-derived/Build/Intermediates.noindex/PotatoSupervisor.build/Debug-iphonesimulator/StudyShieldConfigurationExtension.build/Objects-normal/x86_64/ExtractedAppShortcutsMetadata.stringsdata --source-file-list /Users/runner/work/_temp/potato-derived/Build/Intermediates.noindex/PotatoSupervisor.build/Debug-iphonesimulator/StudyShieldConfigurationExtension.build/Objects-normal/arm64/StudyShieldConfigurationExtension.SwiftFileList --source-file-list /Users/runner/work/_temp/potato-derived/Build/Intermediates.noindex/PotatoSupervisor.build/Debug-iphonesimulator/StudyShieldConfigurationExtension.build/Objects-normal/x86_64/StudyShieldConfigurationExtension.SwiftFileList --metadata-file-list /Users/runner/work/_temp/potato-derived/Build/Intermediates.noindex/PotatoSupervisor.build/Debug-iphonesimulator/StudyShieldConfigurationExtension.build/StudyShieldConfigurationExtension.DependencyMetadataFileList --static-metadata-file-list /Users/runner/work/_temp/potato-derived/Build/Intermediates.noindex/PotatoSupervisor.build/Debug-iphonesimulator/StudyShieldConfigurationExtension.build/StudyShieldConfigurationExtension.DependencyStaticMetadataFileList --swift-const-vals-list /Users/runner/work/_temp/potato-derived/Build/Intermediates.noindex/PotatoSupervisor.build/Debug-iphonesimulator/StudyShieldConfigurationExtension.build/Objects-normal/arm64/StudyShieldConfigurationExtension.SwiftConstValuesFileList --swift-const-vals-list /Users/runner/work/_temp/potato-derived/Build/Intermediates.noindex/PotatoSupervisor.build/Debug-iphonesimulator/StudyShieldConfigurationExtension.build/Objects-normal/x86_64/StudyShieldConfigurationExtension.SwiftConstValuesFileList --compile-time-extraction --deployment-aware-processing --validate-assistant-intents --no-app-shortcuts-localization
2026-10-07 02:20:17.017 appintentsmetadataprocessor[13959:41005] Starting appintentsmetadataprocessor export
2026-10-07 02:20:17.032 appintentsmetadataprocessor[13959:41005] warning: Metadata extraction skipped. No AppIntents.framework dependency found.

ExtractAppIntentsMetadata (in target 'StudyShieldActionExtension' from project 'PotatoSupervisor')
    cd /Users/runner/work/potato-supervisor/potato-supervisor/ios
    /Applications/Xcode_26.5.app/Contents/Developer/Toolchains/XcodeDefault.xctoolchain/usr/bin/appintentsmetadataprocessor --toolchain-dir /var/run/com.apple.security.cryptexd/mnt/com.apple.MobileAsset.MetalToolchain-v17.6.42.0.NjyK9N/Metal.xctoolchain --module-name StudyShieldActionExtension --sdk-root /Applications/Xcode_26.5.app/Contents/Developer/Platforms/iPhoneSimulator.platform/Developer/SDKs/iPhoneSimulator26.5.sdk --xcode-version 17F42 --platform-family iOS --deployment-target 17.4 --bundle-identifier org.example.potatosupervisor.ShieldAction --output /Users/runner/work/_temp/potato-derived/Build/Products/Debug-iphonesimulator/StudyShieldActionExtension.appex --target-triple arm64-apple-ios17.4-simulator --target-triple x86_64-apple-ios17.4-simulator --binary-file /Users/runner/work/_temp/potato-derived/Build/Products/Debug-iphonesimulator/StudyShieldActionExtension.appex/StudyShieldActionExtension --dependency-file /Users/runner/work/_temp/potato-derived/Build/Intermediates.noindex/PotatoSupervisor.build/Debug-iphonesimulator/StudyShieldActionExtension.build/Objects-normal/arm64/StudyShieldActionExtension_dependency_info.dat --dependency-file /Users/runner/work/_temp/potato-derived/Build/Intermediates.noindex/PotatoSupervisor.build/Debug-iphonesimulator/StudyShieldActionExtension.build/Objects-normal/x86_64/StudyShieldActionExtension_dependency_info.dat --stringsdata-file /Users/runner/work/_temp/potato-derived/Build/Intermediates.noindex/PotatoSupervisor.build/Debug-iphonesimulator/StudyShieldActionExtension.build/Objects-normal/arm64/ExtractedAppShortcutsMetadata.stringsdata --stringsdata-file /Users/runner/work/_temp/potato-derived/Build/Intermediates.noindex/PotatoSupervisor.build/Debug-iphonesimulator/StudyShieldActionExtension.build/Objects-normal/x86_64/ExtractedAppShortcutsMetadata.stringsdata --source-file-list /Users/runner/work/_temp/potato-derived/Build/Intermediates.noindex/PotatoSupervisor.build/Debug-iphonesimulator/StudyShieldActionExtension.build/Objects-normal/arm64/StudyShieldActionExtension.SwiftFileList --source-file-list /Users/runner/work/_temp/potato-derived/Build/Intermediates.noindex/PotatoSupervisor.build/Debug-iphonesimulator/StudyShieldActionExtension.build/Objects-normal/x86_64/StudyShieldActionExtension.SwiftFileList --metadata-file-list /Users/runner/work/_temp/potato-derived/Build/Intermediates.noindex/PotatoSupervisor.build/Debug-iphonesimulator/StudyShieldActionExtension.build/StudyShieldActionExtension.DependencyMetadataFileList --static-metadata-file-list /Users/runner/work/_temp/potato-derived/Build/Intermediates.noindex/PotatoSupervisor.build/Debug-iphonesimulator/StudyShieldActionExtension.build/StudyShieldActionExtension.DependencyStaticMetadataFileList --swift-const-vals-list /Users/runner/work/_temp/potato-derived/Build/Intermediates.noindex/PotatoSupervisor.build/Debug-iphonesimulator/StudyShieldActionExtension.build/Objects-normal/arm64/StudyShieldActionExtension.SwiftConstValuesFileList --swift-const-vals-list /Users/runner/work/_temp/potato-derived/Build/Intermediates.noindex/PotatoSupervisor.build/Debug-iphonesimulator/StudyShieldActionExtension.build/Objects-normal/x86_64/StudyShieldActionExtension.SwiftConstValuesFileList --compile-time-extraction --deployment-aware-processing --validate-assistant-intents --no-app-shortcuts-localization
2026-10-07 02:20:17.060 appintentsmetadataprocessor[13974:41043] Starting appintentsmetadataprocessor export
2026-10-07 02:20:17.062 appintentsmetadataprocessor[13974:41043] warning: Metadata extraction skipped. No AppIntents.framework dependency found.

AppIntentsSSUTraining (in target 'StudyShieldConfigurationExtension' from project 'PotatoSupervisor')
    cd /Users/runner/work/potato-supervisor/potato-supervisor/ios
    /Applications/Xcode_26.5.app/Contents/Developer/Toolchains/XcodeDefault.xctoolchain/usr/bin/appintentsnltrainingprocessor --infoplist-path /Users/runner/work/_temp/potato-derived/Build/Products/Debug-iphonesimulator/StudyShieldConfigurationExtension.appex/Info.plist --temp-dir-path /Users/runner/work/_temp/potato-derived/Build/Intermediates.noindex/PotatoSupervisor.build/Debug-iphonesimulator/StudyShieldConfigurationExtension.build/ssu --bundle-id org.example.potatosupervisor.ShieldConfiguration --product-path /Users/runner/work/_temp/potato-derived/Build/Products/Debug-iphonesimulator/StudyShieldConfigurationExtension.appex --extracted-metadata-path /Users/runner/work/_temp/potato-derived/Build/Products/Debug-iphonesimulator/StudyShieldConfigurationExtension.appex/Metadata.appintents --metadata-file-list /Users/runner/work/_temp/potato-derived/Build/Intermediates.noindex/PotatoSupervisor.build/Debug-iphonesimulator/StudyShieldConfigurationExtension.build/StudyShieldConfigurationExtension.DependencyMetadataFileList --source-file /Users/runner/work/_temp/potato-derived/Build/Products/Debug-iphonesimulator/StudyShieldConfigurationExtension.appex/Info.plist --archive-ssu-assets
2026-10-07 02:20:17.114 appintentsnltrainingprocessor[13980:41055] Parsing options for appintentsnltrainingprocessor
2026-10-07 02:20:17.115 appintentsnltrainingprocessor[13980:41055] Starting AppIntents SSU YAML Generation
2026-10-07 02:20:17.126 appintentsnltrainingprocessor[13980:41055] No AppShortcuts found - Skipping.

AppIntentsSSUTraining (in target 'StudyShieldActionExtension' from project 'PotatoSupervisor')
    cd /Users/runner/work/potato-supervisor/potato-supervisor/ios
    /Applications/Xcode_26.5.app/Contents/Developer/Toolchains/XcodeDefault.xctoolchain/usr/bin/appintentsnltrainingprocessor --infoplist-path /Users/runner/work/_temp/potato-derived/Build/Products/Debug-iphonesimulator/StudyShieldActionExtension.appex/Info.plist --temp-dir-path /Users/runner/work/_temp/potato-derived/Build/Intermediates.noindex/PotatoSupervisor.build/Debug-iphonesimulator/StudyShieldActionExtension.build/ssu --bundle-id org.example.potatosupervisor.ShieldAction --product-path /Users/runner/work/_temp/potato-derived/Build/Products/Debug-iphonesimulator/StudyShieldActionExtension.appex --extracted-metadata-path /Users/runner/work/_temp/potato-derived/Build/Products/Debug-iphonesimulator/StudyShieldActionExtension.appex/Metadata.appintents --metadata-file-list /Users/runner/work/_temp/potato-derived/Build/Intermediates.noindex/PotatoSupervisor.build/Debug-iphonesimulator/StudyShieldActionExtension.build/StudyShieldActionExtension.DependencyMetadataFileList --source-file /Users/runner/work/_temp/potato-derived/Build/Products/Debug-iphonesimulator/StudyShieldActionExtension.appex/Info.plist --archive-ssu-assets
2026-10-07 02:20:17.149 appintentsnltrainingprocessor[13981:41058] Parsing options for appintentsnltrainingprocessor
2026-10-07 02:20:17.150 appintentsnltrainingprocessor[13981:41058] Starting AppIntents SSU YAML Generation
2026-10-07 02:20:17.150 appintentsnltrainingprocessor[13981:41058] No AppShortcuts found - Skipping.

RegisterExecutionPolicyException /Users/runner/work/_temp/potato-derived/Build/Products/Debug-iphonesimulator/StudyShieldConfigurationExtension.appex (in target 'StudyShieldConfigurationExtension' from project 'PotatoSupervisor')
    cd /Users/runner/work/potato-supervisor/potato-supervisor/ios
    builtin-RegisterExecutionPolicyException /Users/runner/work/_temp/potato-derived/Build/Products/Debug-iphonesimulator/StudyShieldConfigurationExtension.appex

Touch /Users/runner/work/_temp/potato-derived/Build/Products/Debug-iphonesimulator/StudyShieldConfigurationExtension.appex (in target 'StudyShieldConfigurationExtension' from project 'PotatoSupervisor')
    cd /Users/runner/work/potato-supervisor/potato-supervisor/ios
    /usr/bin/touch -c /Users/runner/work/_temp/potato-derived/Build/Products/Debug-iphonesimulator/StudyShieldConfigurationExtension.appex

RegisterExecutionPolicyException /Users/runner/work/_temp/potato-derived/Build/Products/Debug-iphonesimulator/StudyShieldActionExtension.appex (in target 'StudyShieldActionExtension' from project 'PotatoSupervisor')
    cd /Users/runner/work/potato-supervisor/potato-supervisor/ios
    builtin-RegisterExecutionPolicyException /Users/runner/work/_temp/potato-derived/Build/Products/Debug-iphonesimulator/StudyShieldActionExtension.appex

Touch /Users/runner/work/_temp/potato-derived/Build/Products/Debug-iphonesimulator/StudyShieldActionExtension.appex (in target 'StudyShieldActionExtension' from project 'PotatoSupervisor')
    cd /Users/runner/work/potato-supervisor/potato-supervisor/ios
    /usr/bin/touch -c /Users/runner/work/_temp/potato-derived/Build/Products/Debug-iphonesimulator/StudyShieldActionExtension.appex

SwiftDriver PotatoSupervisor normal x86_64 com.apple.xcode.tools.swift.compiler (in target 'PotatoSupervisor' from project 'PotatoSupervisor')
    cd /Users/runner/work/potato-supervisor/potato-supervisor/ios
    builtin-SwiftDriver -- /Applications/Xcode_26.5.app/Contents/Developer/Toolchains/XcodeDefault.xctoolchain/usr/bin/swiftc -module-name PotatoSupervisor -Onone @/Users/runner/work/_temp/potato-derived/Build/Intermediates.noindex/PotatoSupervisor.build/Debug-iphonesimulator/PotatoSupervisor.build/Objects-normal/x86_64/PotatoSupervisor.SwiftFileList -DDEBUG -strict-concurrency\=targeted -enable-bare-slash-regex -enable-experimental-feature DebugDescriptionMacro -sdk /Applications/Xcode_26.5.app/Contents/Developer/Platforms/iPhoneSimulator.platform/Developer/SDKs/iPhoneSimulator26.5.sdk -target x86_64-apple-ios17.4-simulator -g -module-cache-path /Users/runner/work/_temp/potato-derived/ModuleCache.noindex -Xfrontend -serialize-debugging-options -enable-testing -index-store-path /Users/runner/work/_temp/potato-derived/Index.noindex/DataStore -swift-version 5 -I /Users/runner/work/_temp/potato-derived/Build/Products/Debug-iphonesimulator -F /Users/runner/work/_temp/potato-derived/Build/Products/Debug-iphonesimulator -emit-localized-strings -emit-localized-strings-path /Users/runner/work/_temp/potato-derived/Build/Intermediates.noindex/PotatoSupervisor.build/Debug-iphonesimulator/PotatoSupervisor.build/Objects-normal/x86_64 -c -j3 -enable-batch-mode -incremental -Xcc -ivfsstatcache -Xcc /Users/runner/work/_temp/potato-derived/SDKStatCaches.noindex/iphonesimulator26.5-23F73-688ef53f1462e2c8f657fdc38a81448ffb7d586738ff35573a713a18216ade27.sdkstatcache -output-file-map /Users/runner/work/_temp/potato-derived/Build/Intermediates.noindex/PotatoSupervisor.build/Debug-iphonesimulator/PotatoSupervisor.build/Objects-normal/x86_64/PotatoSupervisor-OutputFileMap.json -use-frontend-parseable-output -save-temps -no-color-diagnostics -explicit-module-build -module-cache-path /Users/runner/work/_temp/potato-derived/Build/Intermediates.noindex/SwiftExplicitPrecompiledModules -clang-scanner-module-cache-path /Users/runner/work/_temp/potato-derived/ModuleCache.noindex -sdk-module-cache-path /Users/runner/work/_temp/potato-derived/ModuleCache.noindex -serialize-diagnostics -emit-dependencies -emit-module -emit-module-path /Users/runner/work/_temp/potato-derived/Build/Intermediates.noindex/PotatoSupervisor.build/Debug-iphonesimulator/PotatoSupervisor.build/Objects-normal/x86_64/PotatoSupervisor.swiftmodule -validate-clang-modules-once -clang-build-session-file /Users/runner/work/_temp/potato-derived/ModuleCache.noindex/Session.modulevalidation -Xcc -I/Users/runner/work/_temp/potato-derived/Build/Intermediates.noindex/PotatoSupervisor.build/Debug-iphonesimulator/PotatoSupervisor.build/swift-overrides.hmap -emit-const-values -Xfrontend -const-gather-protocols-file -Xfrontend /Users/runner/work/_temp/potato-derived/Build/Intermediates.noindex/PotatoSupervisor.build/Debug-iphonesimulator/PotatoSupervisor.build/Objects-normal/x86_64/PotatoSupervisor_const_extract_protocols.json -Xcc -iquote -Xcc /Users/runner/work/_temp/potato-derived/Build/Intermediates.noindex/PotatoSupervisor.build/Debug-iphonesimulator/PotatoSupervisor.build/PotatoSupervisor-generated-files.hmap -Xcc -I/Users/runner/work/_temp/potato-derived/Build/Intermediates.noindex/PotatoSupervisor.build/Debug-iphonesimulator/PotatoSupervisor.build/PotatoSupervisor-own-target-headers.hmap -Xcc -I/Users/runner/work/_temp/potato-derived/Build/Intermediates.noindex/PotatoSupervisor.build/Debug-iphonesimulator/PotatoSupervisor.build/PotatoSupervisor-all-target-headers.hmap -Xcc -iquote -Xcc /Users/runner/work/_temp/potato-derived/Build/Intermediates.noindex/PotatoSupervisor.build/Debug-iphonesimulator/PotatoSupervisor.build/PotatoSupervisor-project-headers.hmap -Xcc -I/Users/runner/work/_temp/potato-derived/Build/Products/Debug-iphonesimulator/include -Xcc -I/Users/runner/work/_temp/potato-derived/Build/Intermediates.noindex/PotatoSupervisor.build/Debug-iphonesimulator/PotatoSupervisor.build/DerivedSources-normal/x86_64 -Xcc -I/Users/runner/work/_temp/potato-derived/Build/Intermediates.noindex/PotatoSupervisor.build/Debug-iphonesimulator/PotatoSupervisor.build/DerivedSources/x86_64 -Xcc -I/Users/runner/work/_temp/potato-derived/Build/Intermediates.noindex/PotatoSupervisor.build/Debug-iphonesimulator/PotatoSupervisor.build/DerivedSources -emit-objc-header -emit-objc-header-path /Users/runner/work/_temp/potato-derived/Build/Intermediates.noindex/PotatoSupervisor.build/Debug-iphonesimulator/PotatoSupervisor.build/Objects-normal/x86_64/PotatoSupervisor-Swift.h -working-directory /Users/runner/work/potato-supervisor/potato-supervisor/ios -experimental-emit-module-separately -disable-cmo

SwiftDriver PotatoSupervisor normal arm64 com.apple.xcode.tools.swift.compiler (in target 'PotatoSupervisor' from project 'PotatoSupervisor')
    cd /Users/runner/work/potato-supervisor/potato-supervisor/ios
    builtin-SwiftDriver -- /Applications/Xcode_26.5.app/Contents/Developer/Toolchains/XcodeDefault.xctoolchain/usr/bin/swiftc -module-name PotatoSupervisor -Onone @/Users/runner/work/_temp/potato-derived/Build/Intermediates.noindex/PotatoSupervisor.build/Debug-iphonesimulator/PotatoSupervisor.build/Objects-normal/arm64/PotatoSupervisor.SwiftFileList -DDEBUG -strict-concurrency\=targeted -enable-bare-slash-regex -enable-experimental-feature DebugDescriptionMacro -sdk /Applications/Xcode_26.5.app/Contents/Developer/Platforms/iPhoneSimulator.platform/Developer/SDKs/iPhoneSimulator26.5.sdk -target arm64-apple-ios17.4-simulator -g -module-cache-path /Users/runner/work/_temp/potato-derived/ModuleCache.noindex -Xfrontend -serialize-debugging-options -enable-testing -index-store-path /Users/runner/work/_temp/potato-derived/Index.noindex/DataStore -swift-version 5 -I /Users/runner/work/_temp/potato-derived/Build/Products/Debug-iphonesimulator -F /Users/runner/work/_temp/potato-derived/Build/Products/Debug-iphonesimulator -emit-localized-strings -emit-localized-strings-path /Users/runner/work/_temp/potato-derived/Build/Intermediates.noindex/PotatoSupervisor.build/Debug-iphonesimulator/PotatoSupervisor.build/Objects-normal/arm64 -c -j3 -enable-batch-mode -incremental -Xcc -ivfsstatcache -Xcc /Users/runner/work/_temp/potato-derived/SDKStatCaches.noindex/iphonesimulator26.5-23F73-688ef53f1462e2c8f657fdc38a81448ffb7d586738ff35573a713a18216ade27.sdkstatcache -output-file-map /Users/runner/work/_temp/potato-derived/Build/Intermediates.noindex/PotatoSupervisor.build/Debug-iphonesimulator/PotatoSupervisor.build/Objects-normal/arm64/PotatoSupervisor-OutputFileMap.json -use-frontend-parseable-output -save-temps -no-color-diagnostics -explicit-module-build -module-cache-path /Users/runner/work/_temp/potato-derived/Build/Intermediates.noindex/SwiftExplicitPrecompiledModules -clang-scanner-module-cache-path /Users/runner/work/_temp/potato-derived/ModuleCache.noindex -sdk-module-cache-path /Users/runner/work/_temp/potato-derived/ModuleCache.noindex -serialize-diagnostics -emit-dependencies -emit-module -emit-module-path /Users/runner/work/_temp/potato-derived/Build/Intermediates.noindex/PotatoSupervisor.build/Debug-iphonesimulator/PotatoSupervisor.build/Objects-normal/arm64/PotatoSupervisor.swiftmodule -validate-clang-modules-once -clang-build-session-file /Users/runner/work/_temp/potato-derived/ModuleCache.noindex/Session.modulevalidation -Xcc -I/Users/runner/work/_temp/potato-derived/Build/Intermediates.noindex/PotatoSupervisor.build/Debug-iphonesimulator/PotatoSupervisor.build/swift-overrides.hmap -emit-const-values -Xfrontend -const-gather-protocols-file -Xfrontend /Users/runner/work/_temp/potato-derived/Build/Intermediates.noindex/PotatoSupervisor.build/Debug-iphonesimulator/PotatoSupervisor.build/Objects-normal/arm64/PotatoSupervisor_const_extract_protocols.json -Xcc -iquote -Xcc /Users/runner/work/_temp/potato-derived/Build/Intermediates.noindex/PotatoSupervisor.build/Debug-iphonesimulator/PotatoSupervisor.build/PotatoSupervisor-generated-files.hmap -Xcc -I/Users/runner/work/_temp/potato-derived/Build/Intermediates.noindex/PotatoSupervisor.build/Debug-iphonesimulator/PotatoSupervisor.build/PotatoSupervisor-own-target-headers.hmap -Xcc -I/Users/runner/work/_temp/potato-derived/Build/Intermediates.noindex/PotatoSupervisor.build/Debug-iphonesimulator/PotatoSupervisor.build/PotatoSupervisor-all-target-headers.hmap -Xcc -iquote -Xcc /Users/runner/work/_temp/potato-derived/Build/Intermediates.noindex/PotatoSupervisor.build/Debug-iphonesimulator/PotatoSupervisor.build/PotatoSupervisor-project-headers.hmap -Xcc -I/Users/runner/work/_temp/potato-derived/Build/Products/Debug-iphonesimulator/include -Xcc -I/Users/runner/work/_temp/potato-derived/Build/Intermediates.noindex/PotatoSupervisor.build/Debug-iphonesimulator/PotatoSupervisor.build/DerivedSources-normal/arm64 -Xcc -I/Users/runner/work/_temp/potato-derived/Build/Intermediates.noindex/PotatoSupervisor.build/Debug-iphonesimulator/PotatoSupervisor.build/DerivedSources/arm64 -Xcc -I/Users/runner/work/_temp/potato-derived/Build/Intermediates.noindex/PotatoSupervisor.build/Debug-iphonesimulator/PotatoSupervisor.build/DerivedSources -emit-objc-header -emit-objc-header-path /Users/runner/work/_temp/potato-derived/Build/Intermediates.noindex/PotatoSupervisor.build/Debug-iphonesimulator/PotatoSupervisor.build/Objects-normal/arm64/PotatoSupervisor-Swift.h -working-directory /Users/runner/work/potato-supervisor/potato-supervisor/ios -experimental-emit-module-separately -disable-cmo

ConstructStubExecutorLinkFileList /Users/runner/work/_temp/potato-derived/Build/Intermediates.noindex/PotatoSupervisor.build/Debug-iphonesimulator/StudyMonitorExtension.build/StudyMonitorExtension-ExecutorLinkFileList-normal-x86_64.txt (in target 'StudyMonitorExtension' from project 'PotatoSupervisor')
    cd /Users/runner/work/potato-supervisor/potato-supervisor/ios
    construct-stub-executor-link-file-list /Users/runner/work/_temp/potato-derived/Build/Intermediates.noindex/PotatoSupervisor.build/Debug-iphonesimulator/StudyMonitorExtension.build/Objects-normal/x86_64/Binary/StudyMonitorExtension.debug.dylib /Applications/Xcode_26.5.app/Contents/Developer/Platforms/iPhoneSimulator.platform/Developer/usr/lib/libPreviewsJITStubExecutor_no_swift_entry_point.a /Applications/Xcode_26.5.app/Contents/Developer/Platforms/iPhoneSimulator.platform/Developer/usr/lib/libPreviewsJITStubExecutor.a --output /Users/runner/work/_temp/potato-derived/Build/Intermediates.noindex/PotatoSupervisor.build/Debug-iphonesimulator/StudyMonitorExtension.build/StudyMonitorExtension-ExecutorLinkFileList-normal-x86_64.txt
note: Using stub executor library without Swift entry point. (in target 'StudyMonitorExtension' from project 'PotatoSupervisor')

CreateUniversalBinary /Users/runner/work/_temp/potato-derived/Build/Products/Debug-iphonesimulator/StudyMonitorExtension.appex/StudyMonitorExtension.debug.dylib normal arm64\ x86_64 (in target 'StudyMonitorExtension' from project 'PotatoSupervisor')
    cd /Users/runner/work/potato-supervisor/potato-supervisor/ios
    /Applications/Xcode_26.5.app/Contents/Developer/Toolchains/XcodeDefault.xctoolchain/usr/bin/lipo -create /Users/runner/work/_temp/potato-derived/Build/Intermediates.noindex/PotatoSupervisor.build/Debug-iphonesimulator/StudyMonitorExtension.build/Objects-normal/arm64/Binary/StudyMonitorExtension.debug.dylib /Users/runner/work/_temp/potato-derived/Build/Intermediates.noindex/PotatoSupervisor.build/Debug-iphonesimulator/StudyMonitorExtension.build/Objects-normal/x86_64/Binary/StudyMonitorExtension.debug.dylib -output /Users/runner/work/_temp/potato-derived/Build/Products/Debug-iphonesimulator/StudyMonitorExtension.appex/StudyMonitorExtension.debug.dylib

Ld /Users/runner/work/_temp/potato-derived/Build/Intermediates.noindex/PotatoSupervisor.build/Debug-iphonesimulator/StudyMonitorExtension.build/Objects-normal/x86_64/Binary/StudyMonitorExtension normal x86_64 (in target 'StudyMonitorExtension' from project 'PotatoSupervisor')
    cd /Users/runner/work/potato-supervisor/potato-supervisor/ios
    /Applications/Xcode_26.5.app/Contents/Developer/Toolchains/XcodeDefault.xctoolchain/usr/bin/clang -Xlinker -reproducible -target x86_64-apple-ios17.4-simulator -isysroot /Applications/Xcode_26.5.app/Contents/Developer/Platforms/iPhoneSimulator.platform/Developer/SDKs/iPhoneSimulator26.5.sdk -Os -L/Users/runner/work/_temp/potato-derived/Build/Products/Debug-iphonesimulator -F/Users/runner/work/_temp/potato-derived/Build/Products/Debug-iphonesimulator -Xlinker -rpath -Xlinker @executable_path -Xlinker -rpath -Xlinker @executable_path/Frameworks -Xlinker -rpath -Xlinker @executable_path/../../Frameworks -rdynamic -Xlinker -objc_abi_version -Xlinker 2 -e ___debug_blank_executor_main -Xlinker -sectcreate -Xlinker __TEXT -Xlinker __debug_dylib -Xlinker /Users/runner/work/_temp/potato-derived/Build/Intermediates.noindex/PotatoSupervisor.build/Debug-iphonesimulator/StudyMonitorExtension.build/StudyMonitorExtension-DebugDylibPath-normal-x86_64.txt -Xlinker -sectcreate -Xlinker __TEXT -Xlinker __debug_entry -Xlinker /Users/runner/work/_temp/potato-derived/Build/Intermediates.noindex/PotatoSupervisor.build/Debug-iphonesimulator/StudyMonitorExtension.build/StudyMonitorExtension-DebugEntryPoint-normal-x86_64.txt -Xlinker -sectcreate -Xlinker __TEXT -Xlinker __debug_instlnm -Xlinker /Users/runner/work/_temp/potato-derived/Build/Intermediates.noindex/PotatoSupervisor.build/Debug-iphonesimulator/StudyMonitorExtension.build/StudyMonitorExtension-DebugDylibInstallName-normal-x86_64.txt -Xlinker -filelist -Xlinker /Users/runner/work/_temp/potato-derived/Build/Intermediates.noindex/PotatoSupervisor.build/Debug-iphonesimulator/StudyMonitorExtension.build/StudyMonitorExtension-ExecutorLinkFileList-normal-x86_64.txt /Users/runner/work/_temp/potato-derived/Build/Intermediates.noindex/PotatoSupervisor.build/Debug-iphonesimulator/StudyMonitorExtension.build/Objects-normal/x86_64/Binary/StudyMonitorExtension.debug.dylib -o /Users/runner/work/_temp/potato-derived/Build/Intermediates.noindex/PotatoSupervisor.build/Debug-iphonesimulator/StudyMonitorExtension.build/Objects-normal/x86_64/Binary/StudyMonitorExtension

ConstructStubExecutorLinkFileList /Users/runner/work/_temp/potato-derived/Build/Intermediates.noindex/PotatoSupervisor.build/Debug-iphonesimulator/StudyMonitorExtension.build/StudyMonitorExtension-ExecutorLinkFileList-normal-arm64.txt (in target 'StudyMonitorExtension' from project 'PotatoSupervisor')
    cd /Users/runner/work/potato-supervisor/potato-supervisor/ios
    construct-stub-executor-link-file-list /Users/runner/work/_temp/potato-derived/Build/Intermediates.noindex/PotatoSupervisor.build/Debug-iphonesimulator/StudyMonitorExtension.build/Objects-normal/arm64/Binary/StudyMonitorExtension.debug.dylib /Applications/Xcode_26.5.app/Contents/Developer/Platforms/iPhoneSimulator.platform/Developer/usr/lib/libPreviewsJITStubExecutor_no_swift_entry_point.a /Applications/Xcode_26.5.app/Contents/Developer/Platforms/iPhoneSimulator.platform/Developer/usr/lib/libPreviewsJITStubExecutor.a --output /Users/runner/work/_temp/potato-derived/Build/Intermediates.noindex/PotatoSupervisor.build/Debug-iphonesimulator/StudyMonitorExtension.build/StudyMonitorExtension-ExecutorLinkFileList-normal-arm64.txt
note: Using stub executor library without Swift entry point. (in target 'StudyMonitorExtension' from project 'PotatoSupervisor')

GenerateDSYMFile /Users/runner/work/_temp/potato-derived/Build/Products/Debug-iphonesimulator/StudyMonitorExtension.appex.dSYM /Users/runner/work/_temp/potato-derived/Build/Products/Debug-iphonesimulator/StudyMonitorExtension.appex/StudyMonitorExtension.debug.dylib (in target 'StudyMonitorExtension' from project 'PotatoSupervisor')
    cd /Users/runner/work/potato-supervisor/potato-supervisor/ios
    /Applications/Xcode_26.5.app/Contents/Developer/Toolchains/XcodeDefault.xctoolchain/usr/bin/dsymutil /Users/runner/work/_temp/potato-derived/Build/Products/Debug-iphonesimulator/StudyMonitorExtension.appex/StudyMonitorExtension.debug.dylib -o /Users/runner/work/_temp/potato-derived/Build/Products/Debug-iphonesimulator/StudyMonitorExtension.appex.dSYM

Ld /Users/runner/work/_temp/potato-derived/Build/Intermediates.noindex/PotatoSupervisor.build/Debug-iphonesimulator/StudyMonitorExtension.build/Objects-normal/arm64/Binary/StudyMonitorExtension normal arm64 (in target 'StudyMonitorExtension' from project 'PotatoSupervisor')
    cd /Users/runner/work/potato-supervisor/potato-supervisor/ios
    /Applications/Xcode_26.5.app/Contents/Developer/Toolchains/XcodeDefault.xctoolchain/usr/bin/clang -Xlinker -reproducible -target arm64-apple-ios17.4-simulator -isysroot /Applications/Xcode_26.5.app/Contents/Developer/Platforms/iPhoneSimulator.platform/Developer/SDKs/iPhoneSimulator26.5.sdk -Os -L/Users/runner/work/_temp/potato-derived/Build/Products/Debug-iphonesimulator -F/Users/runner/work/_temp/potato-derived/Build/Products/Debug-iphonesimulator -Xlinker -rpath -Xlinker @executable_path -Xlinker -rpath -Xlinker @executable_path/Frameworks -Xlinker -rpath -Xlinker @executable_path/../../Frameworks -rdynamic -Xlinker -objc_abi_version -Xlinker 2 -e ___debug_blank_executor_main -Xlinker -sectcreate -Xlinker __TEXT -Xlinker __debug_dylib -Xlinker /Users/runner/work/_temp/potato-derived/Build/Intermediates.noindex/PotatoSupervisor.build/Debug-iphonesimulator/StudyMonitorExtension.build/StudyMonitorExtension-DebugDylibPath-normal-arm64.txt -Xlinker -sectcreate -Xlinker __TEXT -Xlinker __debug_entry -Xlinker /Users/runner/work/_temp/potato-derived/Build/Intermediates.noindex/PotatoSupervisor.build/Debug-iphonesimulator/StudyMonitorExtension.build/StudyMonitorExtension-DebugEntryPoint-normal-arm64.txt -Xlinker -sectcreate -Xlinker __TEXT -Xlinker __debug_instlnm -Xlinker /Users/runner/work/_temp/potato-derived/Build/Intermediates.noindex/PotatoSupervisor.build/Debug-iphonesimulator/StudyMonitorExtension.build/StudyMonitorExtension-DebugDylibInstallName-normal-arm64.txt -Xlinker -filelist -Xlinker /Users/runner/work/_temp/potato-derived/Build/Intermediates.noindex/PotatoSupervisor.build/Debug-iphonesimulator/StudyMonitorExtension.build/StudyMonitorExtension-ExecutorLinkFileList-normal-arm64.txt /Users/runner/work/_temp/potato-derived/Build/Intermediates.noindex/PotatoSupervisor.build/Debug-iphonesimulator/StudyMonitorExtension.build/Objects-normal/arm64/Binary/StudyMonitorExtension.debug.dylib -o /Users/runner/work/_temp/potato-derived/Build/Intermediates.noindex/PotatoSupervisor.build/Debug-iphonesimulator/StudyMonitorExtension.build/Objects-normal/arm64/Binary/StudyMonitorExtension

CreateUniversalBinary /Users/runner/work/_temp/potato-derived/Build/Products/Debug-iphonesimulator/StudyMonitorExtension.appex/StudyMonitorExtension normal arm64\ x86_64 (in target 'StudyMonitorExtension' from project 'PotatoSupervisor')
    cd /Users/runner/work/potato-supervisor/potato-supervisor/ios
    /Applications/Xcode_26.5.app/Contents/Developer/Toolchains/XcodeDefault.xctoolchain/usr/bin/lipo -create /Users/runner/work/_temp/potato-derived/Build/Intermediates.noindex/PotatoSupervisor.build/Debug-iphonesimulator/StudyMonitorExtension.build/Objects-normal/arm64/Binary/StudyMonitorExtension /Users/runner/work/_temp/potato-derived/Build/Intermediates.noindex/PotatoSupervisor.build/Debug-iphonesimulator/StudyMonitorExtension.build/Objects-normal/x86_64/Binary/StudyMonitorExtension -output /Users/runner/work/_temp/potato-derived/Build/Products/Debug-iphonesimulator/StudyMonitorExtension.appex/StudyMonitorExtension

GenerateDSYMFile /Users/runner/work/_temp/potato-derived/Build/Products/Debug-iphonesimulator/StudyMonitorExtension.appex.dSYM /Users/runner/work/_temp/potato-derived/Build/Products/Debug-iphonesimulator/StudyMonitorExtension.appex/StudyMonitorExtension (in target 'StudyMonitorExtension' from project 'PotatoSupervisor')
    cd /Users/runner/work/potato-supervisor/potato-supervisor/ios
    /Applications/Xcode_26.5.app/Contents/Developer/Toolchains/XcodeDefault.xctoolchain/usr/bin/dsymutil -q /Users/runner/work/_temp/potato-derived/Build/Products/Debug-iphonesimulator/StudyMonitorExtension.appex/StudyMonitorExtension -o /Users/runner/work/_temp/potato-derived/Build/Products/Debug-iphonesimulator/StudyMonitorExtension.appex.dSYM

ExtractAppIntentsMetadata (in target 'StudyMonitorExtension' from project 'PotatoSupervisor')
    cd /Users/runner/work/potato-supervisor/potato-supervisor/ios
    /Applications/Xcode_26.5.app/Contents/Developer/Toolchains/XcodeDefault.xctoolchain/usr/bin/appintentsmetadataprocessor --toolchain-dir /var/run/com.apple.security.cryptexd/mnt/com.apple.MobileAsset.MetalToolchain-v17.6.42.0.NjyK9N/Metal.xctoolchain --module-name StudyMonitorExtension --sdk-root /Applications/Xcode_26.5.app/Contents/Developer/Platforms/iPhoneSimulator.platform/Developer/SDKs/iPhoneSimulator26.5.sdk --xcode-version 17F42 --platform-family iOS --deployment-target 17.4 --bundle-identifier org.example.potatosupervisor.Monitor --output /Users/runner/work/_temp/potato-derived/Build/Products/Debug-iphonesimulator/StudyMonitorExtension.appex --target-triple arm64-apple-ios17.4-simulator --target-triple x86_64-apple-ios17.4-simulator --binary-file /Users/runner/work/_temp/potato-derived/Build/Products/Debug-iphonesimulator/StudyMonitorExtension.appex/StudyMonitorExtension --dependency-file /Users/runner/work/_temp/potato-derived/Build/Intermediates.noindex/PotatoSupervisor.build/Debug-iphonesimulator/StudyMonitorExtension.build/Objects-normal/arm64/StudyMonitorExtension_dependency_info.dat --dependency-file /Users/runner/work/_temp/potato-derived/Build/Intermediates.noindex/PotatoSupervisor.build/Debug-iphonesimulator/StudyMonitorExtension.build/Objects-normal/x86_64/StudyMonitorExtension_dependency_info.dat --stringsdata-file /Users/runner/work/_temp/potato-derived/Build/Intermediates.noindex/PotatoSupervisor.build/Debug-iphonesimulator/StudyMonitorExtension.build/Objects-normal/arm64/ExtractedAppShortcutsMetadata.stringsdata --stringsdata-file /Users/runner/work/_temp/potato-derived/Build/Intermediates.noindex/PotatoSupervisor.build/Debug-iphonesimulator/StudyMonitorExtension.build/Objects-normal/x86_64/ExtractedAppShortcutsMetadata.stringsdata --source-file-list /Users/runner/work/_temp/potato-derived/Build/Intermediates.noindex/PotatoSupervisor.build/Debug-iphonesimulator/StudyMonitorExtension.build/Objects-normal/arm64/StudyMonitorExtension.SwiftFileList --source-file-list /Users/runner/work/_temp/potato-derived/Build/Intermediates.noindex/PotatoSupervisor.build/Debug-iphonesimulator/StudyMonitorExtension.build/Objects-normal/x86_64/StudyMonitorExtension.SwiftFileList --metadata-file-list /Users/runner/work/_temp/potato-derived/Build/Intermediates.noindex/PotatoSupervisor.build/Debug-iphonesimulator/StudyMonitorExtension.build/StudyMonitorExtension.DependencyMetadataFileList --static-metadata-file-list /Users/runner/work/_temp/potato-derived/Build/Intermediates.noindex/PotatoSupervisor.build/Debug-iphonesimulator/StudyMonitorExtension.build/StudyMonitorExtension.DependencyStaticMetadataFileList --swift-const-vals-list /Users/runner/work/_temp/potato-derived/Build/Intermediates.noindex/PotatoSupervisor.build/Debug-iphonesimulator/StudyMonitorExtension.build/Objects-normal/arm64/StudyMonitorExtension.SwiftConstValuesFileList --swift-const-vals-list /Users/runner/work/_temp/potato-derived/Build/Intermediates.noindex/PotatoSupervisor.build/Debug-iphonesimulator/StudyMonitorExtension.build/Objects-normal/x86_64/StudyMonitorExtension.SwiftConstValuesFileList --compile-time-extraction --deployment-aware-processing --validate-assistant-intents --no-app-shortcuts-localization
2026-10-07 02:20:19.135 appintentsmetadataprocessor[14057:41364] Starting appintentsmetadataprocessor export
2026-10-07 02:20:19.138 appintentsmetadataprocessor[14057:41364] warning: Metadata extraction skipped. No AppIntents.framework dependency found.

AppIntentsSSUTraining (in target 'StudyMonitorExtension' from project 'PotatoSupervisor')
    cd /Users/runner/work/potato-supervisor/potato-supervisor/ios
    /Applications/Xcode_26.5.app/Contents/Developer/Toolchains/XcodeDefault.xctoolchain/usr/bin/appintentsnltrainingprocessor --infoplist-path /Users/runner/work/_temp/potato-derived/Build/Products/Debug-iphonesimulator/StudyMonitorExtension.appex/Info.plist --temp-dir-path /Users/runner/work/_temp/potato-derived/Build/Intermediates.noindex/PotatoSupervisor.build/Debug-iphonesimulator/StudyMonitorExtension.build/ssu --bundle-id org.example.potatosupervisor.Monitor --product-path /Users/runner/work/_temp/potato-derived/Build/Products/Debug-iphonesimulator/StudyMonitorExtension.appex --extracted-metadata-path /Users/runner/work/_temp/potato-derived/Build/Products/Debug-iphonesimulator/StudyMonitorExtension.appex/Metadata.appintents --metadata-file-list /Users/runner/work/_temp/potato-derived/Build/Intermediates.noindex/PotatoSupervisor.build/Debug-iphonesimulator/StudyMonitorExtension.build/StudyMonitorExtension.DependencyMetadataFileList --source-file /Users/runner/work/_temp/potato-derived/Build/Products/Debug-iphonesimulator/StudyMonitorExtension.appex/Info.plist --archive-ssu-assets
2026-10-07 02:20:19.192 appintentsnltrainingprocessor[14058:41368] Parsing options for appintentsnltrainingprocessor
2026-10-07 02:20:19.192 appintentsnltrainingprocessor[14058:41368] Starting AppIntents SSU YAML Generation
2026-10-07 02:20:19.192 appintentsnltrainingprocessor[14058:41368] No AppShortcuts found - Skipping.

RegisterExecutionPolicyException /Users/runner/work/_temp/potato-derived/Build/Products/Debug-iphonesimulator/StudyMonitorExtension.appex (in target 'StudyMonitorExtension' from project 'PotatoSupervisor')
    cd /Users/runner/work/potato-supervisor/potato-supervisor/ios
    builtin-RegisterExecutionPolicyException /Users/runner/work/_temp/potato-derived/Build/Products/Debug-iphonesimulator/StudyMonitorExtension.appex

Touch /Users/runner/work/_temp/potato-derived/Build/Products/Debug-iphonesimulator/StudyMonitorExtension.appex (in target 'StudyMonitorExtension' from project 'PotatoSupervisor')
    cd /Users/runner/work/potato-supervisor/potato-supervisor/ios
    /usr/bin/touch -c /Users/runner/work/_temp/potato-derived/Build/Products/Debug-iphonesimulator/StudyMonitorExtension.appex

CpResource /Users/runner/work/_temp/potato-derived/Build/Products/Debug-iphonesimulator/PotatoSupervisor.app/warning.wav /Users/runner/work/potato-supervisor/potato-supervisor/ios/Resources/warning.wav (in target 'PotatoSupervisor' from project 'PotatoSupervisor')
    cd /Users/runner/work/potato-supervisor/potato-supervisor/ios
    builtin-copy -exclude .DS_Store -exclude CVS -exclude .svn -exclude .git -exclude .hg -strip-unsigned-binaries -strip-deterministic -strip-tool /Applications/Xcode_26.5.app/Contents/Developer/Toolchains/XcodeDefault.xctoolchain/usr/bin/strip -resolve-src-symlinks /Users/runner/work/potato-supervisor/potato-supervisor/ios/Resources/warning.wav /Users/runner/work/_temp/potato-derived/Build/Products/Debug-iphonesimulator/PotatoSupervisor.app

Ld /Users/runner/work/_temp/potato-derived/Build/Intermediates.noindex/PotatoSupervisor.build/Debug-iphonesimulator/PotatoSupervisor.build/Objects-normal/x86_64/Binary/__preview.dylib normal x86_64 (in target 'PotatoSupervisor' from project 'PotatoSupervisor')
    cd /Users/runner/work/potato-supervisor/potato-supervisor/ios
    /Applications/Xcode_26.5.app/Contents/Developer/Toolchains/XcodeDefault.xctoolchain/usr/bin/clang -Xlinker -reproducible -target x86_64-apple-ios17.4-simulator -dynamiclib -isysroot /Applications/Xcode_26.5.app/Contents/Developer/Platforms/iPhoneSimulator.platform/Developer/SDKs/iPhoneSimulator26.5.sdk -Os -L/Users/runner/work/_temp/potato-derived/Build/Products/Debug-iphonesimulator -F/Users/runner/work/_temp/potato-derived/Build/Products/Debug-iphonesimulator -install_name @rpath/PotatoSupervisor.debug.dylib -Xlinker -dead_strip -rdynamic -Xlinker -objc_abi_version -Xlinker 2 -Xlinker -dependency_info -Xlinker /Users/runner/work/_temp/potato-derived/Build/Intermediates.noindex/PotatoSupervisor.build/Debug-iphonesimulator/PotatoSupervisor.build/Objects-normal/x86_64/PotatoSupervisor_dependency_info.dat -o /Users/runner/work/_temp/potato-derived/Build/Intermediates.noindex/PotatoSupervisor.build/Debug-iphonesimulator/PotatoSupervisor.build/Objects-normal/x86_64/Binary/__preview.dylib

Ld /Users/runner/work/_temp/potato-derived/Build/Intermediates.noindex/PotatoSupervisor.build/Debug-iphonesimulator/PotatoSupervisor.build/Objects-normal/arm64/Binary/__preview.dylib normal arm64 (in target 'PotatoSupervisor' from project 'PotatoSupervisor')
    cd /Users/runner/work/potato-supervisor/potato-supervisor/ios
    /Applications/Xcode_26.5.app/Contents/Developer/Toolchains/XcodeDefault.xctoolchain/usr/bin/clang -Xlinker -reproducible -target arm64-apple-ios17.4-simulator -dynamiclib -isysroot /Applications/Xcode_26.5.app/Contents/Developer/Platforms/iPhoneSimulator.platform/Developer/SDKs/iPhoneSimulator26.5.sdk -Os -L/Users/runner/work/_temp/potato-derived/Build/Products/Debug-iphonesimulator -F/Users/runner/work/_temp/potato-derived/Build/Products/Debug-iphonesimulator -install_name @rpath/PotatoSupervisor.debug.dylib -Xlinker -dead_strip -rdynamic -Xlinker -objc_abi_version -Xlinker 2 -Xlinker -dependency_info -Xlinker /Users/runner/work/_temp/potato-derived/Build/Intermediates.noindex/PotatoSupervisor.build/Debug-iphonesimulator/PotatoSupervisor.build/Objects-normal/arm64/PotatoSupervisor_dependency_info.dat -o /Users/runner/work/_temp/potato-derived/Build/Intermediates.noindex/PotatoSupervisor.build/Debug-iphonesimulator/PotatoSupervisor.build/Objects-normal/arm64/Binary/__preview.dylib

CpResource /Users/runner/work/_temp/potato-derived/Build/Products/Debug-iphonesimulator/PotatoSupervisor.app/explosion.wav /Users/runner/work/potato-supervisor/potato-supervisor/ios/Resources/explosion.wav (in target 'PotatoSupervisor' from project 'PotatoSupervisor')
    cd /Users/runner/work/potato-supervisor/potato-supervisor/ios
    builtin-copy -exclude .DS_Store -exclude CVS -exclude .svn -exclude .git -exclude .hg -strip-unsigned-binaries -strip-deterministic -strip-tool /Applications/Xcode_26.5.app/Contents/Developer/Toolchains/XcodeDefault.xctoolchain/usr/bin/strip -resolve-src-symlinks /Users/runner/work/potato-supervisor/potato-supervisor/ios/Resources/explosion.wav /Users/runner/work/_temp/potato-derived/Build/Products/Debug-iphonesimulator/PotatoSupervisor.app

CreateUniversalBinary /Users/runner/work/_temp/potato-derived/Build/Products/Debug-iphonesimulator/PotatoSupervisor.app/__preview.dylib normal arm64\ x86_64 (in target 'PotatoSupervisor' from project 'PotatoSupervisor')
    cd /Users/runner/work/potato-supervisor/potato-supervisor/ios
    /Applications/Xcode_26.5.app/Contents/Developer/Toolchains/XcodeDefault.xctoolchain/usr/bin/lipo -create /Users/runner/work/_temp/potato-derived/Build/Intermediates.noindex/PotatoSupervisor.build/Debug-iphonesimulator/PotatoSupervisor.build/Objects-normal/arm64/Binary/__preview.dylib /Users/runner/work/_temp/potato-derived/Build/Intermediates.noindex/PotatoSupervisor.build/Debug-iphonesimulator/PotatoSupervisor.build/Objects-normal/x86_64/Binary/__preview.dylib -output /Users/runner/work/_temp/potato-derived/Build/Products/Debug-iphonesimulator/PotatoSupervisor.app/__preview.dylib

CpResource /Users/runner/work/_temp/potato-derived/Build/Products/Debug-iphonesimulator/PotatoSupervisor.app/disappear.wav /Users/runner/work/potato-supervisor/potato-supervisor/ios/Resources/disappear.wav (in target 'PotatoSupervisor' from project 'PotatoSupervisor')
    cd /Users/runner/work/potato-supervisor/potato-supervisor/ios
    builtin-copy -exclude .DS_Store -exclude CVS -exclude .svn -exclude .git -exclude .hg -strip-unsigned-binaries -strip-deterministic -strip-tool /Applications/Xcode_26.5.app/Contents/Developer/Toolchains/XcodeDefault.xctoolchain/usr/bin/strip -resolve-src-symlinks /Users/runner/work/potato-supervisor/potato-supervisor/ios/Resources/disappear.wav /Users/runner/work/_temp/potato-derived/Build/Products/Debug-iphonesimulator/PotatoSupervisor.app

CpResource /Users/runner/work/_temp/potato-derived/Build/Products/Debug-iphonesimulator/PotatoSupervisor.app/dialogue.json /Users/runner/work/potato-supervisor/potato-supervisor/ios/Resources/dialogue.json (in target 'PotatoSupervisor' from project 'PotatoSupervisor')
    cd /Users/runner/work/potato-supervisor/potato-supervisor/ios
    builtin-copy -exclude .DS_Store -exclude CVS -exclude .svn -exclude .git -exclude .hg -strip-unsigned-binaries -strip-deterministic -strip-tool /Applications/Xcode_26.5.app/Contents/Developer/Toolchains/XcodeDefault.xctoolchain/usr/bin/strip -resolve-src-symlinks /Users/runner/work/potato-supervisor/potato-supervisor/ios/Resources/dialogue.json /Users/runner/work/_temp/potato-derived/Build/Products/Debug-iphonesimulator/PotatoSupervisor.app

CpResource /Users/runner/work/_temp/potato-derived/Build/Products/Debug-iphonesimulator/PotatoSupervisor.app/appear.wav /Users/runner/work/potato-supervisor/potato-supervisor/ios/Resources/appear.wav (in target 'PotatoSupervisor' from project 'PotatoSupervisor')
    cd /Users/runner/work/potato-supervisor/potato-supervisor/ios
    builtin-copy -exclude .DS_Store -exclude CVS -exclude .svn -exclude .git -exclude .hg -strip-unsigned-binaries -strip-deterministic -strip-tool /Applications/Xcode_26.5.app/Contents/Developer/Toolchains/XcodeDefault.xctoolchain/usr/bin/strip -resolve-src-symlinks /Users/runner/work/potato-supervisor/potato-supervisor/ios/Resources/appear.wav /Users/runner/work/_temp/potato-derived/Build/Products/Debug-iphonesimulator/PotatoSupervisor.app

CpResource /Users/runner/work/_temp/potato-derived/Build/Products/Debug-iphonesimulator/PotatoSupervisor.app/THIRD_PARTY_NOTICES.txt /Users/runner/work/potato-supervisor/potato-supervisor/ios/Resources/THIRD_PARTY_NOTICES.txt (in target 'PotatoSupervisor' from project 'PotatoSupervisor')
    cd /Users/runner/work/potato-supervisor/potato-supervisor/ios
    builtin-copy -exclude .DS_Store -exclude CVS -exclude .svn -exclude .git -exclude .hg -strip-unsigned-binaries -strip-deterministic -strip-tool /Applications/Xcode_26.5.app/Contents/Developer/Toolchains/XcodeDefault.xctoolchain/usr/bin/strip -resolve-src-symlinks /Users/runner/work/potato-supervisor/potato-supervisor/ios/Resources/THIRD_PARTY_NOTICES.txt /Users/runner/work/_temp/potato-derived/Build/Products/Debug-iphonesimulator/PotatoSupervisor.app

CopyPlistFile /Users/runner/work/_temp/potato-derived/Build/Products/Debug-iphonesimulator/PotatoSupervisor.app/PrivacyInfo.xcprivacy /Users/runner/work/potato-supervisor/potato-supervisor/ios/Resources/PrivacyInfo.xcprivacy (in target 'PotatoSupervisor' from project 'PotatoSupervisor')
    cd /Users/runner/work/potato-supervisor/potato-supervisor/ios
    builtin-copyPlist --convert binary1 --outdir /Users/runner/work/_temp/potato-derived/Build/Products/Debug-iphonesimulator/PotatoSupervisor.app -- /Users/runner/work/potato-supervisor/potato-supervisor/ios/Resources/PrivacyInfo.xcprivacy

CopyPNGFile /Users/runner/work/_temp/potato-derived/Build/Products/Debug-iphonesimulator/PotatoSupervisor.app/potato-mine.png /Users/runner/work/potato-supervisor/potato-supervisor/ios/Resources/potato-mine.png (in target 'PotatoSupervisor' from project 'PotatoSupervisor')
    cd /Users/runner/work/potato-supervisor/potato-supervisor/ios
    /Applications/Xcode_26.5.app/Contents/Developer/usr/bin/copypng -compress -strip-PNG-text /Users/runner/work/potato-supervisor/potato-supervisor/ios/Resources/potato-mine.png /Users/runner/work/_temp/potato-derived/Build/Products/Debug-iphonesimulator/PotatoSupervisor.app/potato-mine.png

CopyPNGFile /Users/runner/work/_temp/potato-derived/Build/Products/Debug-iphonesimulator/PotatoSupervisor.app/potato-mine-explosion.png /Users/runner/work/potato-supervisor/potato-supervisor/ios/Resources/potato-mine-explosion.png (in target 'PotatoSupervisor' from project 'PotatoSupervisor')
    cd /Users/runner/work/potato-supervisor/potato-supervisor/ios
    /Applications/Xcode_26.5.app/Contents/Developer/usr/bin/copypng -compress -strip-PNG-text /Users/runner/work/potato-supervisor/potato-supervisor/ios/Resources/potato-mine-explosion.png /Users/runner/work/_temp/potato-derived/Build/Products/Debug-iphonesimulator/PotatoSupervisor.app/potato-mine-explosion.png

SwiftExplicitDependencyGeneratePcm x86_64 /Users/runner/work/_temp/potato-derived/ModuleCache.noindex/DeveloperToolsSupport-6RC8PXM62UIOGTWD3YW90YYC5.pcm

SwiftExplicitDependencyGeneratePcm arm64 /Users/runner/work/_temp/potato-derived/ModuleCache.noindex/_Builtin_float-6OZYQODV788ATTZPS455Y86FH.pcm

SwiftExplicitDependencyGeneratePcm arm64 /Users/runner/work/_temp/potato-derived/ModuleCache.noindex/_Builtin_stdarg-1L00684381S6K6HNO86Z6L5KV.pcm

SwiftExplicitDependencyGeneratePcm arm64 /Users/runner/work/_temp/potato-derived/ModuleCache.noindex/_Builtin_stddef-7QKMPJHATTM742UUEHD4629W.pcm

SwiftExplicitDependencyGeneratePcm x86_64 /Users/runner/work/_temp/potato-derived/ModuleCache.noindex/_AvailabilityInternal-3IX2GYANJ3AXSDYUJEOF7CU47.pcm

SwiftExplicitDependencyGeneratePcm x86_64 /Users/runner/work/_temp/potato-derived/ModuleCache.noindex/ptrcheck-D4PXTNP304UFYE61FRFIAY7ED.pcm

SwiftExplicitDependencyGeneratePcm arm64 /Users/runner/work/_temp/potato-derived/ModuleCache.noindex/_Builtin_stdbool-7MPKKOZK7XLHA9XUU7GPRH710.pcm

SwiftExplicitDependencyGeneratePcm x86_64 /Users/runner/work/_temp/potato-derived/ModuleCache.noindex/ptrauth-EW7BTGZ48FN3L3JW8H1BA4THP.pcm

SwiftExplicitDependencyGeneratePcm arm64 /Users/runner/work/_temp/potato-derived/ModuleCache.noindex/SwiftShims-7ZOWOTNA83HDDFC2LTTA5FKNV.pcm

SwiftExplicitDependencyGeneratePcm x86_64 /Users/runner/work/_temp/potato-derived/ModuleCache.noindex/_Builtin_stdarg-DE6IZ3OLIEAUQXTF0DAP6BLLF.pcm

SwiftExplicitDependencyGeneratePcm x86_64 /Users/runner/work/_temp/potato-derived/ModuleCache.noindex/SwiftShims-9X58FLAFCRIF4NM3CCJNO8ET3.pcm

SwiftExplicitDependencyGeneratePcm x86_64 /Users/runner/work/_temp/potato-derived/ModuleCache.noindex/_SwiftConcurrencyShims-EKOV04485J62IFUZK6HT1DNTI.pcm

SwiftExplicitDependencyGeneratePcm x86_64 /Users/runner/work/_temp/potato-derived/ModuleCache.noindex/_Builtin_stddef-8SL28M71VUHEQU0R5SYOBD1R5.pcm

SwiftExplicitDependencyGeneratePcm x86_64 /Users/runner/work/_temp/potato-derived/ModuleCache.noindex/_Builtin_float-1X340GY1IK1DOSAB10ZHHWZDG.pcm

SwiftExplicitDependencyGeneratePcm x86_64 /Users/runner/work/_temp/potato-derived/ModuleCache.noindex/_DarwinFoundation1-BQK6MNOV2IZH3SZZT2YCP7L08.pcm

SwiftExplicitDependencyGeneratePcm arm64 /Users/runner/work/_temp/potato-derived/ModuleCache.noindex/_SwiftConcurrencyShims-378NT2AS3LGY2GU7XX4TB2OCM.pcm

SwiftExplicitDependencyGeneratePcm arm64 /Users/runner/work/_temp/potato-derived/ModuleCache.noindex/_AvailabilityInternal-AVI4TU803TJ7MX55FRO3XM0R.pcm

SwiftExplicitDependencyGeneratePcm x86_64 /Users/runner/work/_temp/potato-derived/ModuleCache.noindex/_Builtin_stdbool-7CYELEL8RYB0I8GLID137WX9P.pcm

SwiftExplicitDependencyGeneratePcm x86_64 /Users/runner/work/_temp/potato-derived/ModuleCache.noindex/_Builtin_limits-1D7OXQWZ3ESYYULKUEH61ONQ9.pcm

SwiftExplicitDependencyGeneratePcm x86_64 /Users/runner/work/_temp/potato-derived/ModuleCache.noindex/_DarwinFoundation2-6TCQ0YD9SY34BMFS9Z0D5M70W.pcm

SwiftExplicitDependencyGeneratePcm arm64 /Users/runner/work/_temp/potato-derived/ModuleCache.noindex/ptrcheck-3WYSNSZEW48K2YZ84ADVNAELA.pcm

SwiftExplicitDependencyGeneratePcm arm64 /Users/runner/work/_temp/potato-derived/ModuleCache.noindex/ptrauth-2NG5WNGAQP86HGQYA9NPHNOK3.pcm

SwiftExplicitDependencyGeneratePcm arm64 /Users/runner/work/_temp/potato-derived/ModuleCache.noindex/DeveloperToolsSupport-8W3XEKVNAY30CLU9X1CJNK7O2.pcm

SwiftExplicitDependencyGeneratePcm arm64 /Users/runner/work/_temp/potato-derived/ModuleCache.noindex/_DarwinFoundation1-8BERQJS62HVFKDSBPCF80X7TQ.pcm

CopyPNGFile /Users/runner/work/_temp/potato-derived/Build/Products/Debug-iphonesimulator/PotatoSupervisor.app/potato-mine-blink.png /Users/runner/work/potato-supervisor/potato-supervisor/ios/Resources/potato-mine-blink.png (in target 'PotatoSupervisor' from project 'PotatoSupervisor')
    cd /Users/runner/work/potato-supervisor/potato-supervisor/ios
    /Applications/Xcode_26.5.app/Contents/Developer/usr/bin/copypng -compress -strip-PNG-text /Users/runner/work/potato-supervisor/potato-supervisor/ios/Resources/potato-mine-blink.png /Users/runner/work/_temp/potato-derived/Build/Products/Debug-iphonesimulator/PotatoSupervisor.app/potato-mine-blink.png

CopyPNGFile /Users/runner/work/_temp/potato-derived/Build/Products/Debug-iphonesimulator/PotatoSupervisor.app/potato-mine-angry.png /Users/runner/work/potato-supervisor/potato-supervisor/ios/Resources/potato-mine-angry.png (in target 'PotatoSupervisor' from project 'PotatoSupervisor')
    cd /Users/runner/work/potato-supervisor/potato-supervisor/ios
    /Applications/Xcode_26.5.app/Contents/Developer/usr/bin/copypng -compress -strip-PNG-text /Users/runner/work/potato-supervisor/potato-supervisor/ios/Resources/potato-mine-angry.png /Users/runner/work/_temp/potato-derived/Build/Products/Debug-iphonesimulator/PotatoSupervisor.app/potato-mine-angry.png

SwiftExplicitDependencyGeneratePcm x86_64 /Users/runner/work/_temp/potato-derived/ModuleCache.noindex/sys_types-9Y0BG7ISRU3TN2V1IIEM23XFQ.pcm

SwiftExplicitDependencyGeneratePcm arm64 /Users/runner/work/_temp/potato-derived/ModuleCache.noindex/_DarwinFoundation2-EKO45EIYTJ9QIXQLXR28WKACX.pcm

SwiftExplicitDependencyGeneratePcm arm64 /Users/runner/work/_temp/potato-derived/ModuleCache.noindex/_Builtin_limits-85K96DKTJZSFW4XG3CSR7VS1T.pcm

SwiftExplicitDependencyGeneratePcm arm64 /Users/runner/work/_temp/potato-derived/ModuleCache.noindex/_Builtin_stdint-4OMBSWAW1FBQ67U0HB9IMOAS6.pcm

SwiftExplicitDependencyGeneratePcm arm64 /Users/runner/work/_temp/potato-derived/ModuleCache.noindex/sys_types-AHGRYH0CQUSQ4NQ1K3DQ4E7AQ.pcm

SwiftExplicitDependencyGeneratePcm arm64 /Users/runner/work/_temp/potato-derived/ModuleCache.noindex/_DarwinFoundation3-AKNJ4771C955SYIXAV51VY84R.pcm

SwiftExplicitDependencyGeneratePcm arm64 /Users/runner/work/_temp/potato-derived/ModuleCache.noindex/_Builtin_intrinsics-60K1F0CXNPBFM1UOUDA8U2IQP.pcm

SwiftExplicitDependencyGeneratePcm arm64 /Users/runner/work/_temp/potato-derived/ModuleCache.noindex/_Builtin_inttypes-6SFWJBX7DG7AVKAR028VFXOXT.pcm

SwiftExplicitDependencyGeneratePcm arm64 /Users/runner/work/_temp/potato-derived/ModuleCache.noindex/_Builtin_tgmath-BCPBYS2MU50DG0UUE0DJG72K5.pcm

SwiftExplicitDependencyGeneratePcm x86_64 /Users/runner/work/_temp/potato-derived/ModuleCache.noindex/_Builtin_tgmath-DBMBV4DCZ92TZH9GY173SK6LX.pcm

SwiftExplicitDependencyGeneratePcm arm64 /Users/runner/work/_temp/potato-derived/ModuleCache.noindex/_Builtin_stdatomic-6CI8XS4P7FAIXEZIJLX7S1Q6T.pcm

SwiftExplicitDependencyGeneratePcm x86_64 /Users/runner/work/_temp/potato-derived/ModuleCache.noindex/_Builtin_stdint-674CXAP2CDKXEU3RYULBTXHJ2.pcm

SwiftExplicitDependencyGeneratePcm arm64 /Users/runner/work/_temp/potato-derived/ModuleCache.noindex/Darwin-3J2ZXY33NAV6U9JGG4LXSY9SQ.pcm

SwiftExplicitDependencyGeneratePcm x86_64 /Users/runner/work/_temp/potato-derived/ModuleCache.noindex/_DarwinFoundation3-2ECRVQZ2E77XVSEKM49M4UAHI.pcm

SwiftExplicitDependencyGeneratePcm x86_64 /Users/runner/work/_temp/potato-derived/ModuleCache.noindex/_Builtin_stdatomic-53JZWG8U6PFOVZNM8U2H24U7L.pcm

SwiftExplicitDependencyGeneratePcm arm64 /Users/runner/work/_temp/potato-derived/ModuleCache.noindex/simd-COXQXG0UKD8TCWZJN1LFBLMAB.pcm

SwiftExplicitDependencyGeneratePcm x86_64 /Users/runner/work/_temp/potato-derived/ModuleCache.noindex/_Builtin_intrinsics-53P5AWPWN0LQJTN3ZOMMGJJ7I.pcm

SwiftExplicitDependencyGeneratePcm x86_64 /Users/runner/work/_temp/potato-derived/ModuleCache.noindex/_Builtin_inttypes-4PZOSM0JUF0KA03RKI8REPBLM.pcm

SwiftExplicitDependencyGeneratePcm arm64 /Users/runner/work/_temp/potato-derived/ModuleCache.noindex/ObjectiveC-A4QK7B5RUNDJC9FN7RR5AEFTS.pcm

SwiftExplicitDependencyGeneratePcm x86_64 /Users/runner/work/_temp/potato-derived/ModuleCache.noindex/Darwin-69S81AC3SQUQLOW51CG3KI457.pcm

SwiftExplicitDependencyGeneratePcm arm64 /Users/runner/work/_temp/potato-derived/ModuleCache.noindex/os_object-C20HQOS0PNWHDZF78VCYKURZX.pcm

SwiftExplicitDependencyGeneratePcm arm64 /Users/runner/work/_temp/potato-derived/ModuleCache.noindex/Spatial-7VAB965S9QBHH9HAGH705NBWF.pcm

SwiftExplicitDependencyGeneratePcm x86_64 /Users/runner/work/_temp/potato-derived/ModuleCache.noindex/simd-2BL4MP20SHIO9YJLJ90ORSKGR.pcm

SwiftExplicitDependencyGeneratePcm arm64 /Users/runner/work/_temp/potato-derived/ModuleCache.noindex/os_workgroup-BON2PFVZCJBZ0MHPX8J4P56MV.pcm

SwiftExplicitDependencyGeneratePcm x86_64 /Users/runner/work/_temp/potato-derived/ModuleCache.noindex/ObjectiveC-4CYA976ISH1Q6WZ57KLV0IZG3.pcm

SwiftExplicitDependencyGeneratePcm x86_64 /Users/runner/work/_temp/potato-derived/ModuleCache.noindex/MachO-QRKZV50HWXJPF4366COFWFOU.pcm

SwiftExplicitDependencyGeneratePcm arm64 /Users/runner/work/_temp/potato-derived/ModuleCache.noindex/Dispatch-5YOCU4C51OBDUED7V5HY3L0SW.pcm

SwiftExplicitDependencyGeneratePcm x86_64 /Users/runner/work/_temp/potato-derived/ModuleCache.noindex/os_object-8ZAJM19CTPCSWG740QR9J7FM5.pcm

SwiftExplicitDependencyGeneratePcm arm64 /Users/runner/work/_temp/potato-derived/ModuleCache.noindex/MachO-D10H0J5SJ2GJV4O0Q51JLKBI2.pcm

SwiftExplicitDependencyGeneratePcm x86_64 /Users/runner/work/_temp/potato-derived/ModuleCache.noindex/os_workgroup-83IGWOPSCX1RNNO4QYQB4LGV1.pcm

SwiftExplicitDependencyGeneratePcm arm64 /Users/runner/work/_temp/potato-derived/ModuleCache.noindex/CoreFoundation-CH6OYAGY7P472B1MPVMCTLWTH.pcm

SwiftExplicitDependencyGeneratePcm arm64 /Users/runner/work/_temp/potato-derived/ModuleCache.noindex/XPC-97XY265Q0I7QLW1NL4F8AIDPG.pcm

SwiftExplicitDependencyGeneratePcm x86_64 /Users/runner/work/_temp/potato-derived/ModuleCache.noindex/Dispatch-54H7QGOFQ5ZWE5Y2U3APOGXW9.pcm

SwiftExplicitDependencyGeneratePcm arm64 /Users/runner/work/_temp/potato-derived/ModuleCache.noindex/os-EDVH9K9Z1WR08D1Y5B182CWB1.pcm

SwiftExplicitDependencyGeneratePcm arm64 /Users/runner/work/_temp/potato-derived/ModuleCache.noindex/CFNetwork-6RA7F69NFEUDLJEJAGLQTHPBD.pcm

SwiftExplicitDependencyGeneratePcm arm64 /Users/runner/work/_temp/potato-derived/ModuleCache.noindex/CoreAudioTypes-3GRA1GALP66C1D2L777KW8X53.pcm

SwiftExplicitDependencyGeneratePcm arm64 /Users/runner/work/_temp/potato-derived/ModuleCache.noindex/CoreGraphics-6D3MN9TI74FWLGRN59MKMR35Y.pcm

SwiftExplicitDependencyGeneratePcm x86_64 /Users/runner/work/_temp/potato-derived/ModuleCache.noindex/dnssd-JUX31PFBJSD3Z1CX444DLJ2S.pcm

SwiftExplicitDependencyGeneratePcm arm64 /Users/runner/work/_temp/potato-derived/ModuleCache.noindex/CoreAudio-83QKAJWB43G4JGSS4JIM9SY9O.pcm

SwiftExplicitDependencyGeneratePcm x86_64 /Users/runner/work/_temp/potato-derived/ModuleCache.noindex/Spatial-7NB3A97NI5SQGNHC4JXY3YUG6.pcm

SwiftExplicitDependencyGeneratePcm x86_64 /Users/runner/work/_temp/potato-derived/ModuleCache.noindex/CoreFoundation-6G4FLE8GW9I63O4EQYMU8IEM4.pcm

SwiftExplicitDependencyGeneratePcm arm64 /Users/runner/work/_temp/potato-derived/ModuleCache.noindex/dnssd-TASSFV3M02EFLHM38IX3RAO5.pcm

SwiftExplicitDependencyGeneratePcm arm64 /Users/runner/work/_temp/potato-derived/ModuleCache.noindex/ImageIO-E0YKLOSKS8QWDAXJHN3YC6WPZ.pcm

SwiftExplicitDependencyGeneratePcm arm64 /Users/runner/work/_temp/potato-derived/ModuleCache.noindex/CoreText-1YYAIARKPJK4MUA03B02UF05Q.pcm

SwiftExplicitDependencyGeneratePcm x86_64 /Users/runner/work/_temp/potato-derived/ModuleCache.noindex/CoreAudioTypes-7PGGG45CCRLGJD8WN8C5RCXS4.pcm

SwiftExplicitDependencyGeneratePcm x86_64 /Users/runner/work/_temp/potato-derived/ModuleCache.noindex/CoreServices-B45IYX72YJAA12CI23PA9954L.pcm

SwiftExplicitDependencyGeneratePcm x86_64 /Users/runner/work/_temp/potato-derived/ModuleCache.noindex/CoreGraphics-AU9SP4B3DJL3R565YASHS44VF.pcm

SwiftExplicitDependencyGeneratePcm x86_64 /Users/runner/work/_temp/potato-derived/ModuleCache.noindex/CoreAudio-C7N81I8JP6G4RZKWT4E0YND1U.pcm

SwiftExplicitDependencyGeneratePcm x86_64 /Users/runner/work/_temp/potato-derived/ModuleCache.noindex/Security-BVY3JSGZ9XCAHD8VK81SODM9B.pcm

SwiftExplicitDependencyGeneratePcm arm64 /Users/runner/work/_temp/potato-derived/ModuleCache.noindex/Security-67DQNXY9FN98XEN9BHPOZGOVM.pcm

SwiftExplicitDependencyGeneratePcm x86_64 /Users/runner/work/_temp/potato-derived/ModuleCache.noindex/XPC-Q3KJ4B43L2ALUEMCKMYVZD3M.pcm

SwiftExplicitDependencyGeneratePcm x86_64 /Users/runner/work/_temp/potato-derived/ModuleCache.noindex/ImageIO-BI9TATLO6JLPKA64UJKOYDU5H.pcm

SwiftExplicitDependencyGeneratePcm x86_64 /Users/runner/work/_temp/potato-derived/ModuleCache.noindex/CoreText-3A2DC1ET3JAVFTP1ST436XIER.pcm

SwiftExplicitDependencyGeneratePcm x86_64 /Users/runner/work/_temp/potato-derived/ModuleCache.noindex/os-B11SMGJ1D4DG7KZKO47W4847Z.pcm

SwiftExplicitDependencyGeneratePcm arm64 /Users/runner/work/_temp/potato-derived/ModuleCache.noindex/Foundation-2D905M0OQEGX7C87NK28474EZ.pcm

SwiftExplicitDependencyGeneratePcm x86_64 /Users/runner/work/_temp/potato-derived/ModuleCache.noindex/CFNetwork-5E2BTMJ9UQWV1DJBIFRO7DZPX.pcm

SwiftExplicitDependencyGeneratePcm arm64 /Users/runner/work/_temp/potato-derived/ModuleCache.noindex/CoreServices-BRD421FKCZ2JZ5SOF67CJ3WF.pcm

SwiftExplicitDependencyGeneratePcm x86_64 /Users/runner/work/_temp/potato-derived/ModuleCache.noindex/Foundation-B0O36NU483T5IYBSPJX9ZERXG.pcm

SwiftExplicitDependencyGeneratePcm arm64 /Users/runner/work/_temp/potato-derived/ModuleCache.noindex/IOSurface-BMAVPTOKTA57YHLZNOYKILK7S.pcm

SwiftExplicitDependencyGeneratePcm arm64 /Users/runner/work/_temp/potato-derived/ModuleCache.noindex/Network-7XHW0AG2R2N0WJNASWO4POVSM.pcm

SwiftExplicitDependencyGeneratePcm arm64 /Users/runner/work/_temp/potato-derived/ModuleCache.noindex/CoreData-CRGJEMF8IQF9BR85IWHZBD8M4.pcm

SwiftExplicitDependencyGeneratePcm arm64 /Users/runner/work/_temp/potato-derived/ModuleCache.noindex/FileProvider-7IRGEWNFRDP0LB8UIX5XZHGDZ.pcm

SwiftExplicitDependencyGeneratePcm arm64 /Users/runner/work/_temp/potato-derived/ModuleCache.noindex/UniformTypeIdentifiers-83IYQEBHBJYLGLSB2GZEORMK2.pcm

SwiftExplicitDependencyGeneratePcm x86_64 /Users/runner/work/_temp/potato-derived/ModuleCache.noindex/CoreData-ERQK8L3JZUX5CZ68VA0T2LCJP.pcm

SwiftExplicitDependencyGeneratePcm x86_64 /Users/runner/work/_temp/potato-derived/ModuleCache.noindex/Network-E55D02PFPAFFR2FPG88FFU4O6.pcm

SwiftExplicitDependencyGeneratePcm x86_64 /Users/runner/work/_temp/potato-derived/ModuleCache.noindex/UserNotifications-AHK2CEJF5XK2S36ZHVDU1IEF9.pcm

SwiftExplicitDependencyGeneratePcm x86_64 /Users/runner/work/_temp/potato-derived/ModuleCache.noindex/Symbols-8F3ELQQEXJJ04EREONWIP7GQM.pcm

SwiftExplicitDependencyGeneratePcm x86_64 /Users/runner/work/_temp/potato-derived/ModuleCache.noindex/IOSurface-6JBT670XJNYMLZKP491PAFS1I.pcm

SwiftExplicitDependencyGeneratePcm x86_64 /Users/runner/work/_temp/potato-derived/ModuleCache.noindex/DataDetection-7GRQ3O8PS7BWI9MZGJ0MQP14A.pcm

SwiftExplicitDependencyGeneratePcm x86_64 /Users/runner/work/_temp/potato-derived/ModuleCache.noindex/Accessibility-6Y09I09VNGWXC8LLJ4VC7GL89.pcm

SwiftExplicitDependencyGeneratePcm x86_64 /Users/runner/work/_temp/potato-derived/ModuleCache.noindex/AVRouting-74B1FOWT55W5FUOWJ8HVVRFZZ.pcm

SwiftExplicitDependencyGeneratePcm x86_64 /Users/runner/work/_temp/potato-derived/ModuleCache.noindex/FileProvider-DQ2J8TDXYKEHM4AE9K8WSYN97.pcm

SwiftExplicitDependencyGeneratePcm arm64 /Users/runner/work/_temp/potato-derived/ModuleCache.noindex/DataDetection-9QGW0LUXC6NMBLPB11EGXDGB6.pcm

SwiftExplicitDependencyGeneratePcm arm64 /Users/runner/work/_temp/potato-derived/ModuleCache.noindex/Metal-A0RXATK77YFFD641YBF7F4LYO.pcm

SwiftExplicitDependencyGeneratePcm x86_64 /Users/runner/work/_temp/potato-derived/ModuleCache.noindex/CoreTransferable-DFOKIWP1TN162HGOMUP3QT4E.pcm

SwiftExplicitDependencyGeneratePcm x86_64 /Users/runner/work/_temp/potato-derived/ModuleCache.noindex/OSLog-AXFRPWLTASR5K2IFDCMU0AO32.pcm

SwiftExplicitDependencyGeneratePcm arm64 /Users/runner/work/_temp/potato-derived/ModuleCache.noindex/CoreTransferable-7DLKKQE6UL7949QKUKAAD5QSX.pcm

SwiftExplicitDependencyGeneratePcm x86_64 /Users/runner/work/_temp/potato-derived/ModuleCache.noindex/UniformTypeIdentifiers-7FNI92JISWU07W0RO8YEMIP6D.pcm

SwiftExplicitDependencyGeneratePcm arm64 /Users/runner/work/_temp/potato-derived/ModuleCache.noindex/AVRouting-CPG0BNE1GBLWZHPPHF4HI58X3.pcm

SwiftExplicitDependencyGeneratePcm x86_64 /Users/runner/work/_temp/potato-derived/ModuleCache.noindex/Metal-5D8E4335GHRFEOSA5EBAHNOV2.pcm

SwiftExplicitDependencyGeneratePcm arm64 /Users/runner/work/_temp/potato-derived/ModuleCache.noindex/OSLog-701MTRD4FPJGX76XKS71CPGTD.pcm

SwiftExplicitDependencyGeneratePcm arm64 /Users/runner/work/_temp/potato-derived/ModuleCache.noindex/UserNotifications-2U0V7P0CT7QWB0AD8DD5H7FIQ.pcm

SwiftExplicitDependencyGeneratePcm arm64 /Users/runner/work/_temp/potato-derived/ModuleCache.noindex/Symbols-CQ540PG4MP8NT5VJ09XOKO1BB.pcm

SwiftExplicitDependencyGeneratePcm arm64 /Users/runner/work/_temp/potato-derived/ModuleCache.noindex/OpenGLES-D65U02MRR63CXJB9OJZD310UI.pcm

SwiftExplicitDependencyGeneratePcm arm64 /Users/runner/work/_temp/potato-derived/ModuleCache.noindex/UIUtilities-93JSWLFAK5SGI6PWHRTGGWDDI.pcm

SwiftExplicitDependencyGeneratePcm x86_64 /Users/runner/work/_temp/potato-derived/ModuleCache.noindex/CoreMIDI-6N2C84MMCJD60YBJGMPX39PW1.pcm

SwiftExplicitDependencyGeneratePcm arm64 /Users/runner/work/_temp/potato-derived/ModuleCache.noindex/CoreMIDI-M77LCCSH6SQXECE7NPNYVWO9.pcm

SwiftExplicitDependencyGeneratePcm arm64 /Users/runner/work/_temp/potato-derived/ModuleCache.noindex/Accessibility-3HLZZIP7ND8RETJAC5VWZYUG1.pcm

SwiftExplicitDependencyGeneratePcm x86_64 /Users/runner/work/_temp/potato-derived/ModuleCache.noindex/OpenGLES-CTA4FF5OAUXLSEF1W8IFRGO65.pcm

SwiftExplicitDependencyGeneratePcm x86_64 /Users/runner/work/_temp/potato-derived/ModuleCache.noindex/AudioToolbox-A1KIZT7Q5LRLGV4K557EZ8OYK.pcm

SwiftExplicitDependencyGeneratePcm arm64 /Users/runner/work/_temp/potato-derived/ModuleCache.noindex/AudioToolbox-5ZJG0P9OIK7748ZCB3GTPAC20.pcm

SwiftExplicitDependencyGeneratePcm x86_64 /Users/runner/work/_temp/potato-derived/ModuleCache.noindex/UIUtilities-1M7P50BFZDX3H62MNF5XPIU8Y.pcm

SwiftExplicitDependencyGeneratePcm x86_64 /Users/runner/work/_temp/potato-derived/ModuleCache.noindex/CoreVideo-3GTY8A7E3QA4IHO4NLX1E6636.pcm

SwiftExplicitDependencyGeneratePcm arm64 /Users/runner/work/_temp/potato-derived/ModuleCache.noindex/CoreVideo-BGLQ62VODJDEGMYZKNGG2S2N7.pcm

SwiftExplicitDependencyGeneratePcm x86_64 /Users/runner/work/_temp/potato-derived/ModuleCache.noindex/CoreImage-EO0RTRAM2JCIX3S49NRTHHFYP.pcm

SwiftExplicitDependencyGeneratePcm x86_64 /Users/runner/work/_temp/potato-derived/ModuleCache.noindex/QuartzCore-L7Y7IQBGEGMT0YBC1GVH9073.pcm

SwiftExplicitDependencyGeneratePcm x86_64 /Users/runner/work/_temp/potato-derived/ModuleCache.noindex/CoreMedia-4NCB1J03649KYRID123MRMQ3J.pcm

SwiftExplicitDependencyGeneratePcm arm64 /Users/runner/work/_temp/potato-derived/ModuleCache.noindex/CoreImage-BOSJISZULPX4A4CA3FY50ASAZ.pcm

SwiftExplicitDependencyGeneratePcm arm64 /Users/runner/work/_temp/potato-derived/ModuleCache.noindex/CoreMedia-1HJSO2235WTSGT09DQPR2ZH61.pcm

SwiftExplicitDependencyGeneratePcm x86_64 /Users/runner/work/_temp/potato-derived/ModuleCache.noindex/SwiftUICore-EBA42HXZMHJ4I9J8F3HA77KBF.pcm

SwiftExplicitDependencyGeneratePcm x86_64 /Users/runner/work/_temp/potato-derived/ModuleCache.noindex/MediaToolbox-B708GBWGUHEVMAT8B04D5Z093.pcm

SwiftExplicitDependencyGeneratePcm x86_64 /Users/runner/work/_temp/potato-derived/ModuleCache.noindex/AVFAudio-8KT2HUJG5D8H7NNE8J3HT94KJ.pcm

SwiftExplicitDependencyGeneratePcm x86_64 /Users/runner/work/_temp/potato-derived/ModuleCache.noindex/UIKit-1CPMLQ1W2NJDV3FMVTMQZDVN2.pcm

SwiftExplicitDependencyGeneratePcm arm64 /Users/runner/work/_temp/potato-derived/ModuleCache.noindex/MediaToolbox-OL1OMM8H94FMUBBG34XJTNY0.pcm

SwiftExplicitDependencyGeneratePcm arm64 /Users/runner/work/_temp/potato-derived/ModuleCache.noindex/AVFAudio-EDW3KR90EG4DUBMV1IDZ69XAS.pcm

SwiftExplicitDependencyGeneratePcm arm64 /Users/runner/work/_temp/potato-derived/ModuleCache.noindex/QuartzCore-EU0NC8R88WZEI3GUJVVFFDK86.pcm

SwiftExplicitDependencyGeneratePcm x86_64 /Users/runner/work/_temp/potato-derived/ModuleCache.noindex/AVFoundation-8EQBKYVIBZLSEKNVLMS18FW68.pcm

SwiftExplicitDependencyGeneratePcm arm64 /Users/runner/work/_temp/potato-derived/ModuleCache.noindex/SwiftUICore-4L7MG0URNPTKA87O4S18C7XEW.pcm

SwiftExplicitDependencyGeneratePcm arm64 /Users/runner/work/_temp/potato-derived/ModuleCache.noindex/AVFoundation-ABRD4HK9VJJLO0R0XCMW42OM4.pcm

SwiftExplicitDependencyGeneratePcm arm64 /Users/runner/work/_temp/potato-derived/ModuleCache.noindex/UIKit-9UNS98O37GVF3GQUHAKCKMZYL.pcm

SwiftExplicitDependencyGeneratePcm x86_64 /Users/runner/work/_temp/potato-derived/ModuleCache.noindex/SwiftUI-69UCWXH8GG2DX5P313DZW6UNS.pcm

SwiftEmitModule normal x86_64 Emitting\ module\ for\ PotatoSupervisor (in target 'PotatoSupervisor' from project 'PotatoSupervisor')

EmitSwiftModule normal x86_64 (in target 'PotatoSupervisor' from project 'PotatoSupervisor')
    cd /Users/runner/work/potato-supervisor/potato-supervisor/ios
    

SwiftCompile normal x86_64 Compiling\ CharacterImage.swift,\ Dialogue.swift,\ Policy.swift /Users/runner/work/potato-supervisor/potato-supervisor/ios/Shared/CharacterImage.swift /Users/runner/work/potato-supervisor/potato-supervisor/ios/Shared/Dialogue.swift /Users/runner/work/potato-supervisor/potato-supervisor/ios/Shared/Policy.swift (in target 'PotatoSupervisor' from project 'PotatoSupervisor')
SwiftCompile normal x86_64 /Users/runner/work/potato-supervisor/potato-supervisor/ios/Shared/CharacterImage.swift (in target 'PotatoSupervisor' from project 'PotatoSupervisor')
    cd /Users/runner/work/potato-supervisor/potato-supervisor/ios
    

SwiftCompile normal x86_64 /Users/runner/work/potato-supervisor/potato-supervisor/ios/Shared/Dialogue.swift (in target 'PotatoSupervisor' from project 'PotatoSupervisor')
    cd /Users/runner/work/potato-supervisor/potato-supervisor/ios
    

SwiftCompile normal x86_64 /Users/runner/work/potato-supervisor/potato-supervisor/ios/Shared/Policy.swift (in target 'PotatoSupervisor' from project 'PotatoSupervisor')
    cd /Users/runner/work/potato-supervisor/potato-supervisor/ios
    

SwiftCompile normal x86_64 Compiling\ StudyContentView.swift,\ StudyDiary.swift,\ StudyModel.swift /Users/runner/work/potato-supervisor/potato-supervisor/ios/App/StudyContentView.swift /Users/runner/work/potato-supervisor/potato-supervisor/ios/App/StudyDiary.swift /Users/runner/work/potato-supervisor/potato-supervisor/ios/App/StudyModel.swift (in target 'PotatoSupervisor' from project 'PotatoSupervisor')
SwiftCompile normal x86_64 /Users/runner/work/potato-supervisor/potato-supervisor/ios/App/StudyContentView.swift (in target 'PotatoSupervisor' from project 'PotatoSupervisor')
    cd /Users/runner/work/potato-supervisor/potato-supervisor/ios
    

SwiftCompile normal x86_64 /Users/runner/work/potato-supervisor/potato-supervisor/ios/App/StudyDiary.swift (in target 'PotatoSupervisor' from project 'PotatoSupervisor')
    cd /Users/runner/work/potato-supervisor/potato-supervisor/ios
    

SwiftCompile normal x86_64 /Users/runner/work/potato-supervisor/potato-supervisor/ios/App/StudyModel.swift (in target 'PotatoSupervisor' from project 'PotatoSupervisor')
    cd /Users/runner/work/potato-supervisor/potato-supervisor/ios
    

SwiftDriverJobDiscovery normal x86_64 Emitting module for PotatoSupervisor (in target 'PotatoSupervisor' from project 'PotatoSupervisor')

SwiftDriver\ Compilation\ Requirements PotatoSupervisor normal x86_64 com.apple.xcode.tools.swift.compiler (in target 'PotatoSupervisor' from project 'PotatoSupervisor')
    cd /Users/runner/work/potato-supervisor/potato-supervisor/ios
    builtin-Swift-Compilation-Requirements -- /Applications/Xcode_26.5.app/Contents/Developer/Toolchains/XcodeDefault.xctoolchain/usr/bin/swiftc -module-name PotatoSupervisor -Onone @/Users/runner/work/_temp/potato-derived/Build/Intermediates.noindex/PotatoSupervisor.build/Debug-iphonesimulator/PotatoSupervisor.build/Objects-normal/x86_64/PotatoSupervisor.SwiftFileList -DDEBUG -strict-concurrency\=targeted -enable-bare-slash-regex -enable-experimental-feature DebugDescriptionMacro -sdk /Applications/Xcode_26.5.app/Contents/Developer/Platforms/iPhoneSimulator.platform/Developer/SDKs/iPhoneSimulator26.5.sdk -target x86_64-apple-ios17.4-simulator -g -module-cache-path /Users/runner/work/_temp/potato-derived/ModuleCache.noindex -Xfrontend -serialize-debugging-options -enable-testing -index-store-path /Users/runner/work/_temp/potato-derived/Index.noindex/DataStore -swift-version 5 -I /Users/runner/work/_temp/potato-derived/Build/Products/Debug-iphonesimulator -F /Users/runner/work/_temp/potato-derived/Build/Products/Debug-iphonesimulator -emit-localized-strings -emit-localized-strings-path /Users/runner/work/_temp/potato-derived/Build/Intermediates.noindex/PotatoSupervisor.build/Debug-iphonesimulator/PotatoSupervisor.build/Objects-normal/x86_64 -c -j3 -enable-batch-mode -incremental -Xcc -ivfsstatcache -Xcc /Users/runner/work/_temp/potato-derived/SDKStatCaches.noindex/iphonesimulator26.5-23F73-688ef53f1462e2c8f657fdc38a81448ffb7d586738ff35573a713a18216ade27.sdkstatcache -output-file-map /Users/runner/work/_temp/potato-derived/Build/Intermediates.noindex/PotatoSupervisor.build/Debug-iphonesimulator/PotatoSupervisor.build/Objects-normal/x86_64/PotatoSupervisor-OutputFileMap.json -use-frontend-parseable-output -save-temps -no-color-diagnostics -explicit-module-build -module-cache-path /Users/runner/work/_temp/potato-derived/Build/Intermediates.noindex/SwiftExplicitPrecompiledModules -clang-scanner-module-cache-path /Users/runner/work/_temp/potato-derived/ModuleCache.noindex -sdk-module-cache-path /Users/runner/work/_temp/potato-derived/ModuleCache.noindex -serialize-diagnostics -emit-dependencies -emit-module -emit-module-path /Users/runner/work/_temp/potato-derived/Build/Intermediates.noindex/PotatoSupervisor.build/Debug-iphonesimulator/PotatoSupervisor.build/Objects-normal/x86_64/PotatoSupervisor.swiftmodule -validate-clang-modules-once -clang-build-session-file /Users/runner/work/_temp/potato-derived/ModuleCache.noindex/Session.modulevalidation -Xcc -I/Users/runner/work/_temp/potato-derived/Build/Intermediates.noindex/PotatoSupervisor.build/Debug-iphonesimulator/PotatoSupervisor.build/swift-overrides.hmap -emit-const-values -Xfrontend -const-gather-protocols-file -Xfrontend /Users/runner/work/_temp/potato-derived/Build/Intermediates.noindex/PotatoSupervisor.build/Debug-iphonesimulator/PotatoSupervisor.build/Objects-normal/x86_64/PotatoSupervisor_const_extract_protocols.json -Xcc -iquote -Xcc /Users/runner/work/_temp/potato-derived/Build/Intermediates.noindex/PotatoSupervisor.build/Debug-iphonesimulator/PotatoSupervisor.build/PotatoSupervisor-generated-files.hmap -Xcc -I/Users/runner/work/_temp/potato-derived/Build/Intermediates.noindex/PotatoSupervisor.build/Debug-iphonesimulator/PotatoSupervisor.build/PotatoSupervisor-own-target-headers.hmap -Xcc -I/Users/runner/work/_temp/potato-derived/Build/Intermediates.noindex/PotatoSupervisor.build/Debug-iphonesimulator/PotatoSupervisor.build/PotatoSupervisor-all-target-headers.hmap -Xcc -iquote -Xcc /Users/runner/work/_temp/potato-derived/Build/Intermediates.noindex/PotatoSupervisor.build/Debug-iphonesimulator/PotatoSupervisor.build/PotatoSupervisor-project-headers.hmap -Xcc -I/Users/runner/work/_temp/potato-derived/Build/Products/Debug-iphonesimulator/include -Xcc -I/Users/runner/work/_temp/potato-derived/Build/Intermediates.noindex/PotatoSupervisor.build/Debug-iphonesimulator/PotatoSupervisor.build/DerivedSources-normal/x86_64 -Xcc -I/Users/runner/work/_temp/potato-derived/Build/Intermediates.noindex/PotatoSupervisor.build/Debug-iphonesimulator/PotatoSupervisor.build/DerivedSources/x86_64 -Xcc -I/Users/runner/work/_temp/potato-derived/Build/Intermediates.noindex/PotatoSupervisor.build/Debug-iphonesimulator/PotatoSupervisor.build/DerivedSources -emit-objc-header -emit-objc-header-path /Users/runner/work/_temp/potato-derived/Build/Intermediates.noindex/PotatoSupervisor.build/Debug-iphonesimulator/PotatoSupervisor.build/Objects-normal/x86_64/PotatoSupervisor-Swift.h -working-directory /Users/runner/work/potato-supervisor/potato-supervisor/ios -experimental-emit-module-separately -disable-cmo

SwiftExplicitDependencyGeneratePcm arm64 /Users/runner/work/_temp/potato-derived/ModuleCache.noindex/SwiftUI-2VETX0S4USH9VJW14Q79OO07W.pcm

Copy /Users/runner/work/_temp/potato-derived/Build/Products/Debug-iphonesimulator/PotatoSupervisor.swiftmodule/x86_64-apple-ios-simulator.swiftmodule /Users/runner/work/_temp/potato-derived/Build/Intermediates.noindex/PotatoSupervisor.build/Debug-iphonesimulator/PotatoSupervisor.build/Objects-normal/x86_64/PotatoSupervisor.swiftmodule (in target 'PotatoSupervisor' from project 'PotatoSupervisor')
    cd /Users/runner/work/potato-supervisor/potato-supervisor/ios
    builtin-copy -exclude .DS_Store -exclude CVS -exclude .svn -exclude .git -exclude .hg -strip-unsigned-binaries -strip-deterministic -strip-tool /Applications/Xcode_26.5.app/Contents/Developer/Toolchains/XcodeDefault.xctoolchain/usr/bin/strip -resolve-src-symlinks -rename /Users/runner/work/_temp/potato-derived/Build/Intermediates.noindex/PotatoSupervisor.build/Debug-iphonesimulator/PotatoSupervisor.build/Objects-normal/x86_64/PotatoSupervisor.swiftmodule /Users/runner/work/_temp/potato-derived/Build/Products/Debug-iphonesimulator/PotatoSupervisor.swiftmodule/x86_64-apple-ios-simulator.swiftmodule

SwiftEmitModule normal arm64 Emitting\ module\ for\ PotatoSupervisor (in target 'PotatoSupervisor' from project 'PotatoSupervisor')

EmitSwiftModule normal arm64 (in target 'PotatoSupervisor' from project 'PotatoSupervisor')
    cd /Users/runner/work/potato-supervisor/potato-supervisor/ios
    

Copy /Users/runner/work/_temp/potato-derived/Build/Products/Debug-iphonesimulator/PotatoSupervisor.swiftmodule/x86_64-apple-ios-simulator.swiftdoc /Users/runner/work/_temp/potato-derived/Build/Intermediates.noindex/PotatoSupervisor.build/Debug-iphonesimulator/PotatoSupervisor.build/Objects-normal/x86_64/PotatoSupervisor.swiftdoc (in target 'PotatoSupervisor' from project 'PotatoSupervisor')
    cd /Users/runner/work/potato-supervisor/potato-supervisor/ios
    builtin-copy -exclude .DS_Store -exclude CVS -exclude .svn -exclude .git -exclude .hg -strip-unsigned-binaries -strip-deterministic -strip-tool /Applications/Xcode_26.5.app/Contents/Developer/Toolchains/XcodeDefault.xctoolchain/usr/bin/strip -resolve-src-symlinks -rename /Users/runner/work/_temp/potato-derived/Build/Intermediates.noindex/PotatoSupervisor.build/Debug-iphonesimulator/PotatoSupervisor.build/Objects-normal/x86_64/PotatoSupervisor.swiftdoc /Users/runner/work/_temp/potato-derived/Build/Products/Debug-iphonesimulator/PotatoSupervisor.swiftmodule/x86_64-apple-ios-simulator.swiftdoc

SwiftDriverJobDiscovery normal arm64 Emitting module for PotatoSupervisor (in target 'PotatoSupervisor' from project 'PotatoSupervisor')

SwiftDriver\ Compilation\ Requirements PotatoSupervisor normal arm64 com.apple.xcode.tools.swift.compiler (in target 'PotatoSupervisor' from project 'PotatoSupervisor')
    cd /Users/runner/work/potato-supervisor/potato-supervisor/ios
    builtin-Swift-Compilation-Requirements -- /Applications/Xcode_26.5.app/Contents/Developer/Toolchains/XcodeDefault.xctoolchain/usr/bin/swiftc -module-name PotatoSupervisor -Onone @/Users/runner/work/_temp/potato-derived/Build/Intermediates.noindex/PotatoSupervisor.build/Debug-iphonesimulator/PotatoSupervisor.build/Objects-normal/arm64/PotatoSupervisor.SwiftFileList -DDEBUG -strict-concurrency\=targeted -enable-bare-slash-regex -enable-experimental-feature DebugDescriptionMacro -sdk /Applications/Xcode_26.5.app/Contents/Developer/Platforms/iPhoneSimulator.platform/Developer/SDKs/iPhoneSimulator26.5.sdk -target arm64-apple-ios17.4-simulator -g -module-cache-path /Users/runner/work/_temp/potato-derived/ModuleCache.noindex -Xfrontend -serialize-debugging-options -enable-testing -index-store-path /Users/runner/work/_temp/potato-derived/Index.noindex/DataStore -swift-version 5 -I /Users/runner/work/_temp/potato-derived/Build/Products/Debug-iphonesimulator -F /Users/runner/work/_temp/potato-derived/Build/Products/Debug-iphonesimulator -emit-localized-strings -emit-localized-strings-path /Users/runner/work/_temp/potato-derived/Build/Intermediates.noindex/PotatoSupervisor.build/Debug-iphonesimulator/PotatoSupervisor.build/Objects-normal/arm64 -c -j3 -enable-batch-mode -incremental -Xcc -ivfsstatcache -Xcc /Users/runner/work/_temp/potato-derived/SDKStatCaches.noindex/iphonesimulator26.5-23F73-688ef53f1462e2c8f657fdc38a81448ffb7d586738ff35573a713a18216ade27.sdkstatcache -output-file-map /Users/runner/work/_temp/potato-derived/Build/Intermediates.noindex/PotatoSupervisor.build/Debug-iphonesimulator/PotatoSupervisor.build/Objects-normal/arm64/PotatoSupervisor-OutputFileMap.json -use-frontend-parseable-output -save-temps -no-color-diagnostics -explicit-module-build -module-cache-path /Users/runner/work/_temp/potato-derived/Build/Intermediates.noindex/SwiftExplicitPrecompiledModules -clang-scanner-module-cache-path /Users/runner/work/_temp/potato-derived/ModuleCache.noindex -sdk-module-cache-path /Users/runner/work/_temp/potato-derived/ModuleCache.noindex -serialize-diagnostics -emit-dependencies -emit-module -emit-module-path /Users/runner/work/_temp/potato-derived/Build/Intermediates.noindex/PotatoSupervisor.build/Debug-iphonesimulator/PotatoSupervisor.build/Objects-normal/arm64/PotatoSupervisor.swiftmodule -validate-clang-modules-once -clang-build-session-file /Users/runner/work/_temp/potato-derived/ModuleCache.noindex/Session.modulevalidation -Xcc -I/Users/runner/work/_temp/potato-derived/Build/Intermediates.noindex/PotatoSupervisor.build/Debug-iphonesimulator/PotatoSupervisor.build/swift-overrides.hmap -emit-const-values -Xfrontend -const-gather-protocols-file -Xfrontend /Users/runner/work/_temp/potato-derived/Build/Intermediates.noindex/PotatoSupervisor.build/Debug-iphonesimulator/PotatoSupervisor.build/Objects-normal/arm64/PotatoSupervisor_const_extract_protocols.json -Xcc -iquote -Xcc /Users/runner/work/_temp/potato-derived/Build/Intermediates.noindex/PotatoSupervisor.build/Debug-iphonesimulator/PotatoSupervisor.build/PotatoSupervisor-generated-files.hmap -Xcc -I/Users/runner/work/_temp/potato-derived/Build/Intermediates.noindex/PotatoSupervisor.build/Debug-iphonesimulator/PotatoSupervisor.build/PotatoSupervisor-own-target-headers.hmap -Xcc -I/Users/runner/work/_temp/potato-derived/Build/Intermediates.noindex/PotatoSupervisor.build/Debug-iphonesimulator/PotatoSupervisor.build/PotatoSupervisor-all-target-headers.hmap -Xcc -iquote -Xcc /Users/runner/work/_temp/potato-derived/Build/Intermediates.noindex/PotatoSupervisor.build/Debug-iphonesimulator/PotatoSupervisor.build/PotatoSupervisor-project-headers.hmap -Xcc -I/Users/runner/work/_temp/potato-derived/Build/Products/Debug-iphonesimulator/include -Xcc -I/Users/runner/work/_temp/potato-derived/Build/Intermediates.noindex/PotatoSupervisor.build/Debug-iphonesimulator/PotatoSupervisor.build/DerivedSources-normal/arm64 -Xcc -I/Users/runner/work/_temp/potato-derived/Build/Intermediates.noindex/PotatoSupervisor.build/Debug-iphonesimulator/PotatoSupervisor.build/DerivedSources/arm64 -Xcc -I/Users/runner/work/_temp/potato-derived/Build/Intermediates.noindex/PotatoSupervisor.build/Debug-iphonesimulator/PotatoSupervisor.build/DerivedSources -emit-objc-header -emit-objc-header-path /Users/runner/work/_temp/potato-derived/Build/Intermediates.noindex/PotatoSupervisor.build/Debug-iphonesimulator/PotatoSupervisor.build/Objects-normal/arm64/PotatoSupervisor-Swift.h -working-directory /Users/runner/work/potato-supervisor/potato-supervisor/ios -experimental-emit-module-separately -disable-cmo

Copy /Users/runner/work/_temp/potato-derived/Build/Products/Debug-iphonesimulator/PotatoSupervisor.swiftmodule/x86_64-apple-ios-simulator.abi.json /Users/runner/work/_temp/potato-derived/Build/Intermediates.noindex/PotatoSupervisor.build/Debug-iphonesimulator/PotatoSupervisor.build/Objects-normal/x86_64/PotatoSupervisor.abi.json (in target 'PotatoSupervisor' from project 'PotatoSupervisor')
    cd /Users/runner/work/potato-supervisor/potato-supervisor/ios
    builtin-copy -exclude .DS_Store -exclude CVS -exclude .svn -exclude .git -exclude .hg -strip-unsigned-binaries -strip-deterministic -strip-tool /Applications/Xcode_26.5.app/Contents/Developer/Toolchains/XcodeDefault.xctoolchain/usr/bin/strip -resolve-src-symlinks -rename /Users/runner/work/_temp/potato-derived/Build/Intermediates.noindex/PotatoSupervisor.build/Debug-iphonesimulator/PotatoSupervisor.build/Objects-normal/x86_64/PotatoSupervisor.abi.json /Users/runner/work/_temp/potato-derived/Build/Products/Debug-iphonesimulator/PotatoSupervisor.swiftmodule/x86_64-apple-ios-simulator.abi.json

SwiftMergeGeneratedHeaders /Users/runner/work/_temp/potato-derived/Build/Intermediates.noindex/PotatoSupervisor.build/Debug-iphonesimulator/PotatoSupervisor.build/DerivedSources/PotatoSupervisor-Swift.h /Users/runner/work/_temp/potato-derived/Build/Intermediates.noindex/PotatoSupervisor.build/Debug-iphonesimulator/PotatoSupervisor.build/Objects-normal/arm64/PotatoSupervisor-Swift.h /Users/runner/work/_temp/potato-derived/Build/Intermediates.noindex/PotatoSupervisor.build/Debug-iphonesimulator/PotatoSupervisor.build/Objects-normal/x86_64/PotatoSupervisor-Swift.h (in target 'PotatoSupervisor' from project 'PotatoSupervisor')
    cd /Users/runner/work/potato-supervisor/potato-supervisor/ios
    builtin-swiftHeaderTool -arch arm64 /Users/runner/work/_temp/potato-derived/Build/Intermediates.noindex/PotatoSupervisor.build/Debug-iphonesimulator/PotatoSupervisor.build/Objects-normal/arm64/PotatoSupervisor-Swift.h -arch x86_64 /Users/runner/work/_temp/potato-derived/Build/Intermediates.noindex/PotatoSupervisor.build/Debug-iphonesimulator/PotatoSupervisor.build/Objects-normal/x86_64/PotatoSupervisor-Swift.h -o /Users/runner/work/_temp/potato-derived/Build/Intermediates.noindex/PotatoSupervisor.build/Debug-iphonesimulator/PotatoSupervisor.build/DerivedSources/PotatoSupervisor-Swift.h

Copy /Users/runner/work/_temp/potato-derived/Build/Products/Debug-iphonesimulator/PotatoSupervisor.swiftmodule/arm64-apple-ios-simulator.swiftmodule /Users/runner/work/_temp/potato-derived/Build/Intermediates.noindex/PotatoSupervisor.build/Debug-iphonesimulator/PotatoSupervisor.build/Objects-normal/arm64/PotatoSupervisor.swiftmodule (in target 'PotatoSupervisor' from project 'PotatoSupervisor')
    cd /Users/runner/work/potato-supervisor/potato-supervisor/ios
    builtin-copy -exclude .DS_Store -exclude CVS -exclude .svn -exclude .git -exclude .hg -strip-unsigned-binaries -strip-deterministic -strip-tool /Applications/Xcode_26.5.app/Contents/Developer/Toolchains/XcodeDefault.xctoolchain/usr/bin/strip -resolve-src-symlinks -rename /Users/runner/work/_temp/potato-derived/Build/Intermediates.noindex/PotatoSupervisor.build/Debug-iphonesimulator/PotatoSupervisor.build/Objects-normal/arm64/PotatoSupervisor.swiftmodule /Users/runner/work/_temp/potato-derived/Build/Products/Debug-iphonesimulator/PotatoSupervisor.swiftmodule/arm64-apple-ios-simulator.swiftmodule

Copy /Users/runner/work/_temp/potato-derived/Build/Products/Debug-iphonesimulator/PotatoSupervisor.swiftmodule/arm64-apple-ios-simulator.swiftdoc /Users/runner/work/_temp/potato-derived/Build/Intermediates.noindex/PotatoSupervisor.build/Debug-iphonesimulator/PotatoSupervisor.build/Objects-normal/arm64/PotatoSupervisor.swiftdoc (in target 'PotatoSupervisor' from project 'PotatoSupervisor')
    cd /Users/runner/work/potato-supervisor/potato-supervisor/ios
    builtin-copy -exclude .DS_Store -exclude CVS -exclude .svn -exclude .git -exclude .hg -strip-unsigned-binaries -strip-deterministic -strip-tool /Applications/Xcode_26.5.app/Contents/Developer/Toolchains/XcodeDefault.xctoolchain/usr/bin/strip -resolve-src-symlinks -rename /Users/runner/work/_temp/potato-derived/Build/Intermediates.noindex/PotatoSupervisor.build/Debug-iphonesimulator/PotatoSupervisor.build/Objects-normal/arm64/PotatoSupervisor.swiftdoc /Users/runner/work/_temp/potato-derived/Build/Products/Debug-iphonesimulator/PotatoSupervisor.swiftmodule/arm64-apple-ios-simulator.swiftdoc

Copy /Users/runner/work/_temp/potato-derived/Build/Products/Debug-iphonesimulator/PotatoSupervisor.swiftmodule/arm64-apple-ios-simulator.abi.json /Users/runner/work/_temp/potato-derived/Build/Intermediates.noindex/PotatoSupervisor.build/Debug-iphonesimulator/PotatoSupervisor.build/Objects-normal/arm64/PotatoSupervisor.abi.json (in target 'PotatoSupervisor' from project 'PotatoSupervisor')
    cd /Users/runner/work/potato-supervisor/potato-supervisor/ios
    builtin-copy -exclude .DS_Store -exclude CVS -exclude .svn -exclude .git -exclude .hg -strip-unsigned-binaries -strip-deterministic -strip-tool /Applications/Xcode_26.5.app/Contents/Developer/Toolchains/XcodeDefault.xctoolchain/usr/bin/strip -resolve-src-symlinks -rename /Users/runner/work/_temp/potato-derived/Build/Intermediates.noindex/PotatoSupervisor.build/Debug-iphonesimulator/PotatoSupervisor.build/Objects-normal/arm64/PotatoSupervisor.abi.json /Users/runner/work/_temp/potato-derived/Build/Products/Debug-iphonesimulator/PotatoSupervisor.swiftmodule/arm64-apple-ios-simulator.abi.json

Copy /Users/runner/work/_temp/potato-derived/Build/Products/Debug-iphonesimulator/PotatoSupervisor.swiftmodule/Project/x86_64-apple-ios-simulator.swiftsourceinfo /Users/runner/work/_temp/potato-derived/Build/Intermediates.noindex/PotatoSupervisor.build/Debug-iphonesimulator/PotatoSupervisor.build/Objects-normal/x86_64/PotatoSupervisor.swiftsourceinfo (in target 'PotatoSupervisor' from project 'PotatoSupervisor')
    cd /Users/runner/work/potato-supervisor/potato-supervisor/ios
    builtin-copy -exclude .DS_Store -exclude CVS -exclude .svn -exclude .git -exclude .hg -strip-unsigned-binaries -strip-deterministic -strip-tool /Applications/Xcode_26.5.app/Contents/Developer/Toolchains/XcodeDefault.xctoolchain/usr/bin/strip -resolve-src-symlinks -rename /Users/runner/work/_temp/potato-derived/Build/Intermediates.noindex/PotatoSupervisor.build/Debug-iphonesimulator/PotatoSupervisor.build/Objects-normal/x86_64/PotatoSupervisor.swiftsourceinfo /Users/runner/work/_temp/potato-derived/Build/Products/Debug-iphonesimulator/PotatoSupervisor.swiftmodule/Project/x86_64-apple-ios-simulator.swiftsourceinfo

Copy /Users/runner/work/_temp/potato-derived/Build/Products/Debug-iphonesimulator/PotatoSupervisor.swiftmodule/Project/arm64-apple-ios-simulator.swiftsourceinfo /Users/runner/work/_temp/potato-derived/Build/Intermediates.noindex/PotatoSupervisor.build/Debug-iphonesimulator/PotatoSupervisor.build/Objects-normal/arm64/PotatoSupervisor.swiftsourceinfo (in target 'PotatoSupervisor' from project 'PotatoSupervisor')
    cd /Users/runner/work/potato-supervisor/potato-supervisor/ios
    builtin-copy -exclude .DS_Store -exclude CVS -exclude .svn -exclude .git -exclude .hg -strip-unsigned-binaries -strip-deterministic -strip-tool /Applications/Xcode_26.5.app/Contents/Developer/Toolchains/XcodeDefault.xctoolchain/usr/bin/strip -resolve-src-symlinks -rename /Users/runner/work/_temp/potato-derived/Build/Intermediates.noindex/PotatoSupervisor.build/Debug-iphonesimulator/PotatoSupervisor.build/Objects-normal/arm64/PotatoSupervisor.swiftsourceinfo /Users/runner/work/_temp/potato-derived/Build/Products/Debug-iphonesimulator/PotatoSupervisor.swiftmodule/Project/arm64-apple-ios-simulator.swiftsourceinfo

SwiftCompile normal arm64 Compiling\ StudyContentView.swift,\ StudyDiary.swift,\ StudyModel.swift /Users/runner/work/potato-supervisor/potato-supervisor/ios/App/StudyContentView.swift /Users/runner/work/potato-supervisor/potato-supervisor/ios/App/StudyDiary.swift /Users/runner/work/potato-supervisor/potato-supervisor/ios/App/StudyModel.swift (in target 'PotatoSupervisor' from project 'PotatoSupervisor')
SwiftCompile normal arm64 /Users/runner/work/potato-supervisor/potato-supervisor/ios/App/StudyContentView.swift (in target 'PotatoSupervisor' from project 'PotatoSupervisor')
    cd /Users/runner/work/potato-supervisor/potato-supervisor/ios
    

SwiftCompile normal arm64 /Users/runner/work/potato-supervisor/potato-supervisor/ios/App/StudyDiary.swift (in target 'PotatoSupervisor' from project 'PotatoSupervisor')
    cd /Users/runner/work/potato-supervisor/potato-supervisor/ios
    

SwiftCompile normal arm64 /Users/runner/work/potato-supervisor/potato-supervisor/ios/App/StudyModel.swift (in target 'PotatoSupervisor' from project 'PotatoSupervisor')
    cd /Users/runner/work/potato-supervisor/potato-supervisor/ios
    

SwiftDriverJobDiscovery normal x86_64 Compiling CharacterImage.swift, Dialogue.swift, Policy.swift (in target 'PotatoSupervisor' from project 'PotatoSupervisor')

SwiftCompile normal arm64 Compiling\ ScreenTimeCoordinator.swift,\ SharedStorage.swift,\ PotatoSupervisorApp.swift /Users/runner/work/potato-supervisor/potato-supervisor/ios/Shared/ScreenTimeCoordinator.swift /Users/runner/work/potato-supervisor/potato-supervisor/ios/Shared/SharedStorage.swift /Users/runner/work/potato-supervisor/potato-supervisor/ios/App/PotatoSupervisorApp.swift (in target 'PotatoSupervisor' from project 'PotatoSupervisor')

SwiftCompile normal arm64 /Users/runner/work/potato-supervisor/potato-supervisor/ios/Shared/ScreenTimeCoordinator.swift (in target 'PotatoSupervisor' from project 'PotatoSupervisor')
    cd /Users/runner/work/potato-supervisor/potato-supervisor/ios
    

SwiftCompile normal arm64 /Users/runner/work/potato-supervisor/potato-supervisor/ios/Shared/SharedStorage.swift (in target 'PotatoSupervisor' from project 'PotatoSupervisor')
    cd /Users/runner/work/potato-supervisor/potato-supervisor/ios
    

SwiftCompile normal arm64 /Users/runner/work/potato-supervisor/potato-supervisor/ios/App/PotatoSupervisorApp.swift (in target 'PotatoSupervisor' from project 'PotatoSupervisor')
    cd /Users/runner/work/potato-supervisor/potato-supervisor/ios
    

SwiftCompile normal x86_64 Compiling\ ScreenTimeCoordinator.swift,\ SharedStorage.swift,\ PotatoSupervisorApp.swift /Users/runner/work/potato-supervisor/potato-supervisor/ios/Shared/ScreenTimeCoordinator.swift /Users/runner/work/potato-supervisor/potato-supervisor/ios/Shared/SharedStorage.swift /Users/runner/work/potato-supervisor/potato-supervisor/ios/App/PotatoSupervisorApp.swift (in target 'PotatoSupervisor' from project 'PotatoSupervisor')

SwiftCompile normal x86_64 /Users/runner/work/potato-supervisor/potato-supervisor/ios/Shared/ScreenTimeCoordinator.swift (in target 'PotatoSupervisor' from project 'PotatoSupervisor')
    cd /Users/runner/work/potato-supervisor/potato-supervisor/ios
    

SwiftCompile normal x86_64 /Users/runner/work/potato-supervisor/potato-supervisor/ios/Shared/SharedStorage.swift (in target 'PotatoSupervisor' from project 'PotatoSupervisor')
    cd /Users/runner/work/potato-supervisor/potato-supervisor/ios
    

SwiftCompile normal x86_64 /Users/runner/work/potato-supervisor/potato-supervisor/ios/App/PotatoSupervisorApp.swift (in target 'PotatoSupervisor' from project 'PotatoSupervisor')
    cd /Users/runner/work/potato-supervisor/potato-supervisor/ios
    

SwiftDriverJobDiscovery normal arm64 Compiling ScreenTimeCoordinator.swift, SharedStorage.swift, PotatoSupervisorApp.swift (in target 'PotatoSupervisor' from project 'PotatoSupervisor')

SwiftCompile normal arm64 Compiling\ CharacterImage.swift,\ Dialogue.swift,\ Policy.swift /Users/runner/work/potato-supervisor/potato-supervisor/ios/Shared/CharacterImage.swift /Users/runner/work/potato-supervisor/potato-supervisor/ios/Shared/Dialogue.swift /Users/runner/work/potato-supervisor/potato-supervisor/ios/Shared/Policy.swift (in target 'PotatoSupervisor' from project 'PotatoSupervisor')
SwiftCompile normal arm64 /Users/runner/work/potato-supervisor/potato-supervisor/ios/Shared/CharacterImage.swift (in target 'PotatoSupervisor' from project 'PotatoSupervisor')
    cd /Users/runner/work/potato-supervisor/potato-supervisor/ios
    

SwiftCompile normal arm64 /Users/runner/work/potato-supervisor/potato-supervisor/ios/Shared/Dialogue.swift (in target 'PotatoSupervisor' from project 'PotatoSupervisor')
    cd /Users/runner/work/potato-supervisor/potato-supervisor/ios
    

SwiftCompile normal arm64 /Users/runner/work/potato-supervisor/potato-supervisor/ios/Shared/Policy.swift (in target 'PotatoSupervisor' from project 'PotatoSupervisor')
    cd /Users/runner/work/potato-supervisor/potato-supervisor/ios
    

SwiftDriverJobDiscovery normal x86_64 Compiling ScreenTimeCoordinator.swift, SharedStorage.swift, PotatoSupervisorApp.swift (in target 'PotatoSupervisor' from project 'PotatoSupervisor')

SwiftDriverJobDiscovery normal x86_64 Compiling StudyContentView.swift, StudyDiary.swift, StudyModel.swift (in target 'PotatoSupervisor' from project 'PotatoSupervisor')

SwiftDriver\ Compilation PotatoSupervisor normal x86_64 com.apple.xcode.tools.swift.compiler (in target 'PotatoSupervisor' from project 'PotatoSupervisor')
    cd /Users/runner/work/potato-supervisor/potato-supervisor/ios
    builtin-Swift-Compilation -- /Applications/Xcode_26.5.app/Contents/Developer/Toolchains/XcodeDefault.xctoolchain/usr/bin/swiftc -module-name PotatoSupervisor -Onone @/Users/runner/work/_temp/potato-derived/Build/Intermediates.noindex/PotatoSupervisor.build/Debug-iphonesimulator/PotatoSupervisor.build/Objects-normal/x86_64/PotatoSupervisor.SwiftFileList -DDEBUG -strict-concurrency\=targeted -enable-bare-slash-regex -enable-experimental-feature DebugDescriptionMacro -sdk /Applications/Xcode_26.5.app/Contents/Developer/Platforms/iPhoneSimulator.platform/Developer/SDKs/iPhoneSimulator26.5.sdk -target x86_64-apple-ios17.4-simulator -g -module-cache-path /Users/runner/work/_temp/potato-derived/ModuleCache.noindex -Xfrontend -serialize-debugging-options -enable-testing -index-store-path /Users/runner/work/_temp/potato-derived/Index.noindex/DataStore -swift-version 5 -I /Users/runner/work/_temp/potato-derived/Build/Products/Debug-iphonesimulator -F /Users/runner/work/_temp/potato-derived/Build/Products/Debug-iphonesimulator -emit-localized-strings -emit-localized-strings-path /Users/runner/work/_temp/potato-derived/Build/Intermediates.noindex/PotatoSupervisor.build/Debug-iphonesimulator/PotatoSupervisor.build/Objects-normal/x86_64 -c -j3 -enable-batch-mode -incremental -Xcc -ivfsstatcache -Xcc /Users/runner/work/_temp/potato-derived/SDKStatCaches.noindex/iphonesimulator26.5-23F73-688ef53f1462e2c8f657fdc38a81448ffb7d586738ff35573a713a18216ade27.sdkstatcache -output-file-map /Users/runner/work/_temp/potato-derived/Build/Intermediates.noindex/PotatoSupervisor.build/Debug-iphonesimulator/PotatoSupervisor.build/Objects-normal/x86_64/PotatoSupervisor-OutputFileMap.json -use-frontend-parseable-output -save-temps -no-color-diagnostics -explicit-module-build -module-cache-path /Users/runner/work/_temp/potato-derived/Build/Intermediates.noindex/SwiftExplicitPrecompiledModules -clang-scanner-module-cache-path /Users/runner/work/_temp/potato-derived/ModuleCache.noindex -sdk-module-cache-path /Users/runner/work/_temp/potato-derived/ModuleCache.noindex -serialize-diagnostics -emit-dependencies -emit-module -emit-module-path /Users/runner/work/_temp/potato-derived/Build/Intermediates.noindex/PotatoSupervisor.build/Debug-iphonesimulator/PotatoSupervisor.build/Objects-normal/x86_64/PotatoSupervisor.swiftmodule -validate-clang-modules-once -clang-build-session-file /Users/runner/work/_temp/potato-derived/ModuleCache.noindex/Session.modulevalidation -Xcc -I/Users/runner/work/_temp/potato-derived/Build/Intermediates.noindex/PotatoSupervisor.build/Debug-iphonesimulator/PotatoSupervisor.build/swift-overrides.hmap -emit-const-values -Xfrontend -const-gather-protocols-file -Xfrontend /Users/runner/work/_temp/potato-derived/Build/Intermediates.noindex/PotatoSupervisor.build/Debug-iphonesimulator/PotatoSupervisor.build/Objects-normal/x86_64/PotatoSupervisor_const_extract_protocols.json -Xcc -iquote -Xcc /Users/runner/work/_temp/potato-derived/Build/Intermediates.noindex/PotatoSupervisor.build/Debug-iphonesimulator/PotatoSupervisor.build/PotatoSupervisor-generated-files.hmap -Xcc -I/Users/runner/work/_temp/potato-derived/Build/Intermediates.noindex/PotatoSupervisor.build/Debug-iphonesimulator/PotatoSupervisor.build/PotatoSupervisor-own-target-headers.hmap -Xcc -I/Users/runner/work/_temp/potato-derived/Build/Intermediates.noindex/PotatoSupervisor.build/Debug-iphonesimulator/PotatoSupervisor.build/PotatoSupervisor-all-target-headers.hmap -Xcc -iquote -Xcc /Users/runner/work/_temp/potato-derived/Build/Intermediates.noindex/PotatoSupervisor.build/Debug-iphonesimulator/PotatoSupervisor.build/PotatoSupervisor-project-headers.hmap -Xcc -I/Users/runner/work/_temp/potato-derived/Build/Products/Debug-iphonesimulator/include -Xcc -I/Users/runner/work/_temp/potato-derived/Build/Intermediates.noindex/PotatoSupervisor.build/Debug-iphonesimulator/PotatoSupervisor.build/DerivedSources-normal/x86_64 -Xcc -I/Users/runner/work/_temp/potato-derived/Build/Intermediates.noindex/PotatoSupervisor.build/Debug-iphonesimulator/PotatoSupervisor.build/DerivedSources/x86_64 -Xcc -I/Users/runner/work/_temp/potato-derived/Build/Intermediates.noindex/PotatoSupervisor.build/Debug-iphonesimulator/PotatoSupervisor.build/DerivedSources -emit-objc-header -emit-objc-header-path /Users/runner/work/_temp/potato-derived/Build/Intermediates.noindex/PotatoSupervisor.build/Debug-iphonesimulator/PotatoSupervisor.build/Objects-normal/x86_64/PotatoSupervisor-Swift.h -working-directory /Users/runner/work/potato-supervisor/potato-supervisor/ios -experimental-emit-module-separately -disable-cmo

Ld /Users/runner/work/_temp/potato-derived/Build/Intermediates.noindex/PotatoSupervisor.build/Debug-iphonesimulator/PotatoSupervisor.build/Objects-normal/x86_64/Binary/PotatoSupervisor.debug.dylib normal x86_64 (in target 'PotatoSupervisor' from project 'PotatoSupervisor')
    cd /Users/runner/work/potato-supervisor/potato-supervisor/ios
    /Applications/Xcode_26.5.app/Contents/Developer/Toolchains/XcodeDefault.xctoolchain/usr/bin/clang -Xlinker -reproducible -target x86_64-apple-ios17.4-simulator -dynamiclib -isysroot /Applications/Xcode_26.5.app/Contents/Developer/Platforms/iPhoneSimulator.platform/Developer/SDKs/iPhoneSimulator26.5.sdk -Os -L/Users/runner/work/_temp/potato-derived/Build/Intermediates.noindex/EagerLinkingTBDs/Debug-iphonesimulator -L/Users/runner/work/_temp/potato-derived/Build/Products/Debug-iphonesimulator -F/Users/runner/work/_temp/potato-derived/Build/Intermediates.noindex/EagerLinkingTBDs/Debug-iphonesimulator -F/Users/runner/work/_temp/potato-derived/Build/Products/Debug-iphonesimulator -filelist /Users/runner/work/_temp/potato-derived/Build/Intermediates.noindex/PotatoSupervisor.build/Debug-iphonesimulator/PotatoSupervisor.build/Objects-normal/x86_64/PotatoSupervisor.LinkFileList -install_name @rpath/PotatoSupervisor.debug.dylib -Xlinker -rpath -Xlinker /usr/lib/swift -Xlinker -rpath -Xlinker @executable_path/Frameworks -Xlinker -rpath -Xlinker @executable_path/../../Frameworks -Xlinker -dead_strip -Xlinker -object_path_lto -Xlinker /Users/runner/work/_temp/potato-derived/Build/Intermediates.noindex/PotatoSupervisor.build/Debug-iphonesimulator/PotatoSupervisor.build/Objects-normal/x86_64/PotatoSupervisor_lto.o -rdynamic -Xlinker -objc_abi_version -Xlinker 2 -Xlinker -dependency_info -Xlinker /Users/runner/work/_temp/potato-derived/Build/Intermediates.noindex/PotatoSupervisor.build/Debug-iphonesimulator/PotatoSupervisor.build/Objects-normal/x86_64/PotatoSupervisor_dependency_info.dat -fobjc-link-runtime -L/Applications/Xcode_26.5.app/Contents/Developer/Toolchains/XcodeDefault.xctoolchain/usr/lib/swift/iphonesimulator -L/usr/lib/swift -Xlinker -add_ast_path -Xlinker /Users/runner/work/_temp/potato-derived/Build/Intermediates.noindex/PotatoSupervisor.build/Debug-iphonesimulator/PotatoSupervisor.build/Objects-normal/x86_64/PotatoSupervisor.swiftmodule @/Users/runner/work/_temp/potato-derived/Build/Intermediates.noindex/PotatoSupervisor.build/Debug-iphonesimulator/PotatoSupervisor.build/Objects-normal/x86_64/PotatoSupervisor-linker-args.resp -Xlinker -alias -Xlinker _main -Xlinker ___debug_main_executable_dylib_entry_point -o /Users/runner/work/_temp/potato-derived/Build/Intermediates.noindex/PotatoSupervisor.build/Debug-iphonesimulator/PotatoSupervisor.build/Objects-normal/x86_64/Binary/PotatoSupervisor.debug.dylib

SwiftDriverJobDiscovery normal arm64 Compiling StudyContentView.swift, StudyDiary.swift, StudyModel.swift (in target 'PotatoSupervisor' from project 'PotatoSupervisor')

SwiftDriverJobDiscovery normal arm64 Compiling CharacterImage.swift, Dialogue.swift, Policy.swift (in target 'PotatoSupervisor' from project 'PotatoSupervisor')

SwiftDriver\ Compilation PotatoSupervisor normal arm64 com.apple.xcode.tools.swift.compiler (in target 'PotatoSupervisor' from project 'PotatoSupervisor')
    cd /Users/runner/work/potato-supervisor/potato-supervisor/ios
    builtin-Swift-Compilation -- /Applications/Xcode_26.5.app/Contents/Developer/Toolchains/XcodeDefault.xctoolchain/usr/bin/swiftc -module-name PotatoSupervisor -Onone @/Users/runner/work/_temp/potato-derived/Build/Intermediates.noindex/PotatoSupervisor.build/Debug-iphonesimulator/PotatoSupervisor.build/Objects-normal/arm64/PotatoSupervisor.SwiftFileList -DDEBUG -strict-concurrency\=targeted -enable-bare-slash-regex -enable-experimental-feature DebugDescriptionMacro -sdk /Applications/Xcode_26.5.app/Contents/Developer/Platforms/iPhoneSimulator.platform/Developer/SDKs/iPhoneSimulator26.5.sdk -target arm64-apple-ios17.4-simulator -g -module-cache-path /Users/runner/work/_temp/potato-derived/ModuleCache.noindex -Xfrontend -serialize-debugging-options -enable-testing -index-store-path /Users/runner/work/_temp/potato-derived/Index.noindex/DataStore -swift-version 5 -I /Users/runner/work/_temp/potato-derived/Build/Products/Debug-iphonesimulator -F /Users/runner/work/_temp/potato-derived/Build/Products/Debug-iphonesimulator -emit-localized-strings -emit-localized-strings-path /Users/runner/work/_temp/potato-derived/Build/Intermediates.noindex/PotatoSupervisor.build/Debug-iphonesimulator/PotatoSupervisor.build/Objects-normal/arm64 -c -j3 -enable-batch-mode -incremental -Xcc -ivfsstatcache -Xcc /Users/runner/work/_temp/potato-derived/SDKStatCaches.noindex/iphonesimulator26.5-23F73-688ef53f1462e2c8f657fdc38a81448ffb7d586738ff35573a713a18216ade27.sdkstatcache -output-file-map /Users/runner/work/_temp/potato-derived/Build/Intermediates.noindex/PotatoSupervisor.build/Debug-iphonesimulator/PotatoSupervisor.build/Objects-normal/arm64/PotatoSupervisor-OutputFileMap.json -use-frontend-parseable-output -save-temps -no-color-diagnostics -explicit-module-build -module-cache-path /Users/runner/work/_temp/potato-derived/Build/Intermediates.noindex/SwiftExplicitPrecompiledModules -clang-scanner-module-cache-path /Users/runner/work/_temp/potato-derived/ModuleCache.noindex -sdk-module-cache-path /Users/runner/work/_temp/potato-derived/ModuleCache.noindex -serialize-diagnostics -emit-dependencies -emit-module -emit-module-path /Users/runner/work/_temp/potato-derived/Build/Intermediates.noindex/PotatoSupervisor.build/Debug-iphonesimulator/PotatoSupervisor.build/Objects-normal/arm64/PotatoSupervisor.swiftmodule -validate-clang-modules-once -clang-build-session-file /Users/runner/work/_temp/potato-derived/ModuleCache.noindex/Session.modulevalidation -Xcc -I/Users/runner/work/_temp/potato-derived/Build/Intermediates.noindex/PotatoSupervisor.build/Debug-iphonesimulator/PotatoSupervisor.build/swift-overrides.hmap -emit-const-values -Xfrontend -const-gather-protocols-file -Xfrontend /Users/runner/work/_temp/potato-derived/Build/Intermediates.noindex/PotatoSupervisor.build/Debug-iphonesimulator/PotatoSupervisor.build/Objects-normal/arm64/PotatoSupervisor_const_extract_protocols.json -Xcc -iquote -Xcc /Users/runner/work/_temp/potato-derived/Build/Intermediates.noindex/PotatoSupervisor.build/Debug-iphonesimulator/PotatoSupervisor.build/PotatoSupervisor-generated-files.hmap -Xcc -I/Users/runner/work/_temp/potato-derived/Build/Intermediates.noindex/PotatoSupervisor.build/Debug-iphonesimulator/PotatoSupervisor.build/PotatoSupervisor-own-target-headers.hmap -Xcc -I/Users/runner/work/_temp/potato-derived/Build/Intermediates.noindex/PotatoSupervisor.build/Debug-iphonesimulator/PotatoSupervisor.build/PotatoSupervisor-all-target-headers.hmap -Xcc -iquote -Xcc /Users/runner/work/_temp/potato-derived/Build/Intermediates.noindex/PotatoSupervisor.build/Debug-iphonesimulator/PotatoSupervisor.build/PotatoSupervisor-project-headers.hmap -Xcc -I/Users/runner/work/_temp/potato-derived/Build/Products/Debug-iphonesimulator/include -Xcc -I/Users/runner/work/_temp/potato-derived/Build/Intermediates.noindex/PotatoSupervisor.build/Debug-iphonesimulator/PotatoSupervisor.build/DerivedSources-normal/arm64 -Xcc -I/Users/runner/work/_temp/potato-derived/Build/Intermediates.noindex/PotatoSupervisor.build/Debug-iphonesimulator/PotatoSupervisor.build/DerivedSources/arm64 -Xcc -I/Users/runner/work/_temp/potato-derived/Build/Intermediates.noindex/PotatoSupervisor.build/Debug-iphonesimulator/PotatoSupervisor.build/DerivedSources -emit-objc-header -emit-objc-header-path /Users/runner/work/_temp/potato-derived/Build/Intermediates.noindex/PotatoSupervisor.build/Debug-iphonesimulator/PotatoSupervisor.build/Objects-normal/arm64/PotatoSupervisor-Swift.h -working-directory /Users/runner/work/potato-supervisor/potato-supervisor/ios -experimental-emit-module-separately -disable-cmo

Ld /Users/runner/work/_temp/potato-derived/Build/Intermediates.noindex/PotatoSupervisor.build/Debug-iphonesimulator/PotatoSupervisor.build/Objects-normal/arm64/Binary/PotatoSupervisor.debug.dylib normal arm64 (in target 'PotatoSupervisor' from project 'PotatoSupervisor')
    cd /Users/runner/work/potato-supervisor/potato-supervisor/ios
    /Applications/Xcode_26.5.app/Contents/Developer/Toolchains/XcodeDefault.xctoolchain/usr/bin/clang -Xlinker -reproducible -target arm64-apple-ios17.4-simulator -dynamiclib -isysroot /Applications/Xcode_26.5.app/Contents/Developer/Platforms/iPhoneSimulator.platform/Developer/SDKs/iPhoneSimulator26.5.sdk -Os -L/Users/runner/work/_temp/potato-derived/Build/Intermediates.noindex/EagerLinkingTBDs/Debug-iphonesimulator -L/Users/runner/work/_temp/potato-derived/Build/Products/Debug-iphonesimulator -F/Users/runner/work/_temp/potato-derived/Build/Intermediates.noindex/EagerLinkingTBDs/Debug-iphonesimulator -F/Users/runner/work/_temp/potato-derived/Build/Products/Debug-iphonesimulator -filelist /Users/runner/work/_temp/potato-derived/Build/Intermediates.noindex/PotatoSupervisor.build/Debug-iphonesimulator/PotatoSupervisor.build/Objects-normal/arm64/PotatoSupervisor.LinkFileList -install_name @rpath/PotatoSupervisor.debug.dylib -Xlinker -rpath -Xlinker /usr/lib/swift -Xlinker -rpath -Xlinker @executable_path/Frameworks -Xlinker -rpath -Xlinker @executable_path/../../Frameworks -Xlinker -dead_strip -Xlinker -object_path_lto -Xlinker /Users/runner/work/_temp/potato-derived/Build/Intermediates.noindex/PotatoSupervisor.build/Debug-iphonesimulator/PotatoSupervisor.build/Objects-normal/arm64/PotatoSupervisor_lto.o -rdynamic -Xlinker -objc_abi_version -Xlinker 2 -Xlinker -dependency_info -Xlinker /Users/runner/work/_temp/potato-derived/Build/Intermediates.noindex/PotatoSupervisor.build/Debug-iphonesimulator/PotatoSupervisor.build/Objects-normal/arm64/PotatoSupervisor_dependency_info.dat -fobjc-link-runtime -L/Applications/Xcode_26.5.app/Contents/Developer/Toolchains/XcodeDefault.xctoolchain/usr/lib/swift/iphonesimulator -L/usr/lib/swift -Xlinker -add_ast_path -Xlinker /Users/runner/work/_temp/potato-derived/Build/Intermediates.noindex/PotatoSupervisor.build/Debug-iphonesimulator/PotatoSupervisor.build/Objects-normal/arm64/PotatoSupervisor.swiftmodule @/Users/runner/work/_temp/potato-derived/Build/Intermediates.noindex/PotatoSupervisor.build/Debug-iphonesimulator/PotatoSupervisor.build/Objects-normal/arm64/PotatoSupervisor-linker-args.resp -Xlinker -alias -Xlinker _main -Xlinker ___debug_main_executable_dylib_entry_point -o /Users/runner/work/_temp/potato-derived/Build/Intermediates.noindex/PotatoSupervisor.build/Debug-iphonesimulator/PotatoSupervisor.build/Objects-normal/arm64/Binary/PotatoSupervisor.debug.dylib

ConstructStubExecutorLinkFileList /Users/runner/work/_temp/potato-derived/Build/Intermediates.noindex/PotatoSupervisor.build/Debug-iphonesimulator/PotatoSupervisor.build/PotatoSupervisor-ExecutorLinkFileList-normal-x86_64.txt (in target 'PotatoSupervisor' from project 'PotatoSupervisor')
    cd /Users/runner/work/potato-supervisor/potato-supervisor/ios
    construct-stub-executor-link-file-list /Users/runner/work/_temp/potato-derived/Build/Intermediates.noindex/PotatoSupervisor.build/Debug-iphonesimulator/PotatoSupervisor.build/Objects-normal/x86_64/Binary/PotatoSupervisor.debug.dylib /Applications/Xcode_26.5.app/Contents/Developer/Platforms/iPhoneSimulator.platform/Developer/usr/lib/libPreviewsJITStubExecutor_no_swift_entry_point.a /Applications/Xcode_26.5.app/Contents/Developer/Platforms/iPhoneSimulator.platform/Developer/usr/lib/libPreviewsJITStubExecutor.a --output /Users/runner/work/_temp/potato-derived/Build/Intermediates.noindex/PotatoSupervisor.build/Debug-iphonesimulator/PotatoSupervisor.build/PotatoSupervisor-ExecutorLinkFileList-normal-x86_64.txt
note: Using stub executor library with Swift entry point. (in target 'PotatoSupervisor' from project 'PotatoSupervisor')

Ld /Users/runner/work/_temp/potato-derived/Build/Intermediates.noindex/PotatoSupervisor.build/Debug-iphonesimulator/PotatoSupervisor.build/Objects-normal/x86_64/Binary/PotatoSupervisor normal x86_64 (in target 'PotatoSupervisor' from project 'PotatoSupervisor')
    cd /Users/runner/work/potato-supervisor/potato-supervisor/ios
    /Applications/Xcode_26.5.app/Contents/Developer/Toolchains/XcodeDefault.xctoolchain/usr/bin/clang -Xlinker -reproducible -target x86_64-apple-ios17.4-simulator -isysroot /Applications/Xcode_26.5.app/Contents/Developer/Platforms/iPhoneSimulator.platform/Developer/SDKs/iPhoneSimulator26.5.sdk -Os -L/Users/runner/work/_temp/potato-derived/Build/Products/Debug-iphonesimulator -F/Users/runner/work/_temp/potato-derived/Build/Products/Debug-iphonesimulator -Xlinker -rpath -Xlinker @executable_path -Xlinker -rpath -Xlinker @executable_path/Frameworks -Xlinker -rpath -Xlinker @executable_path/../../Frameworks -rdynamic -Xlinker -objc_abi_version -Xlinker 2 -e ___debug_blank_executor_main -Xlinker -sectcreate -Xlinker __TEXT -Xlinker __debug_dylib -Xlinker /Users/runner/work/_temp/potato-derived/Build/Intermediates.noindex/PotatoSupervisor.build/Debug-iphonesimulator/PotatoSupervisor.build/PotatoSupervisor-DebugDylibPath-normal-x86_64.txt -Xlinker -sectcreate -Xlinker __TEXT -Xlinker __debug_instlnm -Xlinker /Users/runner/work/_temp/potato-derived/Build/Intermediates.noindex/PotatoSupervisor.build/Debug-iphonesimulator/PotatoSupervisor.build/PotatoSupervisor-DebugDylibInstallName-normal-x86_64.txt -Xlinker -filelist -Xlinker /Users/runner/work/_temp/potato-derived/Build/Intermediates.noindex/PotatoSupervisor.build/Debug-iphonesimulator/PotatoSupervisor.build/PotatoSupervisor-ExecutorLinkFileList-normal-x86_64.txt /Users/runner/work/_temp/potato-derived/Build/Intermediates.noindex/PotatoSupervisor.build/Debug-iphonesimulator/PotatoSupervisor.build/Objects-normal/x86_64/Binary/PotatoSupervisor.debug.dylib -o /Users/runner/work/_temp/potato-derived/Build/Intermediates.noindex/PotatoSupervisor.build/Debug-iphonesimulator/PotatoSupervisor.build/Objects-normal/x86_64/Binary/PotatoSupervisor

ConstructStubExecutorLinkFileList /Users/runner/work/_temp/potato-derived/Build/Intermediates.noindex/PotatoSupervisor.build/Debug-iphonesimulator/PotatoSupervisor.build/PotatoSupervisor-ExecutorLinkFileList-normal-arm64.txt (in target 'PotatoSupervisor' from project 'PotatoSupervisor')
    cd /Users/runner/work/potato-supervisor/potato-supervisor/ios
    construct-stub-executor-link-file-list /Users/runner/work/_temp/potato-derived/Build/Intermediates.noindex/PotatoSupervisor.build/Debug-iphonesimulator/PotatoSupervisor.build/Objects-normal/arm64/Binary/PotatoSupervisor.debug.dylib /Applications/Xcode_26.5.app/Contents/Developer/Platforms/iPhoneSimulator.platform/Developer/usr/lib/libPreviewsJITStubExecutor_no_swift_entry_point.a /Applications/Xcode_26.5.app/Contents/Developer/Platforms/iPhoneSimulator.platform/Developer/usr/lib/libPreviewsJITStubExecutor.a --output /Users/runner/work/_temp/potato-derived/Build/Intermediates.noindex/PotatoSupervisor.build/Debug-iphonesimulator/PotatoSupervisor.build/PotatoSupervisor-ExecutorLinkFileList-normal-arm64.txt
note: Using stub executor library with Swift entry point. (in target 'PotatoSupervisor' from project 'PotatoSupervisor')

CreateUniversalBinary /Users/runner/work/_temp/potato-derived/Build/Products/Debug-iphonesimulator/PotatoSupervisor.app/PotatoSupervisor.debug.dylib normal arm64\ x86_64 (in target 'PotatoSupervisor' from project 'PotatoSupervisor')
    cd /Users/runner/work/potato-supervisor/potato-supervisor/ios
    /Applications/Xcode_26.5.app/Contents/Developer/Toolchains/XcodeDefault.xctoolchain/usr/bin/lipo -create /Users/runner/work/_temp/potato-derived/Build/Intermediates.noindex/PotatoSupervisor.build/Debug-iphonesimulator/PotatoSupervisor.build/Objects-normal/arm64/Binary/PotatoSupervisor.debug.dylib /Users/runner/work/_temp/potato-derived/Build/Intermediates.noindex/PotatoSupervisor.build/Debug-iphonesimulator/PotatoSupervisor.build/Objects-normal/x86_64/Binary/PotatoSupervisor.debug.dylib -output /Users/runner/work/_temp/potato-derived/Build/Products/Debug-iphonesimulator/PotatoSupervisor.app/PotatoSupervisor.debug.dylib

Ld /Users/runner/work/_temp/potato-derived/Build/Intermediates.noindex/PotatoSupervisor.build/Debug-iphonesimulator/PotatoSupervisor.build/Objects-normal/arm64/Binary/PotatoSupervisor normal arm64 (in target 'PotatoSupervisor' from project 'PotatoSupervisor')
    cd /Users/runner/work/potato-supervisor/potato-supervisor/ios
    /Applications/Xcode_26.5.app/Contents/Developer/Toolchains/XcodeDefault.xctoolchain/usr/bin/clang -Xlinker -reproducible -target arm64-apple-ios17.4-simulator -isysroot /Applications/Xcode_26.5.app/Contents/Developer/Platforms/iPhoneSimulator.platform/Developer/SDKs/iPhoneSimulator26.5.sdk -Os -L/Users/runner/work/_temp/potato-derived/Build/Products/Debug-iphonesimulator -F/Users/runner/work/_temp/potato-derived/Build/Products/Debug-iphonesimulator -Xlinker -rpath -Xlinker @executable_path -Xlinker -rpath -Xlinker @executable_path/Frameworks -Xlinker -rpath -Xlinker @executable_path/../../Frameworks -rdynamic -Xlinker -objc_abi_version -Xlinker 2 -e ___debug_blank_executor_main -Xlinker -sectcreate -Xlinker __TEXT -Xlinker __debug_dylib -Xlinker /Users/runner/work/_temp/potato-derived/Build/Intermediates.noindex/PotatoSupervisor.build/Debug-iphonesimulator/PotatoSupervisor.build/PotatoSupervisor-DebugDylibPath-normal-arm64.txt -Xlinker -sectcreate -Xlinker __TEXT -Xlinker __debug_instlnm -Xlinker /Users/runner/work/_temp/potato-derived/Build/Intermediates.noindex/PotatoSupervisor.build/Debug-iphonesimulator/PotatoSupervisor.build/PotatoSupervisor-DebugDylibInstallName-normal-arm64.txt -Xlinker -filelist -Xlinker /Users/runner/work/_temp/potato-derived/Build/Intermediates.noindex/PotatoSupervisor.build/Debug-iphonesimulator/PotatoSupervisor.build/PotatoSupervisor-ExecutorLinkFileList-normal-arm64.txt /Users/runner/work/_temp/potato-derived/Build/Intermediates.noindex/PotatoSupervisor.build/Debug-iphonesimulator/PotatoSupervisor.build/Objects-normal/arm64/Binary/PotatoSupervisor.debug.dylib -o /Users/runner/work/_temp/potato-derived/Build/Intermediates.noindex/PotatoSupervisor.build/Debug-iphonesimulator/PotatoSupervisor.build/Objects-normal/arm64/Binary/PotatoSupervisor

CreateUniversalBinary /Users/runner/work/_temp/potato-derived/Build/Products/Debug-iphonesimulator/PotatoSupervisor.app/PotatoSupervisor normal arm64\ x86_64 (in target 'PotatoSupervisor' from project 'PotatoSupervisor')
    cd /Users/runner/work/potato-supervisor/potato-supervisor/ios
    /Applications/Xcode_26.5.app/Contents/Developer/Toolchains/XcodeDefault.xctoolchain/usr/bin/lipo -create /Users/runner/work/_temp/potato-derived/Build/Intermediates.noindex/PotatoSupervisor.build/Debug-iphonesimulator/PotatoSupervisor.build/Objects-normal/arm64/Binary/PotatoSupervisor /Users/runner/work/_temp/potato-derived/Build/Intermediates.noindex/PotatoSupervisor.build/Debug-iphonesimulator/PotatoSupervisor.build/Objects-normal/x86_64/Binary/PotatoSupervisor -output /Users/runner/work/_temp/potato-derived/Build/Products/Debug-iphonesimulator/PotatoSupervisor.app/PotatoSupervisor

Copy /Users/runner/work/_temp/potato-derived/Build/Products/Debug-iphonesimulator/PotatoSupervisor.app/PlugIns/StudyShieldConfigurationExtension.appex /Users/runner/work/_temp/potato-derived/Build/Products/Debug-iphonesimulator/StudyShieldConfigurationExtension.appex (in target 'PotatoSupervisor' from project 'PotatoSupervisor')
    cd /Users/runner/work/potato-supervisor/potato-supervisor/ios
    builtin-copy -exclude .DS_Store -exclude CVS -exclude .svn -exclude .git -exclude .hg -exclude Headers -exclude PrivateHeaders -exclude Modules -exclude \*.tbd -strip-unsigned-binaries -strip-deterministic -strip-tool /Applications/Xcode_26.5.app/Contents/Developer/Toolchains/XcodeDefault.xctoolchain/usr/bin/strip -resolve-src-symlinks -remove-static-executable /Users/runner/work/_temp/potato-derived/Build/Products/Debug-iphonesimulator/StudyShieldConfigurationExtension.appex /Users/runner/work/_temp/potato-derived/Build/Products/Debug-iphonesimulator/PotatoSupervisor.app/PlugIns
/Applications/Xcode_26.5.app/Contents/Developer/Toolchains/XcodeDefault.xctoolchain/usr/bin/strip -D -S -no_atom_info /Users/runner/work/_temp/potato-derived/Build/Products/Debug-iphonesimulator/StudyShieldConfigurationExtension.appex/StudyShieldConfigurationExtension -o /Users/runner/work/_temp/potato-derived/Build/Products/Debug-iphonesimulator/PotatoSupervisor.app/PlugIns/StudyShieldConfigurationExtension.appex/StudyShieldConfigurationExtension/Applications/Xcode_26.5.app/Contents/Developer/Toolchains/XcodeDefault.xctoolchain/usr/bin/strip -D -S -no_atom_info /Users/runner/work/_temp/potato-derived/Build/Products/Debug-iphonesimulator/StudyShieldConfigurationExtension.appex/__preview.dylib -o /Users/runner/work/_temp/potato-derived/Build/Products/Debug-iphonesimulator/PotatoSupervisor.app/PlugIns/StudyShieldConfigurationExtension.appex/__preview.dylib/Applications/Xcode_26.5.app/Contents/Developer/Toolchains/XcodeDefault.xctoolchain/usr/bin/strip -D -S -no_atom_info /Users/runner/work/_temp/potato-derived/Build/Products/Debug-iphonesimulator/StudyShieldConfigurationExtension.appex/StudyShieldConfigurationExtension.debug.dylib -o /Users/runner/work/_temp/potato-derived/Build/Products/Debug-iphonesimulator/PotatoSupervisor.app/PlugIns/StudyShieldConfigurationExtension.appex/StudyShieldConfigurationExtension.debug.dylib
Copy /Users/runner/work/_temp/potato-derived/Build/Products/Debug-iphonesimulator/PotatoSupervisor.app/PlugIns/StudyShieldActionExtension.appex /Users/runner/work/_temp/potato-derived/Build/Products/Debug-iphonesimulator/StudyShieldActionExtension.appex (in target 'PotatoSupervisor' from project 'PotatoSupervisor')
    cd /Users/runner/work/potato-supervisor/potato-supervisor/ios
    builtin-copy -exclude .DS_Store -exclude CVS -exclude .svn -exclude .git -exclude .hg -exclude Headers -exclude PrivateHeaders -exclude Modules -exclude \*.tbd -strip-unsigned-binaries -strip-deterministic -strip-tool /Applications/Xcode_26.5.app/Contents/Developer/Toolchains/XcodeDefault.xctoolchain/usr/bin/strip -resolve-src-symlinks -remove-static-executable /Users/runner/work/_temp/potato-derived/Build/Products/Debug-iphonesimulator/StudyShieldActionExtension.appex /Users/runner/work/_temp/potato-derived/Build/Products/Debug-iphonesimulator/PotatoSupervisor.app/PlugIns
/Applications/Xcode_26.5.app/Contents/Developer/Toolchains/XcodeDefault.xctoolchain/usr/bin/strip -D -S -no_atom_info /Users/runner/work/_temp/potato-derived/Build/Products/Debug-iphonesimulator/StudyShieldActionExtension.appex/StudyShieldActionExtension.debug.dylib -o /Users/runner/work/_temp/potato-derived/Build/Products/Debug-iphonesimulator/PotatoSupervisor.app/PlugIns/StudyShieldActionExtension.appex/StudyShieldActionExtension.debug.dylib/Applications/Xcode_26.5.app/Contents/Developer/Toolchains/XcodeDefault.xctoolchain/usr/bin/strip -D -S -no_atom_info /Users/runner/work/_temp/potato-derived/Build/Products/Debug-iphonesimulator/StudyShieldActionExtension.appex/__preview.dylib -o /Users/runner/work/_temp/potato-derived/Build/Products/Debug-iphonesimulator/PotatoSupervisor.app/PlugIns/StudyShieldActionExtension.appex/__preview.dylib/Applications/Xcode_26.5.app/Contents/Developer/Toolchains/XcodeDefault.xctoolchain/usr/bin/strip -D -S -no_atom_info /Users/runner/work/_temp/potato-derived/Build/Products/Debug-iphonesimulator/StudyShieldActionExtension.appex/StudyShieldActionExtension -o /Users/runner/work/_temp/potato-derived/Build/Products/Debug-iphonesimulator/PotatoSupervisor.app/PlugIns/StudyShieldActionExtension.appex/StudyShieldActionExtension

GenerateDSYMFile /Users/runner/work/_temp/potato-derived/Build/Products/Debug-iphonesimulator/PotatoSupervisor.app.dSYM /Users/runner/work/_temp/potato-derived/Build/Products/Debug-iphonesimulator/PotatoSupervisor.app/PotatoSupervisor (in target 'PotatoSupervisor' from project 'PotatoSupervisor')
    cd /Users/runner/work/potato-supervisor/potato-supervisor/ios
    /Applications/Xcode_26.5.app/Contents/Developer/Toolchains/XcodeDefault.xctoolchain/usr/bin/dsymutil -q /Users/runner/work/_temp/potato-derived/Build/Products/Debug-iphonesimulator/PotatoSupervisor.app/PotatoSupervisor -o /Users/runner/work/_temp/potato-derived/Build/Products/Debug-iphonesimulator/PotatoSupervisor.app.dSYM

Copy /Users/runner/work/_temp/potato-derived/Build/Products/Debug-iphonesimulator/PotatoSupervisor.app/PlugIns/StudyMonitorExtension.appex /Users/runner/work/_temp/potato-derived/Build/Products/Debug-iphonesimulator/StudyMonitorExtension.appex (in target 'PotatoSupervisor' from project 'PotatoSupervisor')
    cd /Users/runner/work/potato-supervisor/potato-supervisor/ios
    builtin-copy -exclude .DS_Store -exclude CVS -exclude .svn -exclude .git -exclude .hg -exclude Headers -exclude PrivateHeaders -exclude Modules -exclude \*.tbd -strip-unsigned-binaries -strip-deterministic -strip-tool /Applications/Xcode_26.5.app/Contents/Developer/Toolchains/XcodeDefault.xctoolchain/usr/bin/strip -resolve-src-symlinks -remove-static-executable /Users/runner/work/_temp/potato-derived/Build/Products/Debug-iphonesimulator/StudyMonitorExtension.appex /Users/runner/work/_temp/potato-derived/Build/Products/Debug-iphonesimulator/PotatoSupervisor.app/PlugIns
/Applications/Xcode_26.5.app/Contents/Developer/Toolchains/XcodeDefault.xctoolchain/usr/bin/strip -D -S -no_atom_info /Users/runner/work/_temp/potato-derived/Build/Products/Debug-iphonesimulator/StudyMonitorExtension.appex/StudyMonitorExtension.debug.dylib -o /Users/runner/work/_temp/potato-derived/Build/Products/Debug-iphonesimulator/PotatoSupervisor.app/PlugIns/StudyMonitorExtension.appex/StudyMonitorExtension.debug.dylib/Applications/Xcode_26.5.app/Contents/Developer/Toolchains/XcodeDefault.xctoolchain/usr/bin/strip -D -S -no_atom_info /Users/runner/work/_temp/potato-derived/Build/Products/Debug-iphonesimulator/StudyMonitorExtension.appex/__preview.dylib -o /Users/runner/work/_temp/potato-derived/Build/Products/Debug-iphonesimulator/PotatoSupervisor.app/PlugIns/StudyMonitorExtension.appex/__preview.dylib/Applications/Xcode_26.5.app/Contents/Developer/Toolchains/XcodeDefault.xctoolchain/usr/bin/strip -D -S -no_atom_info /Users/runner/work/_temp/potato-derived/Build/Products/Debug-iphonesimulator/StudyMonitorExtension.appex/StudyMonitorExtension -o /Users/runner/work/_temp/potato-derived/Build/Products/Debug-iphonesimulator/PotatoSupervisor.app/PlugIns/StudyMonitorExtension.appex/StudyMonitorExtension

ProcessInfoPlistFile /Users/runner/work/_temp/potato-derived/Build/Products/Debug-iphonesimulator/PotatoSupervisor.app/Info.plist /Users/runner/work/potato-supervisor/potato-supervisor/ios/Config/PotatoSupervisor-Info.plist (in target 'PotatoSupervisor' from project 'PotatoSupervisor')
    cd /Users/runner/work/potato-supervisor/potato-supervisor/ios
    builtin-infoPlistUtility /Users/runner/work/potato-supervisor/potato-supervisor/ios/Config/PotatoSupervisor-Info.plist -producttype com.apple.product-type.application -genpkginfo /Users/runner/work/_temp/potato-derived/Build/Products/Debug-iphonesimulator/PotatoSupervisor.app/PkgInfo -expandbuildsettings -format binary -platform iphonesimulator -scanforprivacyfile /Users/runner/work/_temp/potato-derived/Build/Products/Debug-iphonesimulator/PotatoSupervisor.app/PlugIns/StudyMonitorExtension.appex -scanforprivacyfile /Users/runner/work/_temp/potato-derived/Build/Products/Debug-iphonesimulator/PotatoSupervisor.app/PlugIns/StudyShieldActionExtension.appex -scanforprivacyfile /Users/runner/work/_temp/potato-derived/Build/Products/Debug-iphonesimulator/PotatoSupervisor.app/PlugIns/StudyShieldConfigurationExtension.appex -o /Users/runner/work/_temp/potato-derived/Build/Products/Debug-iphonesimulator/PotatoSupervisor.app/Info.plist

CopySwiftLibs /Users/runner/work/_temp/potato-derived/Build/Products/Debug-iphonesimulator/PotatoSupervisor.app (in target 'PotatoSupervisor' from project 'PotatoSupervisor')
    cd /Users/runner/work/potato-supervisor/potato-supervisor/ios
    builtin-swiftStdLibTool --copy --verbose --scan-executable /Users/runner/work/_temp/potato-derived/Build/Products/Debug-iphonesimulator/PotatoSupervisor.app/PotatoSupervisor.debug.dylib --scan-folder /Users/runner/work/_temp/potato-derived/Build/Products/Debug-iphonesimulator/PotatoSupervisor.app/Frameworks --scan-folder /Users/runner/work/_temp/potato-derived/Build/Products/Debug-iphonesimulator/PotatoSupervisor.app/PlugIns --scan-folder /Users/runner/work/_temp/potato-derived/Build/Products/Debug-iphonesimulator/PotatoSupervisor.app/SystemExtensions --scan-folder /Users/runner/work/_temp/potato-derived/Build/Products/Debug-iphonesimulator/PotatoSupervisor.app/Extensions --platform iphonesimulator --toolchain /var/run/com.apple.security.cryptexd/mnt/com.apple.MobileAsset.MetalToolchain-v17.6.42.0.NjyK9N/Metal.xctoolchain --toolchain /Applications/Xcode_26.5.app/Contents/Developer/Toolchains/XcodeDefault.xctoolchain --destination /Users/runner/work/_temp/potato-derived/Build/Products/Debug-iphonesimulator/PotatoSupervisor.app/Frameworks --strip-bitcode --strip-bitcode-tool /Applications/Xcode_26.5.app/Contents/Developer/Toolchains/XcodeDefault.xctoolchain/usr/bin/bitcode_strip --emit-dependency-info /Users/runner/work/_temp/potato-derived/Build/Intermediates.noindex/PotatoSupervisor.build/Debug-iphonesimulator/PotatoSupervisor.build/SwiftStdLibToolInputDependencies.dep --filter-for-swift-os --back-deploy-swift-span
Ignoring --strip-bitcode because --sign was not passed

ExtractAppIntentsMetadata (in target 'PotatoSupervisor' from project 'PotatoSupervisor')
    cd /Users/runner/work/potato-supervisor/potato-supervisor/ios
    /Applications/Xcode_26.5.app/Contents/Developer/Toolchains/XcodeDefault.xctoolchain/usr/bin/appintentsmetadataprocessor --toolchain-dir /var/run/com.apple.security.cryptexd/mnt/com.apple.MobileAsset.MetalToolchain-v17.6.42.0.NjyK9N/Metal.xctoolchain --module-name PotatoSupervisor --sdk-root /Applications/Xcode_26.5.app/Contents/Developer/Platforms/iPhoneSimulator.platform/Developer/SDKs/iPhoneSimulator26.5.sdk --xcode-version 17F42 --platform-family iOS --deployment-target 17.4 --bundle-identifier org.example.potatosupervisor --output /Users/runner/work/_temp/potato-derived/Build/Products/Debug-iphonesimulator/PotatoSupervisor.app --target-triple arm64-apple-ios17.4-simulator --target-triple x86_64-apple-ios17.4-simulator --binary-file /Users/runner/work/_temp/potato-derived/Build/Products/Debug-iphonesimulator/PotatoSupervisor.app/PotatoSupervisor --dependency-file /Users/runner/work/_temp/potato-derived/Build/Intermediates.noindex/PotatoSupervisor.build/Debug-iphonesimulator/PotatoSupervisor.build/Objects-normal/arm64/PotatoSupervisor_dependency_info.dat --dependency-file /Users/runner/work/_temp/potato-derived/Build/Intermediates.noindex/PotatoSupervisor.build/Debug-iphonesimulator/PotatoSupervisor.build/Objects-normal/x86_64/PotatoSupervisor_dependency_info.dat --stringsdata-file /Users/runner/work/_temp/potato-derived/Build/Intermediates.noindex/PotatoSupervisor.build/Debug-iphonesimulator/PotatoSupervisor.build/Objects-normal/arm64/ExtractedAppShortcutsMetadata.stringsdata --stringsdata-file /Users/runner/work/_temp/potato-derived/Build/Intermediates.noindex/PotatoSupervisor.build/Debug-iphonesimulator/PotatoSupervisor.build/Objects-normal/x86_64/ExtractedAppShortcutsMetadata.stringsdata --source-file-list /Users/runner/work/_temp/potato-derived/Build/Intermediates.noindex/PotatoSupervisor.build/Debug-iphonesimulator/PotatoSupervisor.build/Objects-normal/arm64/PotatoSupervisor.SwiftFileList --source-file-list /Users/runner/work/_temp/potato-derived/Build/Intermediates.noindex/PotatoSupervisor.build/Debug-iphonesimulator/PotatoSupervisor.build/Objects-normal/x86_64/PotatoSupervisor.SwiftFileList --metadata-file-list /Users/runner/work/_temp/potato-derived/Build/Intermediates.noindex/PotatoSupervisor.build/Debug-iphonesimulator/PotatoSupervisor.build/PotatoSupervisor.DependencyMetadataFileList --static-metadata-file-list /Users/runner/work/_temp/potato-derived/Build/Intermediates.noindex/PotatoSupervisor.build/Debug-iphonesimulator/PotatoSupervisor.build/PotatoSupervisor.DependencyStaticMetadataFileList --swift-const-vals-list /Users/runner/work/_temp/potato-derived/Build/Intermediates.noindex/PotatoSupervisor.build/Debug-iphonesimulator/PotatoSupervisor.build/Objects-normal/arm64/PotatoSupervisor.SwiftConstValuesFileList --swift-const-vals-list /Users/runner/work/_temp/potato-derived/Build/Intermediates.noindex/PotatoSupervisor.build/Debug-iphonesimulator/PotatoSupervisor.build/Objects-normal/x86_64/PotatoSupervisor.SwiftConstValuesFileList --compile-time-extraction --deployment-aware-processing --validate-assistant-intents --no-app-shortcuts-localization
2026-10-07 02:20:33.807 appintentsmetadataprocessor[14286:41972] Starting appintentsmetadataprocessor export
2026-10-07 02:20:33.812 appintentsmetadataprocessor[14286:41972] warning: Metadata extraction skipped. No AppIntents.framework dependency found.

ValidateEmbeddedBinary /Users/runner/work/_temp/potato-derived/Build/Products/Debug-iphonesimulator/PotatoSupervisor.app/PlugIns/StudyShieldConfigurationExtension.appex (in target 'PotatoSupervisor' from project 'PotatoSupervisor')
    cd /Users/runner/work/potato-supervisor/potato-supervisor/ios
    /Applications/Xcode_26.5.app/Contents/Developer/usr/bin/embeddedBinaryValidationUtility /Users/runner/work/_temp/potato-derived/Build/Products/Debug-iphonesimulator/PotatoSupervisor.app/PlugIns/StudyShieldConfigurationExtension.appex -info-plist-path /Users/runner/work/_temp/potato-derived/Build/Products/Debug-iphonesimulator/PotatoSupervisor.app/Info.plist

ValidateEmbeddedBinary /Users/runner/work/_temp/potato-derived/Build/Products/Debug-iphonesimulator/PotatoSupervisor.app/PlugIns/StudyShieldActionExtension.appex (in target 'PotatoSupervisor' from project 'PotatoSupervisor')
    cd /Users/runner/work/potato-supervisor/potato-supervisor/ios
    /Applications/Xcode_26.5.app/Contents/Developer/usr/bin/embeddedBinaryValidationUtility /Users/runner/work/_temp/potato-derived/Build/Products/Debug-iphonesimulator/PotatoSupervisor.app/PlugIns/StudyShieldActionExtension.appex -info-plist-path /Users/runner/work/_temp/potato-derived/Build/Products/Debug-iphonesimulator/PotatoSupervisor.app/Info.plist

ValidateEmbeddedBinary /Users/runner/work/_temp/potato-derived/Build/Products/Debug-iphonesimulator/PotatoSupervisor.app/PlugIns/StudyMonitorExtension.appex (in target 'PotatoSupervisor' from project 'PotatoSupervisor')
    cd /Users/runner/work/potato-supervisor/potato-supervisor/ios
    /Applications/Xcode_26.5.app/Contents/Developer/usr/bin/embeddedBinaryValidationUtility /Users/runner/work/_temp/potato-derived/Build/Products/Debug-iphonesimulator/PotatoSupervisor.app/PlugIns/StudyMonitorExtension.appex -info-plist-path /Users/runner/work/_temp/potato-derived/Build/Products/Debug-iphonesimulator/PotatoSupervisor.app/Info.plist

GenerateDSYMFile /Users/runner/work/_temp/potato-derived/Build/Products/Debug-iphonesimulator/PotatoSupervisor.app.dSYM /Users/runner/work/_temp/potato-derived/Build/Products/Debug-iphonesimulator/PotatoSupervisor.app/PotatoSupervisor.debug.dylib (in target 'PotatoSupervisor' from project 'PotatoSupervisor')
    cd /Users/runner/work/potato-supervisor/potato-supervisor/ios
    /Applications/Xcode_26.5.app/Contents/Developer/Toolchains/XcodeDefault.xctoolchain/usr/bin/dsymutil /Users/runner/work/_temp/potato-derived/Build/Products/Debug-iphonesimulator/PotatoSupervisor.app/PotatoSupervisor.debug.dylib -o /Users/runner/work/_temp/potato-derived/Build/Products/Debug-iphonesimulator/PotatoSupervisor.app.dSYM

AppIntentsSSUTraining (in target 'PotatoSupervisor' from project 'PotatoSupervisor')
    cd /Users/runner/work/potato-supervisor/potato-supervisor/ios
    /Applications/Xcode_26.5.app/Contents/Developer/Toolchains/XcodeDefault.xctoolchain/usr/bin/appintentsnltrainingprocessor --infoplist-path /Users/runner/work/_temp/potato-derived/Build/Products/Debug-iphonesimulator/PotatoSupervisor.app/Info.plist --temp-dir-path /Users/runner/work/_temp/potato-derived/Build/Intermediates.noindex/PotatoSupervisor.build/Debug-iphonesimulator/PotatoSupervisor.build/ssu --bundle-id org.example.potatosupervisor --product-path /Users/runner/work/_temp/potato-derived/Build/Products/Debug-iphonesimulator/PotatoSupervisor.app --extracted-metadata-path /Users/runner/work/_temp/potato-derived/Build/Products/Debug-iphonesimulator/PotatoSupervisor.app/Metadata.appintents --metadata-file-list /Users/runner/work/_temp/potato-derived/Build/Intermediates.noindex/PotatoSupervisor.build/Debug-iphonesimulator/PotatoSupervisor.build/PotatoSupervisor.DependencyMetadataFileList --source-file /Users/runner/work/_temp/potato-derived/Build/Products/Debug-iphonesimulator/PotatoSupervisor.app/Info.plist --archive-ssu-assets
2026-10-07 02:20:36.019 appintentsnltrainingprocessor[14298:42043] Parsing options for appintentsnltrainingprocessor
2026-10-07 02:20:36.021 appintentsnltrainingprocessor[14298:42043] Starting AppIntents SSU YAML Generation
2026-10-07 02:20:36.021 appintentsnltrainingprocessor[14298:42043] No AppShortcuts found - Skipping.

RegisterExecutionPolicyException /Users/runner/work/_temp/potato-derived/Build/Products/Debug-iphonesimulator/PotatoSupervisor.app (in target 'PotatoSupervisor' from project 'PotatoSupervisor')
    cd /Users/runner/work/potato-supervisor/potato-supervisor/ios
    builtin-RegisterExecutionPolicyException /Users/runner/work/_temp/potato-derived/Build/Products/Debug-iphonesimulator/PotatoSupervisor.app

Validate /Users/runner/work/_temp/potato-derived/Build/Products/Debug-iphonesimulator/PotatoSupervisor.app (in target 'PotatoSupervisor' from project 'PotatoSupervisor')
    cd /Users/runner/work/potato-supervisor/potato-supervisor/ios
    builtin-validationUtility /Users/runner/work/_temp/potato-derived/Build/Products/Debug-iphonesimulator/PotatoSupervisor.app -shallow-bundle -infoplist-subpath Info.plist

Touch /Users/runner/work/_temp/potato-derived/Build/Products/Debug-iphonesimulator/PotatoSupervisor.app (in target 'PotatoSupervisor' from project 'PotatoSupervisor')
    cd /Users/runner/work/potato-supervisor/potato-supervisor/ios
    /usr/bin/touch -c /Users/runner/work/_temp/potato-derived/Build/Products/Debug-iphonesimulator/PotatoSupervisor.app

** BUILD SUCCEEDED **

